"pathway","pval","padj","overlap","size","overlapGenes","padj_sig","odds_ratio","pretty_pathway","primary_site","pathway_set"
"HALLMARK_EPITHELIAL_MESENCHYMAL_TRANSITION",9.2405052416979e-13,4.62025262084895e-11,41,195,"ACTA2, ADAM12, BGN, BMP1, CALD1, CDH6, COL12A1, COL16A1, COL3A1, COL4A1, COL4A2, COL5A1, COL5A2, COL5A3, COL6A3, COLGALT1, EFEMP2, GEM, HTRA1, IGFBP2, IGFBP3, ITGA2, ITGA5, ITGB1, JUN, LAMA1, LOXL2, MGP, MXRA5, MYLK, NID2, PDGFRB, PMEPA1, RGS4, RHOB, SNTB1, SPARC, TAGLN, THY1, TNFRSF12A, TPM1",TRUE,4.36728403668896,"EPITHELIAL MESENCHYMAL TRANSITION","ParenchymalBreast","MSigDBHallmark"
"HALLMARK_APICAL_JUNCTION",5.17456308222739e-09,1.29364077055685e-07,34,188,"ADAM15, ADRA1B, AKT3, AMIGO2, BMP1, CD276, CD34, CDH6, CLDN15, CLDN7, COL16A1, CTNND1, CX3CL1, GNAI2, INPPL1, IRS1, ITGA2, ITGB1, JAM3, MADCAM1, MAPK11, MYH9, NF1, NFASC, PARVA, PCDH1, PTK2, SORBS3, TAOK2, THY1, TRO, VCL, VWF, WNK4",TRUE,3.60989570335864,"APICAL JUNCTION","ParenchymalBreast","MSigDBHallmark"
"HALLMARK_MYOGENESIS",3.65889403495082e-06,6.09815672491803e-05,29,193,"ADAM12, AEBP1, AGRN, APLNR, CACNA1H, CD36, CDH13, COL15A1, COL3A1, COL4A2, COL6A3, DMPK, GJA5, GSN, HDAC5, IGFBP3, IGFBP7, ITGA7, ITGB1, KIFC3, MEF2C, MYH4, MYH9, MYLK, PDLIM7, SMTN, SORBS3, SPARC, TAGLN",TRUE,2.88584223923603,"MYOGENESIS","ParenchymalBreast","MSigDBHallmark"
"HALLMARK_MITOTIC_SPINDLE",4.21971132774479e-05,0.000527463915968098,27,197,"ARAP3, ARHGAP29, CDC42EP1, CDC42EP4, CENPJ, CLIP2, CYTH2, DOCK4, FARP1, GSN, MAP1S, MARCKS, MYH9, MYO1E, NCK2, NEDD9, NF1, NIN, NUMA1, PKD2, PLEKHG2, PREX1, RASAL2, SHROOM1, TAOK2, TRIO, VCL",TRUE,2.59052542040175,"MITOTIC SPINDLE","ParenchymalBreast","MSigDBHallmark"
"HALLMARK_ANGIOGENESIS",0.00102117357143154,0.0102117357143154,8,36,"COL3A1, COL5A2, FGFR1, JAG2, KCNJ8, LPL, NRP1, PTK2",TRUE,4.75131596470201,"ANGIOGENESIS","ParenchymalBreast","MSigDBHallmark"
"HALLMARK_HEDGEHOG_SIGNALING",0.00332736257288464,0.0239567407658404,7,34,"CDK6, MYH9, NF1, NRP1, PML, THY1, TLE3",TRUE,4.34153511159499,"HEDGEHOG SIGNALING","ParenchymalBreast","MSigDBHallmark"
"HALLMARK_UV_RESPONSE_DN",0.00335394370721766,0.0239567407658404,17,138,"AKT3, APBB2, ATXN1, CACNA1A, CAV1, COL3A1, COL5A2, DLC1, INPP4B, IRS1, KALRN, KIT, NRP1, PDGFRB, PTPRM, RGS4, SMAD7",TRUE,2.30041152263374,"UV RESPONSE DN","ParenchymalBreast","MSigDBHallmark"
"HALLMARK_TGF_BETA_SIGNALING",0.0122941633644168,0.0706843507188231,8,53,"BCAR3, CTNNB1, ENG, HIPK2, ID3, PMEPA1, SKI, SMAD7",FALSE,2.97356139665369,"TGF BETA SIGNALING","ParenchymalBreast","MSigDBHallmark"
"HALLMARK_APOPTOSIS",0.0127231831293882,0.0706843507188231,17,158,"AVPR1A, BGN, BMF, CASP2, CAV1, CFLAR, CTNNB1, F2R, GSN, HMGB2, JUN, NEDD9, PDGFRB, PTK2, RHOB, SMAD7, TNFRSF12A",FALSE,1.973274274623,"APOPTOSIS","ParenchymalBreast","MSigDBHallmark"
"HALLMARK_COAGULATION",0.0235459602460843,0.117729801230422,14,131,"A2M, BMP1, F2RL2, GSN, HTRA1, ITGA2, KLF7, MMP15, MMP7, PDGFB, RAPGEF3, SH2B2, SPARC, VWF",FALSE,1.96659121774559,"COAGULATION","ParenchymalBreast","MSigDBHallmark"
"HALLMARK_KRAS_SIGNALING_UP",0.0337705039118182,0.153502290508265,18,190,"ANO1, CBX8, CPE, DCBLD2, ENG, ETS1, IGFBP3, ITGA2, LIF, NIN, NRP1, PIGR, PLVAP, SCG5, SPARCL1, TNFRSF1B, TRIB2, TSPAN13",FALSE,1.70985192059629,"KRAS SIGNALING UP","ParenchymalBreast","MSigDBHallmark"
"HALLMARK_APICAL_SURFACE",0.10929822829319,0.45540928455496,5,43,"AFAP1L2, CX3CL1, DCBLD2, EPHB4, THY1",FALSE,2.26925923817116,"APICAL SURFACE","ParenchymalBreast","MSigDBHallmark"
"HALLMARK_HYPOXIA",0.140709542337834,0.541190547453206,15,186,"BCL2, BGN, CAV1, CHST2, CHST3, COL5A1, ETS1, IGFBP3, JUN, KLF7, LXN, MYH9, NDST1, PDGFB, WSB1",FALSE,1.43753096715929,"HYPOXIA","ParenchymalBreast","MSigDBHallmark"
"HALLMARK_IL2_STAT5_SIGNALING",0.173148080378158,0.618386001350563,15,193,"BCL2, CYFIP1, DENND5A, F2RL2, GBP4, HIPK2, IL4R, ITGA6, LIF, MYO1E, NRP1, PRKCH, RHOB, SPRY4, TNFRSF1B",FALSE,1.38066878016775,"IL2 STAT5 SIGNALING","ParenchymalBreast","MSigDBHallmark"
"HALLMARK_COMPLEMENT",0.198434378705821,0.661447929019403,15,198,"CD36, CDH13, COL4A2, DGKH, DOCK4, DOCK9, DYRK2, GNAI2, LTF, MMP15, NOTCH4, PDGFB, PRCP, SH2B3, ZEB1",FALSE,1.34270900956032,"COMPLEMENT","ParenchymalBreast","MSigDBHallmark"
"HALLMARK_WNT_BETA_CATENIN_SIGNALING",0.224091431819812,0.700285724436911,4,41,"CTNNB1, HDAC5, JAG2, NOTCH4",FALSE,1.9047550776583,"WNT BETA CATENIN SIGNALING","ParenchymalBreast","MSigDBHallmark"
"HALLMARK_IL6_JAK_STAT3_SIGNALING",0.257431857537029,0.757152522167734,7,87,"A2M, ACVRL1, CD36, IL4R, JUN, TNFRSF12A, TNFRSF1B",FALSE,1.47919068694908,"IL6 JAK STAT3 SIGNALING","ParenchymalBreast","MSigDBHallmark"
"HALLMARK_NOTCH_SIGNALING",0.29482565594102,0.818960155391721,3,32,"HEYL, LFNG, NOTCH3",FALSE,1.88248902318115,"NOTCH SIGNALING","ParenchymalBreast","MSigDBHallmark"
"HALLMARK_ESTROGEN_RESPONSE_EARLY",0.352043745543707,0.926430909325545,13,192,"ADCY1, BCL2, CANT1, CLDN7, DLC1, ELF3, FARP1, KRT19, MAST4, PAPSS2, PGR, SH3BP5, SLC7A2",FALSE,1.19383968705691,"ESTROGEN RESPONSE EARLY","ParenchymalBreast","MSigDBHallmark"
"HALLMARK_INFLAMMATORY_RESPONSE",0.372854553346658,0.932136383366646,13,195,"APLNR, CHST2, CX3CL1, DCBLD2, GABBR1, IL4R, ITGA5, KCNJ2, LIF, SCARF1, SLC7A2, TAPBP, TNFRSF1B",FALSE,1.17403689233965,"INFLAMMATORY RESPONSE","ParenchymalBreast","MSigDBHallmark"
"HALLMARK_ADIPOGENESIS",0.454097196042922,1,12,190,"ADCY6, CD36, COL15A1, COL4A1, FZD4, ITGA7, LPL, MAP4K3, MYLK, PHLDB1, PIM3, SPARCL1",FALSE,1.11076494726147,"ADIPOGENESIS","ParenchymalBreast","MSigDBHallmark"
"HALLMARK_INTERFERON_ALPHA_RESPONSE",0.497637604880319,1,6,95,"GBP4, IL4R, LPAR6, TMEM140, TRIM26, UBA7",FALSE,1.15161124271036,"INTERFERON ALPHA RESPONSE","ParenchymalBreast","MSigDBHallmark"
"HALLMARK_PANCREAS_BETA_CELLS",0.519952042947771,1,2,29,"ABCC8, AKT3",FALSE,1.44142418217965,"PANCREAS BETA CELLS","ParenchymalBreast","MSigDBHallmark"
"HALLMARK_ESTROGEN_RESPONSE_LATE",0.58426978594044,1,11,191,"BCL2, CAV1, CPE, FARP1, GPER1, KRT19, LTF, PAPSS2, PGR, PRLR, TSPAN13",FALSE,1.00966922079348,"ESTROGEN RESPONSE LATE","ParenchymalBreast","MSigDBHallmark"
"HALLMARK_CHOLESTEROL_HOMEOSTASIS",0.625060822595171,1,4,72,"AVPR1A, CTNNB1, LPL, TNFRSF12A",FALSE,1.04112707008869,"CHOLESTEROL HOMEOSTASIS","ParenchymalBreast","MSigDBHallmark"
"HALLMARK_BILE_ACID_METABOLISM",0.633110130499082,1,6,109,"ALDH1A1, ATXN1, BCAR3, ISOC1, NEDD4, SLC23A1",FALSE,0.995136323607907,"BILE ACID METABOLISM","ParenchymalBreast","MSigDBHallmark"
"HALLMARK_SPERMATOGENESIS",0.6676319051111,1,6,113,"CLGN, CLVS1, JAM3, PGS1, SCG5, SIRT1",FALSE,0.957915047170249,"SPERMATOGENESIS","ParenchymalBreast","MSigDBHallmark"
"HALLMARK_ANDROGEN_RESPONSE",0.671241078880696,1,5,95,"CDK6, INPP4B, KRT19, PMEPA1, STEAP4",FALSE,0.962856369005283,"ANDROGEN RESPONSE","ParenchymalBreast","MSigDBHallmark"
"HALLMARK_INTERFERON_GAMMA_RESPONSE",0.732314143341492,1,10,196,"AUTS2, GBP4, IL4R, ISOC1, OAS2, PML, ST8SIA4, TAPBP, TRIM26, XAF1",FALSE,0.891229414017618,"INTERFERON GAMMA RESPONSE","ParenchymalBreast","MSigDBHallmark"
"HALLMARK_P53_PATHWAY",0.800571699085541,1,9,190,"CDH13, F2R, JAG2, JUN, LIF, PRMT2, TCN2, TRAF4, ZBTB16",FALSE,0.828110629026626,"P53 PATHWAY","ParenchymalBreast","MSigDBHallmark"
"HALLMARK_XENOBIOTIC_METABOLISM",0.810176910857477,1,9,192,"ACOX3, CD36, DDAH2, ENPEP, ESR1, NDRG2, PAPSS2, PDK4, SMOX",FALSE,0.819002099432707,"XENOBIOTIC METABOLISM","ParenchymalBreast","MSigDBHallmark"
"HALLMARK_KRAS_SIGNALING_DN",0.82615886557482,1,8,176,"ATP6V1B1, CHST2, EFHD1, IGFBP2, LFNG, SOX10, TCF7L1, ZBTB16",FALSE,0.797991964538696,"KRAS SIGNALING DN","ParenchymalBreast","MSigDBHallmark"
"HALLMARK_PEROXISOME",0.871718949108527,1,4,104,"ABCC8, ALDH1A1, ATXN1, ISOC1",FALSE,0.708482676224612,"PEROXISOME","ParenchymalBreast","MSigDBHallmark"
"HALLMARK_DNA_REPAIR",0.874785658055926,1,6,147,"ADCY6, BCAM, CANT1, SURF1, TAF1C, ZNF707",FALSE,0.726498665926219,"DNA REPAIR","ParenchymalBreast","MSigDBHallmark"
"HALLMARK_ALLOGRAFT_REJECTION",0.878636300814832,1,8,189,"ETS1, F2R, IL4R, LIF, LY86, ST8SIA4, TAPBP, THY1",FALSE,0.740349046708688,"ALLOGRAFT REJECTION","ParenchymalBreast","MSigDBHallmark"
"HALLMARK_GLYCOLYSIS",0.888689861952125,1,8,192,"AGRN, CACNA1H, CHPF2, CHST2, COL5A1, ELF3, EXT2, IGFBP3",FALSE,0.728200414245453,"GLYCOLYSIS","ParenchymalBreast","MSigDBHallmark"
"HALLMARK_FATTY_ACID_METABOLISM",0.889913655954806,1,6,151,"ACOT2, ALDH1A1, CD36, INMT, PTPRG, TP53INP2",FALSE,0.706383637841535,"FATTY ACID METABOLISM","ParenchymalBreast","MSigDBHallmark"
"HALLMARK_TNFA_SIGNALING_VIA_NFKB",0.90389928922087,1,8,197,"CFLAR, DENND5A, GEM, JUN, LIF, MARCKS, PMEPA1, RHOB",FALSE,0.708807478519181,"TNFA SIGNALING VIA NFKB","ParenchymalBreast","MSigDBHallmark"
"HALLMARK_PROTEIN_SECRETION",0.92294415455174,1,3,94,"ANP32E, ATP6V1B1, CAV2",FALSE,0.605035237529872,"PROTEIN SECRETION","ParenchymalBreast","MSigDBHallmark"
"HALLMARK_HEME_METABOLISM",0.936287843748358,1,7,189,"ABCG2, ATG4A, BCAM, RHD, SEC14L1, SLC4A1, SMOX",FALSE,0.64911820195226,"HEME METABOLISM","ParenchymalBreast","MSigDBHallmark"
"HALLMARK_PI3K_AKT_MTOR_SIGNALING",0.940790204389505,1,3,100,"MAP2K6, PLCB1, RPTOR",FALSE,0.567630883508321,"PI3K AKT MTOR SIGNALING","ParenchymalBreast","MSigDBHallmark"
"HALLMARK_REACTIVE_OXYGEN_SPECIES_PATHWAY",0.943716557521964,1,1,47,"EGLN2",FALSE,0.510579671139477,"REACTIVE OXYGEN SPECIES PATHWAY","ParenchymalBreast","MSigDBHallmark"
"HALLMARK_G2M_CHECKPOINT",0.97110545445306,1,6,189,"MARCKS, NCL, NUMA1, PML, RASAL2, TLE3",FALSE,0.559028725019537,"G2M CHECKPOINT","ParenchymalBreast","MSigDBHallmark"
"HALLMARK_UV_RESPONSE_UP",0.9819080323142,1,4,152,"HYAL2, IGFBP2, PLCL1, RHOB",FALSE,0.478319636025729,"UV RESPONSE UP","ParenchymalBreast","MSigDBHallmark"
"HALLMARK_E2F_TARGETS",0.99747383177636,1,4,195,"ANP32E, ATAD2, HMGB2, LUC7L3",FALSE,0.370111457368259,"E2F TARGETS","ParenchymalBreast","MSigDBHallmark"
"HALLMARK_UNFOLDED_PROTEIN_RESPONSE",0.998494590393805,1,1,106,"DCTN1",FALSE,0.224375667263556,"UNFOLDED PROTEIN RESPONSE","ParenchymalBreast","MSigDBHallmark"
"HALLMARK_MTORC1_SIGNALING",0.999405985891527,1,3,194,"PHGDH, PSMC2, SYTL2",FALSE,0.287635366589817,"MTORC1 SIGNALING","ParenchymalBreast","MSigDBHallmark"
"HALLMARK_OXIDATIVE_PHOSPHORYLATION",0.999843090832631,1,2,184,"PDK4, SURF1",FALSE,0.215512405021923,"OXIDATIVE PHOSPHORYLATION","ParenchymalBreast","MSigDBHallmark"
"HALLMARK_MYC_TARGETS_V1",0.999992916255955,1,1,193,"SET",FALSE,0.122430846864697,"MYC TARGETS V1","ParenchymalBreast","MSigDBHallmark"
"HALLMARK_MYC_TARGETS_V2",1,1,0,57,"",FALSE,0.137449298375822,"MYC TARGETS V2","ParenchymalBreast","MSigDBHallmark"
"HALLMARK_MYC_TARGETS_V1",2.2114517048217e-35,1.10572585241085e-33,53,193,"APEX1, C1QBP, CAD, CCT2, CCT3, CCT4, CCT7, CLNS1A, CNBP, DDX21, EEF1B2, EIF3B, EIF3D, EIF4A1, FBL, G3BP1, GNL3, HDGF, HPRT1, HSPD1, IMPDH2, LDHA, LSM7, MAD2L1, MYC, NME1, NOLC1, NOP16, NOP56, ODC1, PA2G4, PHB2, POLD2, PRDX4, PRPS2, RAN, RPL14, RPL18, RPL6, RPLP0, RPS2, RPS5, RRP9, RUVBL2, SERBP1, SF3B3, SRM, SRPK1, SRSF1, STARD7, TCP1, TFDP1, TUFM",TRUE,12.9336415781424,"MYC TARGETS V1","CutaneousBreast","MSigDBHallmark"
"HALLMARK_MYC_TARGETS_V2",2.36766483304567e-20,5.91916208261418e-19,23,57,"DCTPP1, EXOSC5, GNL3, HK2, HSPD1, IMP4, IPO4, MYBBP1A, MYC, NIP7, NOLC1, NOP16, NOP56, PA2G4, PPAN, PPRC1, PUS1, RABEPK, RRP12, RRP9, SRM, TBRG4, WDR74",TRUE,22.1514337842955,"MYC TARGETS V2","CutaneousBreast","MSigDBHallmark"
"HALLMARK_G2M_CHECKPOINT",6.50409600668132e-06,8.7786428683865e-05,19,189,"AMD1, CDC25A, CENPF, CHAF1A, CUL4A, EFNA5, G3BP1, HMGA1, MAD2L1, MYC, NEK2, NOLC1, ODC1, POLE, SLC38A1, SRSF1, TFDP1, TGFB1, UCK2",TRUE,3.67143196642448,"G2M CHECKPOINT","CutaneousBreast","MSigDBHallmark"
"HALLMARK_ADIPOGENESIS",7.0229142947092e-06,8.7786428683865e-05,19,190,"CMBL, CS, ETFB, FAH, GPAM, GRPEL1, LEP, LIPE, MGLL, MRPL15, MTCH2, PEMT, SAMM50, SCARB1, SLC5A6, SNCG, STAT5A, TKT, YWHAG",TRUE,3.64984528148677,"ADIPOGENESIS","CutaneousBreast","MSigDBHallmark"
"HALLMARK_E2F_TARGETS",1.02199867253476e-05,0.000102199867253476,19,195,"CCNE1, CDC25A, DCTPP1, HMGA1, LYAR, MAD2L1, MYC, NME1, NOLC1, NOP56, PA2G4, PAICS, POLD2, POLE, PRDX4, RAN, SRSF1, TBRG4, TRIP13",TRUE,3.54558098171679,"E2F TARGETS","CutaneousBreast","MSigDBHallmark"
"HALLMARK_UV_RESPONSE_UP",0.000264028224363702,0.00220023520303085,14,152,"AMD1, AP2S1, ARRB2, CCNE1, DDX21, E2F5, GRPEL1, HMOX1, OLFM1, POLR2H, PPAT, PPIF, SIGMAR1, STK25",TRUE,3.3398010917689,"UV RESPONSE UP","CutaneousBreast","MSigDBHallmark"
"HALLMARK_REACTIVE_OXYGEN_SPECIES_PATHWAY",0.000550020012788167,0.00392871437705834,7,47,"HMOX2, IPCEF1, MPO, PFKP, PRDX4, STK25, TXN",TRUE,5.87172887172887,"REACTIVE OXYGEN SPECIES PATHWAY","CutaneousBreast","MSigDBHallmark"
"HALLMARK_UNFOLDED_PROTEIN_RESPONSE",0.00161280546811162,0.0100800341756976,10,106,"EIF4A1, EXOSC5, LSM4, NOLC1, NOP14, NOP56, RPS14, RRP9, SHC1, SRPRB",TRUE,3.45662581347954,"UNFOLDED PROTEIN RESPONSE","CutaneousBreast","MSigDBHallmark"
"HALLMARK_MTORC1_SIGNALING",0.00284627658633362,0.0158126477018535,14,194,"BCAT1, CCNG1, CDC25A, CFP, CTSC, GPI, HK2, HPRT1, HSPD1, LDHA, PNO1, POLR3G, PPA1, RRP9",TRUE,2.55740516087458,"MTORC1 SIGNALING","CutaneousBreast","MSigDBHallmark"
"HALLMARK_ALLOGRAFT_REJECTION",0.00590693004021746,0.0295346502010873,13,189,"BCAT1, CFP, EIF3D, EIF5A, INHBB, LTB, MRPL3, MTIF2, NME1, RPL9, RPS19, RPS3A, TGFB1",TRUE,2.43167461177879,"ALLOGRAFT REJECTION","CutaneousBreast","MSigDBHallmark"
"HALLMARK_OXIDATIVE_PHOSPHORYLATION",0.0118991962661065,0.0540872557550296,12,184,"AFG3L2, CS, ETFB, GPI, GRPEL1, LDHA, LRPPRC, MRPL15, OXA1L, PHB2, TIMM13, TIMM50",FALSE,2.30062595161563,"OXIDATIVE PHOSPHORYLATION","CutaneousBreast","MSigDBHallmark"
"HALLMARK_DNA_REPAIR",0.0158126389803463,0.065885995751443,10,147,"APRT, GUK1, HPRT1, IMPDH2, MPG, NME1, NME3, NME4, POLR2H, SNAPC4",FALSE,2.42106495521546,"DNA REPAIR","CutaneousBreast","MSigDBHallmark"
"HALLMARK_XENOBIOTIC_METABOLISM",0.0360946244043319,0.133075196704341,11,192,"AHCY, ARG2, BCAT1, BPHL, FAH, GSS, HMOX1, HPRT1, MTHFD1, PEMT, PYCR1",FALSE,2.00760947041939,"XENOBIOTIC METABOLISM","CutaneousBreast","MSigDBHallmark"
"HALLMARK_IL2_STAT5_SIGNALING",0.0372610550772154,0.133075196704341,11,193,"AHCY, CCNE1, CTLA4, FAH, HK2, LTB, MYC, ODC1, PUS1, SCN9A, UCK2",FALSE,1.99651094719588,"IL2 STAT5 SIGNALING","CutaneousBreast","MSigDBHallmark"
"HALLMARK_ANDROGEN_RESPONSE",0.073209097392572,0.244030324641907,6,95,"ABCC4, CAMKK2, MAF, PA2G4, RRP12, SMS",FALSE,2.29372897490125,"ANDROGEN RESPONSE","CutaneousBreast","MSigDBHallmark"
"HALLMARK_FATTY_ACID_METABOLISM",0.0956753039885081,0.298985324964088,8,151,"ADSL, APEX1, BPHL, LDHA, MGLL, ODC1, SMS, UROS",FALSE,1.87160292219429,"FATTY ACID METABOLISM","CutaneousBreast","MSigDBHallmark"
"HALLMARK_ESTROGEN_RESPONSE_EARLY",0.139987088402001,0.405578244887357,9,192,"INHBB, MYBBP1A, MYC, OLFM1, PPIF, RPS6KA2, RRP12, SCARB1, THSD4",FALSE,1.63514121026516,"ESTROGEN RESPONSE EARLY","CutaneousBreast","MSigDBHallmark"
"HALLMARK_APICAL_SURFACE",0.146008168159448,0.405578244887357,3,43,"CROCC, EFNA5, PKHD1",FALSE,2.72331656291748,"APICAL SURFACE","CutaneousBreast","MSigDBHallmark"
"HALLMARK_IL6_JAK_STAT3_SIGNALING",0.280398483832252,0.737890746926979,4,87,"HMOX1, LTB, PTPN11, TGFB1",FALSE,1.69733553645975,"IL6 JAK STAT3 SIGNALING","CutaneousBreast","MSigDBHallmark"
"HALLMARK_HYPOXIA",0.349743101851221,0.852050762046154,7,186,"GPC1, GPI, HK2, HMOX1, LDHA, PFKP, SCARB1",FALSE,1.31584947462385,"HYPOXIA","CutaneousBreast","MSigDBHallmark"
"HALLMARK_P53_PATHWAY",0.369860213629766,0.852050762046154,7,190,"CCNG1, HMOX1, INHBB, RALGDS, RPL18, RPS12, TGFB1",FALSE,1.28691361661389,"P53 PATHWAY","CutaneousBreast","MSigDBHallmark"
"HALLMARK_ESTROGEN_RESPONSE_LATE",0.374902335300308,0.852050762046154,7,191,"DNAJC12, ETFB, HPRT1, OLFM1, PPIF, RPS6KA2, SCARB1",FALSE,1.27987569450984,"ESTROGEN RESPONSE LATE","CutaneousBreast","MSigDBHallmark"
"HALLMARK_PROTEIN_SECRETION",0.556938815143706,1,3,94,"AP2S1, CTSC, SCRN1",FALSE,1.20240806210133,"PROTEIN SECRETION","CutaneousBreast","MSigDBHallmark"
"HALLMARK_MITOTIC_SPINDLE",0.569004626593049,1,6,197,"ARHGAP4, CENPF, KATNB1, LRPPRC, NEK2, PIF1",FALSE,1.06666519040727,"MITOTIC SPINDLE","CutaneousBreast","MSigDBHallmark"
"HALLMARK_PANCREAS_BETA_CELLS",0.596781721552851,1,1,29,"SRPRB",FALSE,1.65445173760722,"PANCREAS BETA CELLS","CutaneousBreast","MSigDBHallmark"
"HALLMARK_CHOLESTEROL_HOMEOSTASIS",0.65503760960855,1,2,72,"CBS, CPEB2",FALSE,1.11412733349637,"CHOLESTEROL HOMEOSTASIS","CutaneousBreast","MSigDBHallmark"
"HALLMARK_BILE_ACID_METABOLISM",0.657086263895065,1,3,109,"CYP46A1, LIPE, SLC27A5",FALSE,1.03229816350135,"BILE ACID METABOLISM","CutaneousBreast","MSigDBHallmark"
"HALLMARK_SPERMATOGENESIS",0.680863549838192,1,3,113,"CAMK4, IL12RB2, NEK2",FALSE,0.994735434760716,"SPERMATOGENESIS","CutaneousBreast","MSigDBHallmark"
"HALLMARK_GLYCOLYSIS",0.708905635961237,1,5,192,"GPC1, HK2, LDHA, PFKP, TXN",FALSE,0.920578906851424,"GLYCOLYSIS","CutaneousBreast","MSigDBHallmark"
"HALLMARK_WNT_BETA_CATENIN_SIGNALING",0.723207015971316,1,1,41,"MYC",FALSE,1.16356371673893,"WNT BETA CATENIN SIGNALING","CutaneousBreast","MSigDBHallmark"
"HALLMARK_TNFA_SIGNALING_VIA_NFKB",0.729744376765627,1,5,197,"MYC, NFKB2, PTX3, STAT5A, TNIP2",FALSE,0.89644781700209,"TNFA SIGNALING VIA NFKB","CutaneousBreast","MSigDBHallmark"
"HALLMARK_INTERFERON_ALPHA_RESPONSE",0.795108924275075,1,2,95,"CASP8, TRIM14",FALSE,0.839121437498719,"INTERFERON ALPHA RESPONSE","CutaneousBreast","MSigDBHallmark"
"HALLMARK_UV_RESPONSE_DN",0.802045375262067,1,3,138,"MGLL, MTA1, MYC",FALSE,0.810213727616938,"UV RESPONSE DN","CutaneousBreast","MSigDBHallmark"
"HALLMARK_TGF_BETA_SIGNALING",0.810033991937438,1,1,53,"TGFB1",FALSE,0.89708164826757,"TGF BETA SIGNALING","CutaneousBreast","MSigDBHallmark"
"HALLMARK_PI3K_AKT_MTOR_SIGNALING",0.8179535128822,1,2,100,"CAMK4, PTPN11",FALSE,0.796331952467083,"PI3K AKT MTOR SIGNALING","CutaneousBreast","MSigDBHallmark"
"HALLMARK_PEROXISOME",0.834558947648513,1,2,104,"CNBP, TSPO",FALSE,0.765106064853752,"PEROXISOME","CutaneousBreast","MSigDBHallmark"
"HALLMARK_HEME_METABOLISM",0.83786904318603,1,4,189,"GYPA, HDGF, UBAC1, UROS",FALSE,0.760225909574016,"HEME METABOLISM","CutaneousBreast","MSigDBHallmark"
"HALLMARK_INTERFERON_GAMMA_RESPONSE",0.857645767980651,1,4,196,"CASP8, NLRC5, PFKP, TRIM14",FALSE,0.732329776295956,"INTERFERON GAMMA RESPONSE","CutaneousBreast","MSigDBHallmark"
"HALLMARK_APOPTOSIS",0.868857935209125,1,3,158,"CASP8, HMOX1, TSPO",FALSE,0.705315213716553,"APOPTOSIS","CutaneousBreast","MSigDBHallmark"
"HALLMARK_EPITHELIAL_MESENCHYMAL_TRANSITION",0.941959083585201,1,3,195,"GPC1, PTX3, TGFB1",FALSE,0.568715551524454,"EPITHELIAL MESENCHYMAL TRANSITION","CutaneousBreast","MSigDBHallmark"
"HALLMARK_APICAL_JUNCTION",0.980940756606743,1,2,188,"MAP4K2, SHC1",FALSE,0.418774973549865,"APICAL JUNCTION","CutaneousBreast","MSigDBHallmark"
"HALLMARK_KRAS_SIGNALING_UP",0.981942648817381,1,2,190,"EPHB2, PLEK2",FALSE,0.414291086110349,"KRAS SIGNALING UP","CutaneousBreast","MSigDBHallmark"
"HALLMARK_COMPLEMENT",0.985463050740591,1,2,198,"APOA4, CTSC",FALSE,0.397268286976105,"COMPLEMENT","CutaneousBreast","MSigDBHallmark"
"HALLMARK_KRAS_SIGNALING_DN",0.996041175599967,1,1,176,"SPTBN2",FALSE,0.266749063229553,"KRAS SIGNALING DN","CutaneousBreast","MSigDBHallmark"
"HALLMARK_MYOGENESIS",0.997685628567166,1,1,193,"TGFB1",FALSE,0.242989298383331,"MYOGENESIS","CutaneousBreast","MSigDBHallmark"
"HALLMARK_INFLAMMATORY_RESPONSE",0.997827333633794,1,1,195,"MYC",FALSE,0.240467091378636,"INFLAMMATORY RESPONSE","CutaneousBreast","MSigDBHallmark"
"HALLMARK_ANGIOGENESIS",1,1,0,36,"",FALSE,0.429785363709618,"ANGIOGENESIS","CutaneousBreast","MSigDBHallmark"
"HALLMARK_COAGULATION",1,1,0,131,"",FALSE,0.118742139095528,"COAGULATION","CutaneousBreast","MSigDBHallmark"
"HALLMARK_HEDGEHOG_SIGNALING",1,1,0,34,"",FALSE,0.454744743747301,"HEDGEHOG SIGNALING","CutaneousBreast","MSigDBHallmark"
"HALLMARK_NOTCH_SIGNALING",1,1,0,32,"",FALSE,0.48277604748193,"NOTCH SIGNALING","CutaneousBreast","MSigDBHallmark"
"HALLMARK_CHOLESTEROL_HOMEOSTASIS",1.26446907497988e-11,4.32993998661341e-10,26,72,"ACAT2, ACSS2, ALCAM, CD9, CLU, DHCR7, EBP, FADS2, FASN, FDFT1, FDPS, GLDC, GUSB, HMGCR, HMGCS1, HSD17B7, LGALS3, MVK, NSDHL, PCYT2, PDK3, PMVK, SC5D, SREBF2, TM7SF2, TMEM97",TRUE,6.76502415838216,"CHOLESTEROL HOMEOSTASIS","HNFS","MSigDBHallmark"
"HALLMARK_ESTROGEN_RESPONSE_LATE",1.73197599464536e-11,4.32993998661341e-10,45,191,"ABHD2, ALDH3A2, ANXA9, CA12, CD44, CD9, CDH1, CELSR2, COX6C, CXCL14, DHCR7, ELOVL5, EMP2, FDFT1, FOXC1, GAL, GJB3, HOMER2, HR, HSPA4L, HSPB8, IL6ST, IMPA2, KCNK5, KLF4, LSR, MOCS2, PDZK1, PERP, PKP3, RBBP8, S100A9, SFN, SGK1, ST14, ST6GALNAC2, SULT2B1, TFAP2C, TFF3, TIAM1, TNNC1, TOB1, TPD52L1, TPSAB1, TRIM29",TRUE,3.71080731587666,"ESTROGEN RESPONSE LATE","HNFS","MSigDBHallmark"
"HALLMARK_MYOGENESIS",3.73513605504691e-09,6.22522675841152e-08,41,193,"ACSL1, ACTA1, ACTN2, APOD, ATP2A1, BHLHE40, CASQ1, CHRNB1, CKM, CKMT2, CLU, CRAT, CSRP3, ENO3, EPHB3, ERBB3, FABP3, FDPS, GNAO1, HSPB8, ITGB4, KLF5, LDB3, MAPRE3, MB, MYH1, MYH2, MYH7, MYL2, MYL3, MYOZ1, NOS1, PSEN2, PYGM, REEP1, RYR1, TCAP, TNNC1, TNNI1, TNNI2, TPD52L1",TRUE,3.24242967228215,"MYOGENESIS","HNFS","MSigDBHallmark"
"HALLMARK_KRAS_SIGNALING_DN",2.84207479097501e-08,3.55259348871877e-07,37,176,"ALOX12B, ARPP21, CALML5, CAMK1D, CD40LG, CELSR2, CKM, CYP39A1, KLK7, KLK8, KRT15, KRT4, KRT5, LYPD3, MFSD6, MYH7, MYO15A, MYOT, NOS1, NR4A2, PAX3, PKP1, PTPRJ, RYR1, SERPINB2, SGK1, SLC16A7, SLC38A3, SMPX, SPTBN2, STAG3, TENM2, TFAP2B, TFCP2L1, TGFB2, TGM1, WNT16",TRUE,3.19723690493833,"KRAS SIGNALING DN","HNFS","MSigDBHallmark"
"HALLMARK_BILE_ACID_METABOLISM",8.94535138742199e-07,8.94535138742199e-06,25,109,"ABCA4, ABCA8, ABCD3, ACSL1, BBOX1, CROT, CYP27A1, CYP39A1, CYP8B1, DHCR24, DIO2, FADS1, FADS2, HACL1, HSD3B1, HSD3B7, NPC1, OPTN, PECR, PEX1, PEX19, PEX7, PNPLA8, SULT2B1, TFCP2L1",TRUE,3.57313152502244,"BILE ACID METABOLISM","HNFS","MSigDBHallmark"
"HALLMARK_P53_PATHWAY",1.83321887396653e-06,1.41018254632224e-05,35,190,"ALOX15B, BTG1, CASP1, CD82, CLCA2, CYFIP2, DGKA, DNTTIP2, ERCC5, GM2A, HSPA4L, ITGB4, KLF4, KLK8, KRT17, MAPKAPK3, NDRG1, NUPR1, PERP, PTPN14, PTPRE, RNF19B, S100A10, S100A4, SDC1, SERPINB5, SFN, ST14, TCHH, TNNI1, TOB1, TP63, TPD52L1, VDR, XPC",TRUE,2.70972961435447,"P53 PATHWAY","HNFS","MSigDBHallmark"
"HALLMARK_FATTY_ACID_METABOLISM",1.97425556485114e-06,1.41018254632224e-05,30,151,"ACAA2, ACADM, ACAT2, ACSL1, ALDH3A1, ALDH3A2, CA6, CBR3, CIDEA, CPT2, CRAT, DHCR24, DLD, ELOVL5, ENO3, FASN, FH, GABARAPL1, HMGCL, HMGCS1, HPGD, HSD17B7, MCEE, ME1, NBN, NSDHL, PPARA, REEP6, S100A10, SUCLG1",TRUE,2.97567510921853,"FATTY ACID METABOLISM","HNFS","MSigDBHallmark"
"HALLMARK_ALLOGRAFT_REJECTION",4.41304140681372e-06,2.75815087925858e-05,34,189,"ABI1, ACVR2A, CCL13, CCL19, CD2, CD3D, CD3E, CD3G, CD40LG, CD74, CD8A, CD96, CXCL9, DEGS1, EGFR, FGR, GBP2, GZMB, HLA-DQA1, ICOSLG, IFNGR1, IL18, IL2RG, IRF4, IRF8, ITGAL, ITK, LY75, MAP4K1, PTPRC, SOCS5, STAT1, TGFB2, TRAT1",TRUE,2.63178905336873,"ALLOGRAFT REJECTION","HNFS","MSigDBHallmark"
"HALLMARK_ESTROGEN_RESPONSE_EARLY",6.30253175004064e-06,3.50140652780036e-05,34,192,"ABHD2, ANXA9, AQP3, BHLHE40, CA12, CD44, CELSR1, CELSR2, DHCR7, ELF1, ELOVL5, ESRP2, FASN, FDFT1, FOXC1, GFRA1, HR, HSPB8, IL6ST, KCNK5, KLF4, KRT15, LAD1, PDZK1, RASGRP1, RBBP8, REEP1, SFN, SULT2B1, TFAP2C, TFF3, TIAM1, TOB1, TPD52L1",TRUE,2.58157674699853,"ESTROGEN RESPONSE EARLY","HNFS","MSigDBHallmark"
"HALLMARK_ANDROGEN_RESPONSE",4.07754272261716e-05,0.000203877136130858,20,95,"ABHD2, ANKH, ARID5B, DBI, DHCR24, DNAJB9, ELK4, ELL2, ELOVL5, FADS1, HMGCR, HMGCS1, HOMER2, HPGD, INSIG1, MAP7, NDRG1, PTK2B, SGK1, ZMIZ1",TRUE,3.20667310383038,"ANDROGEN RESPONSE","HNFS","MSigDBHallmark"
"HALLMARK_KRAS_SIGNALING_UP",8.06048437510547e-05,0.000366385653413885,31,190,"ANKH, APOD, ARG1, BIRC3, CCSER2, CFH, CIDEA, CROT, F2RL1, GLRX, GPNMB, HSD11B1, IL1RL2, IL2RG, IL7R, IRF8, JUP, KLF4, LAPTM5, MAP3K1, MAP4K1, MAP7, MPZL2, PRDM1, PTGS2, RELN, SCG3, SLPI, SOX9, STRN, TFPI",TRUE,2.33790463217083,"KRAS SIGNALING UP","HNFS","MSigDBHallmark"
"HALLMARK_MTORC1_SIGNALING",0.000275016581737489,0.0011459024239062,30,194,"BHLHE40, CD9, DHCR24, DHCR7, EBP, EIF2S2, ELOVL5, FADS1, FADS2, FGL2, GBE1, GLRX, GOT1, HMGCR, HMGCS1, INSIG1, ME1, NUPR1, PDK1, PRDX1, PSMC6, PSMD12, SC5D, SLC6A6, SRD5A1, SSR1, TCEA1, TM7SF2, TMEM97, TUBA4A",TRUE,2.19297621133287,"MTORC1 SIGNALING","HNFS","MSigDBHallmark"
"HALLMARK_HYPOXIA",0.000299417577765486,0.00115160606832879,29,186,"ATP7A, BHLHE40, BTG1, CA12, CP, CSRP2, EFNA3, EGFR, ENO3, FBP1, GBE1, GLRX, HS3ST1, KDM3A, MAP3K1, NDRG1, PDK1, PDK3, PKP1, PPARGC1A, PYGM, RRAGD, S100A4, SLC2A5, SLC6A6, SULT2B1, TMEM45A, UGP2, ZNF292",TRUE,2.21479417328244,"HYPOXIA","HNFS","MSigDBHallmark"
"HALLMARK_XENOBIOTIC_METABOLISM",0.00110601102340643,0.00395003936930868,28,192,"ABHD6, AKR1C3, ALDH3A1, ARG1, CES1, CROT, CYB5A, CYFIP2, CYP27A1, ELOVL5, FBP1, GABARAPL1, GAD1, HACL1, HSD11B1, IRF8, JUP, MAN1A1, NPC1, PGRMC1, PROS1, PTGDS, SAR1B, SLC6A6, SPINT2, TGFB2, TMEM97, UPB1",TRUE,2.04667778284929,"XENOBIOTIC METABOLISM","HNFS","MSigDBHallmark"
"HALLMARK_INTERFERON_GAMMA_RESPONSE",0.00151892076740808,0.0050630692246936,28,196,"ADAR, ARID5B, ARL4A, BTG1, CASP1, CASP4, CD74, CFH, CXCL9, DDX60, FGL2, HLA-DQA1, IFI27, IFIH1, IL15RA, IRF4, IRF8, KLRK1, NCOA3, PLA2G4A, PSMB2, PTGS2, PTPN2, SLAMF7, SOD2, SPPL2A, STAT1, TNFSF10",TRUE,1.99767980180247,"INTERFERON GAMMA RESPONSE","HNFS","MSigDBHallmark"
"HALLMARK_TNFA_SIGNALING_VIA_NFKB",0.0016408540986292,0.00512766905821624,28,197,"BHLHE40, BIRC3, BTG1, CCNL1, CD44, EGR2, F2RL1, ICOSLG, IFIH1, IL15RA, IL18, IL6ST, IL7R, KLF4, LITAF, NFAT5, NFE2L2, NR4A2, PTGS2, PTPRE, RNF19B, SERPINB2, SERPINB8, SGK1, SLC16A6, SOD2, TANK, TUBB2A",TRUE,1.98579164858388,"TNFA SIGNALING VIA NFKB","HNFS","MSigDBHallmark"
"HALLMARK_COMPLEMENT",0.00177112596564985,0.0052091940166172,28,198,"ACTN2, CASP1, CASP4, CD40LG, CD55, CFH, CLU, CP, CTSH, CTSV, DPP4, F8, GZMB, GZMK, KIF2A, LGALS3, ME1, PCLO, PHEX, PLA2G4A, PLA2G7, PRDM4, RASGRP1, S100A9, SCG3, SERPINB2, USP16, USP8",TRUE,1.97404294584293,"COMPLEMENT","HNFS","MSigDBHallmark"
"HALLMARK_PEROXISOME",0.0030072478031312,0.00835346611980888,17,104,"ABCB4, ABCD3, ACSL1, CRABP2, CRAT, DHCR24, ELOVL5, FADS1, FDPS, HMGCL, HSD3B7, IDE, PRDX1, SOD2, STS, SULT2B1, VPS4B",TRUE,2.35624810892587,"PEROXISOME","HNFS","MSigDBHallmark"
"HALLMARK_GLYCOLYSIS",0.00457700003534698,0.0120447369351236,26,192,"AK3, AKR1A1, CD44, CYB5A, DLD, DSC2, EFNA3, EGFR, GLRX, GOT1, GPR87, GUSB, IL13RA1, KIF2A, ME1, NDST3, NSDHL, NT5E, PDK3, RRAGD, SDC1, SOX9, TFF3, TXN, UGP2, ZNF292",TRUE,1.87771008002222,"GLYCOLYSIS","HNFS","MSigDBHallmark"
"HALLMARK_INFLAMMATORY_RESPONSE",0.0056185213685499,0.0140463034213747,26,195,"ABI1, ACVR2A, AHR, CCR7, CD55, CD82, CXCL9, GPR132, HAS2, ICOSLG, IFNAR1, IL15RA, IL18, IL7R, ITGB8, NOD2, P2RX7, PTAFR, PTPRE, RASGRP1, RGS1, SELE, SEMA4D, SLC11A2, SLC31A1, TNFSF10",TRUE,1.84419089054674,"INFLAMMATORY RESPONSE","HNFS","MSigDBHallmark"
"HALLMARK_APOPTOSIS",0.00623670933255109,0.0146499539926839,22,158,"ANKH, BIRC3, CASP1, CASP4, CD2, CD44, CLU, CYLD, EBP, ERBB2, ERBB3, HGF, HSPB1, IFNGR1, IL18, LEF1, LGALS3, PSEN2, SC5D, SOD2, TGFB2, TNFSF10",TRUE,1.94295385949407,"APOPTOSIS","HNFS","MSigDBHallmark"
"HALLMARK_PROTEIN_SECRETION",0.00644597975678092,0.0146499539926839,15,94,"ADAM10, ARFGAP3, ARFGEF2, ATP1A1, ATP7A, DST, EGFR, GOLGA4, MAPK1, RAB22A, RAB5A, STX12, STX7, TOM1L1, VPS4B",TRUE,2.29513752278425,"PROTEIN SECRETION","HNFS","MSigDBHallmark"
"HALLMARK_ADIPOGENESIS",0.0143213219436096,0.0311333085730644,24,190,"ACAA2, ACADM, AGPAT3, AK2, ARL4A, CIDEA, CPT2, CRAT, DBT, DHCR7, DLD, DNAJB9, DNAJC15, GBE1, HSPB8, IFNGR1, ME1, REEP6, RIOK3, SDHB, SUCLG1, TANK, TOB1, UBQLN1",TRUE,1.7338861194832,"ADIPOGENESIS","HNFS","MSigDBHallmark"
"HALLMARK_OXIDATIVE_PHOSPHORYLATION",0.0182000210585889,0.0379167105387269,23,184,"ACAA2, ACADM, ACADSB, ATP1B1, ATP6V0B, ATP6V1E1, ATP6V1F, COX5A, COX6C, COX7A2, CYB5A, DLD, FH, MAOB, MPC1, MRPS15, MTRF1, NDUFA4, NDUFA6, NDUFV2, NQO2, SDHB, SUCLG1",TRUE,1.71400540973018,"OXIDATIVE PHOSPHORYLATION","HNFS","MSigDBHallmark"
"HALLMARK_COAGULATION",0.0279911334705975,0.055982266941195,17,131,"CD9, CFH, CLU, CTSH, CTSK, CTSV, DCT, DPP4, DUSP14, F8, GDA, GNG12, KLK8, PEF1, PROS1, SERPINB2, THBD",FALSE,1.79812907530604,"COAGULATION","HNFS","MSigDBHallmark"
"HALLMARK_IL2_STAT5_SIGNALING",0.0299423038458086,0.0575813535496319,23,193,"AHR, ALCAM, ARL4A, BHLHE40, CCR4, CD44, ENO3, EOMES, FGL2, GABARAPL1, IFNGR1, IRF4, IRF6, IRF8, NCOA3, NDRG1, NT5E, RRAGD, SMPDL3A, TIAM1, TNFSF10, TTC39B, WLS",FALSE,1.62277665322247,"IL2 STAT5 SIGNALING","HNFS","MSigDBHallmark"
"HALLMARK_SPERMATOGENESIS",0.0313680201901793,0.0580889262781099,15,113,"ARL4A, CRISP2, CSNK2A2, ELOVL3, GAD1, HSPA2, HSPA4L, IDE, IL13RA2, MAP7, NOS1, PGK2, SCG3, SLC2A5, STAM2",FALSE,1.85061353975391,"SPERMATOGENESIS","HNFS","MSigDBHallmark"
"HALLMARK_IL6_JAK_STAT3_SIGNALING",0.0393424108105196,0.0702543050187849,12,87,"CD44, CD9, CXCL9, IFNAR1, IFNGR1, IL13RA1, IL15RA, IL2RG, IL6ST, PTPN2, STAM2, STAT1",FALSE,1.94585118815738,"IL6 JAK STAT3 SIGNALING","HNFS","MSigDBHallmark"
"HALLMARK_UV_RESPONSE_DN",0.0430937263328531,0.0742995281600916,17,138,"ACVR2A, ATRN, BHLHE40, BMPR1A, CAP2, DLG1, DYRK1A, EFEMP1, ERBB2, HAS2, INSIG1, NIPBL, NOTCH2, PMP22, SYNE1, TFPI, ZMIZ1",FALSE,1.693923037174,"UV RESPONSE DN","HNFS","MSigDBHallmark"
"HALLMARK_UV_RESPONSE_UP",0.0529057358202067,0.0881762263670113,18,152,"AQP3, ATP6V1F, BTG1, CEBPG, CLTB, CTSV, CYB5R1, FGF18, GAL, HSPA2, IL6ST, PPP1R2, PTPRD, RASGRP1, SOD2, TCHH, TGFBRAP1, TUBA4A",FALSE,1.61753480839206,"UV RESPONSE UP","HNFS","MSigDBHallmark"
"HALLMARK_NOTCH_SIGNALING",0.102501986212364,0.160969648331395,5,32,"DTX1, DTX4, FBXW11, NOTCH2, PSEN2",FALSE,2.346470411535,"NOTCH SIGNALING","HNFS","MSigDBHallmark"
"HALLMARK_APICAL_JUNCTION",0.103020574932093,0.160969648331395,20,188,"ACTA1, ACTN2, ADAM23, ALOX15B, CDH1, CDH3, CNTN1, COL17A1, CRAT, DLG1, DSC1, EGFR, INSIG1, ITGB4, JUP, KRT31, MPZL2, NRAP, PARD6G, PTPRC",FALSE,1.42995854332263,"APICAL JUNCTION","HNFS","MSigDBHallmark"
"HALLMARK_APICAL_SURFACE",0.11843890817219,0.179452891169985,6,43,"ADAM10, ATP6V0A4, HSPB1, IL2RG, LYPD3, NCOA6",FALSE,2.03378819757539,"APICAL SURFACE","HNFS","MSigDBHallmark"
"HALLMARK_INTERFERON_ALPHA_RESPONSE",0.212501997402345,0.31250293735639,10,95,"ADAR, CASP1, CD74, DDX60, ELF1, GBP2, IFI27, IFIH1, SAMD9, TRIM5",FALSE,1.44086413684105,"INTERFERON ALPHA RESPONSE","HNFS","MSigDBHallmark"
"HALLMARK_HEDGEHOG_SIGNALING",0.276901459882891,0.395573514118416,4,34,"CELSR1, GLI1, L1CAM, TLE1",FALSE,1.72969767361743,"HEDGEHOG SIGNALING","HNFS","MSigDBHallmark"
"HALLMARK_REACTIVE_OXYGEN_SPECIES_PATHWAY",0.309345131576173,0.429646016078018,5,47,"GLRX, NDUFA6, PRDX1, SOD2, TXN",FALSE,1.51713816196349,"REACTIVE OXYGEN SPECIES PATHWAY","HNFS","MSigDBHallmark"
"HALLMARK_PI3K_AKT_MTOR_SIGNALING",0.387492405920606,0.519033977882877,9,100,"ADCY2, CAB39, EGFR, IL2RG, MAPK1, PDK1, PRKAG1, SFN, TIAM1",FALSE,1.21704569201126,"PI3K AKT MTOR SIGNALING","HNFS","MSigDBHallmark"
"HALLMARK_PANCREAS_BETA_CELLS",0.401800141335753,0.519033977882877,3,29,"DPP4, PCSK1, VDR",FALSE,1.54777553227021,"PANCREAS BETA CELLS","HNFS","MSigDBHallmark"
"HALLMARK_WNT_BETA_CATENIN_SIGNALING",0.404846502748644,0.519033977882877,4,41,"AXIN2, LEF1, PSEN2, TCF7",FALSE,1.40631642149505,"WNT BETA CATENIN SIGNALING","HNFS","MSigDBHallmark"
"HALLMARK_DNA_REPAIR",0.728078749135711,0.910098436419638,10,147,"AK3, ERCC5, GTF2H5, MPC2, POLR2A, POLR3C, STX3, TAF10, TAF12, XPC",FALSE,0.893562683174012,"DNA REPAIR","HNFS","MSigDBHallmark"
"HALLMARK_MITOTIC_SPINDLE",0.782974726607171,0.927497888437262,13,197,"ABI1, CDK5RAP2, CLIP1, DLG1, DST, KIFAP3, NET1, NOTCH2, PCGF5, RANBP9, TIAM1, TLK1, TUBA4A",FALSE,0.855675719449618,"MITOTIC SPINDLE","HNFS","MSigDBHallmark"
"HALLMARK_ANGIOGENESIS",0.78676694259538,0.927497888437262,2,36,"S100A4, THBD",FALSE,0.84833670121461,"ANGIOGENESIS","HNFS","MSigDBHallmark"
"HALLMARK_TGF_BETA_SIGNALING",0.797648184056045,0.927497888437262,3,53,"BMPR1A, CDH1, TRIM33",FALSE,0.811200922072405,"TGF BETA SIGNALING","HNFS","MSigDBHallmark"
"HALLMARK_EPITHELIAL_MESENCHYMAL_TRANSITION",0.848251028257713,0.943458262032129,12,195,"ABI3BP, CAP2, CD44, DST, FBLN2, FMOD, FOXC2, LRRC15, NOTCH2, NT5E, PMP22, SDC1",FALSE,0.796170490833097,"EPITHELIAL MESENCHYMAL TRANSITION","HNFS","MSigDBHallmark"
"HALLMARK_UNFOLDED_PROTEIN_RESPONSE",0.849112435828916,0.943458262032129,6,106,"CEBPG, DNAJB9, EXOSC10, SSR1, TUBB2A, YWHAZ",FALSE,0.756426763088674,"UNFOLDED PROTEIN RESPONSE","HNFS","MSigDBHallmark"
"HALLMARK_HEME_METABOLISM",0.934372440816828,0.999973711849359,10,189,"AQP3, ELL2, IGSF3, KEL, OPTN, PDZK1IP1, RIOK3, SLC11A2, SYNJ1, TCEA1",FALSE,0.683003488818074,"HEME METABOLISM","HNFS","MSigDBHallmark"
"HALLMARK_MYC_TARGETS_V1",0.971369374266648,0.999973711849359,9,193,"COX5A, EIF2S2, PSMA1, PSMA6, PSMB2, PSMC6, PSMD7, RAD23B, TXNL4A",FALSE,0.600691664851006,"MYC TARGETS V1","HNFS","MSigDBHallmark"
"HALLMARK_MYC_TARGETS_V2",0.990672811588133,0.999973711849359,1,57,"TMEM97",FALSE,0.310270207196862,"MYC TARGETS V2","HNFS","MSigDBHallmark"
"HALLMARK_E2F_TARGETS",0.999554669153706,0.999973711849359,5,195,"AK2, NAA38, NBN, PAN2, RAD50",FALSE,0.335902026965764,"E2F TARGETS","HNFS","MSigDBHallmark"
"HALLMARK_G2M_CHECKPOINT",0.999973711849359,0.999973711849359,3,189,"CUL3, NOTCH2, RAD23B",FALSE,0.218123420921181,"G2M CHECKPOINT","HNFS","MSigDBHallmark"
"HALLMARK_COAGULATION",0.00100095557644408,0.0500477788222039,14,131,"ACOX2, ADAM9, C2, CAPN2, CFB, CSRP1, F8, LTA4H, MMP15, P2RY1, PLAU, SERPINA1, TIMP1, VWF",FALSE,2.90873245021624,"COAGULATION","Heart","MSigDBHallmark"
"HALLMARK_GLYCOLYSIS",0.00248190825081364,0.062047706270341,17,192,"ALDOB, B4GALT7, CACNA1H, CHPF, CHST1, CITED2, COG2, ENO2, FKBP4, HAX1, MPI, PGM2, PLOD1, SDC2, SLC35A3, VEGFA, VLDLR",FALSE,2.35184269374801,"GLYCOLYSIS","Heart","MSigDBHallmark"
"HALLMARK_FATTY_ACID_METABOLISM",0.0038117777357056,0.0635296289284266,14,151,"ACADL, ACSL4, ACSM3, CBR1, DECR1, ENO2, EPHX1, HCCS, INMT, OSTC, PRDX6, PTPRG, RAP1GDS1, XIST",FALSE,2.48318737756129,"FATTY ACID METABOLISM","Heart","MSigDBHallmark"
"HALLMARK_UV_RESPONSE_UP",0.0100289489409617,0.0942012044402875,13,152,"CREG1, CXCL2, ENO2, EPCAM, EPHX1, FGF18, FKBP4, POLR2H, RET, RHOB, SPR, TAP1, TMBIM6",FALSE,2.27591060068682,"UV RESPONSE UP","Heart","MSigDBHallmark"
"HALLMARK_HEDGEHOG_SIGNALING",0.0119735833333989,0.0942012044402875,5,34,"DPYSL2, HEY2, UNC5C, VEGFA, VLDLR",FALSE,4.3678698773995,"HEDGEHOG SIGNALING","Heart","MSigDBHallmark"
"HALLMARK_EPITHELIAL_MESENCHYMAL_TRANSITION",0.0149499378142669,0.0942012044402875,15,195,"CXCL1, CXCL6, EMP3, ENO2, FGF2, IL32, MYL9, PDLIM4, PLOD1, RHOB, TAGLN, TIMP1, TPM4, VEGFA, VIM",FALSE,2.02013357776827,"EPITHELIAL MESENCHYMAL TRANSITION","Heart","MSigDBHallmark"
"HALLMARK_PROTEIN_SECRETION",0.0151424224217954,0.0942012044402875,9,94,"ARCN1, ARF1, COG2, RAB9A, SGMS1, TMED2, USO1, YIPF6, ZW10",FALSE,2.60792639773531,"PROTEIN SECRETION","Heart","MSigDBHallmark"
"HALLMARK_ANGIOGENESIS",0.0151702387511637,0.0942012044402875,5,36,"CXCL6, KCNJ8, SLCO2A1, TIMP1, VEGFA",FALSE,4.09014226247656,"ANGIOGENESIS","Heart","MSigDBHallmark"
"HALLMARK_COMPLEMENT",0.0169562167992517,0.0942012044402875,15,198,"ADAM9, APOA4, C2, CFB, CSRP1, CXCL1, F8, GNB4, GNG2, GRB2, LTA4H, MMP15, SERPINA1, TIMP1, VCPIP1",FALSE,1.98681135357997,"COMPLEMENT","Heart","MSigDBHallmark"
"HALLMARK_TNFA_SIGNALING_VIA_NFKB",0.0331861465030593,0.165930732515297,14,197,"BCL3, CXCL1, CXCL2, CXCL6, DRAM1, EGR3, PDLIM5, PLAU, PNRC1, RHOB, TAP1, VEGFA, YRDC, ZBTB10",FALSE,1.85646500216619,"TNFA SIGNALING VIA NFKB","Heart","MSigDBHallmark"
"HALLMARK_ESTROGEN_RESPONSE_EARLY",0.053861588243165,0.224824205484493,13,192,"ABCA3, ALDH3B1, AMFR, CLDN7, EGR3, FKBP4, KRT8, MUC1, OLFML3, PAPSS2, RARA, RET, SEMA3B",FALSE,1.76524376905015,"ESTROGEN RESPONSE EARLY","Heart","MSigDBHallmark"
"HALLMARK_MTORC1_SIGNALING",0.0575568716850025,0.224824205484493,13,194,"BUB1, EDEM1, FKBP2, HMBS, IGFBP5, LTA4H, NUPR1, PSMD13, PSMD14, RPA1, TXNRD1, USO1, VLDLR",FALSE,1.74561896932197,"MTORC1 SIGNALING","Heart","MSigDBHallmark"
"HALLMARK_UV_RESPONSE_DN",0.0584542934259683,0.224824205484493,10,138,"CDKN1B, CITED2, GRK5, IGFBP5, PDLIM5, PRKCE, RBPMS, SDC2, SLC22A18, VLDLR",FALSE,1.91604127897141,"UV RESPONSE DN","Heart","MSigDBHallmark"
"HALLMARK_MITOTIC_SPINDLE",0.0634142570863176,0.226479489593992,13,197,"ALS2, ARHGEF2, ARL8A, BUB1, CD2AP, CDC42EP1, EZR, MARK4, NDC80, PAFAH1B1, PCM1, PDLIM5, TUBGCP5",FALSE,1.7169795258162,"MITOTIC SPINDLE","Heart","MSigDBHallmark"
"HALLMARK_HYPOXIA",0.0825146361612016,0.275048787204005,12,186,"ALDOB, BNIP3L, CDKN1B, CITED2, ENO2, NEDD4L, PGM2, PNRC1, SDC2, VEGFA, VLDLR, WSB1",FALSE,1.67978069656976,"HYPOXIA","Heart","MSigDBHallmark"
"HALLMARK_P53_PATHWAY",0.0930030015856128,0.281607979321014,12,190,"DRAM1, EPHX1, FBXW7, GLS2, HEXIM1, NUPR1, PHLDA3, RAD51C, RPL36, RRP8, TAP1, TAX1BP3",FALSE,1.64181302968602,"P53 PATHWAY","Heart","MSigDBHallmark"
"HALLMARK_ESTROGEN_RESPONSE_LATE",0.0957467129691448,0.281607979321014,12,191,"ABCA3, ACOX2, ALDH3B1, AMFR, CACNA2D2, EGR3, FKBP4, PAPSS2, RET, SEMA3B, SERPINA1, UNC13B",FALSE,1.63258551175954,"ESTROGEN RESPONSE LATE","Heart","MSigDBHallmark"
"HALLMARK_APOPTOSIS",0.116556049937234,0.323766805381206,10,158,"ADD1, BNIP3L, CDKN1B, EGR3, ENO2, PEA15, RARA, RHOB, TAP1, TIMP1",FALSE,1.65634899721856,"APOPTOSIS","Heart","MSigDBHallmark"
"HALLMARK_REACTIVE_OXYGEN_SPECIES_PATHWAY",0.126469892843018,0.332815507481627,4,47,"FTL, GCLM, PRDX6, TXNRD1",FALSE,2.41909356202728,"REACTIVE OXYGEN SPECIES PATHWAY","Heart","MSigDBHallmark"
"HALLMARK_APICAL_JUNCTION",0.152318451562619,0.354887639658562,11,188,"ADAM9, CD86, CLDN18, CLDN7, IKBKG, INPPL1, ITGA3, MYL9, PIK3CB, VASP, VWF",FALSE,1.51728969288745,"APICAL JUNCTION","Heart","MSigDBHallmark"
"HALLMARK_ALLOGRAFT_REJECTION",0.156150561449767,0.354887639658562,11,189,"AKT1, BCL3, C2, CD86, GPR65, IL16, IL27RA, NPM1, RPS9, TAP1, TIMP1",FALSE,1.50871468726783,"ALLOGRAFT REJECTION","Heart","MSigDBHallmark"
"HALLMARK_HEME_METABOLISM",0.156150561449767,0.354887639658562,11,189,"ADD1, ARL2BP, ATG4A, BNIP3L, EPB42, GCLM, HMBS, HTRA2, KHNYN, MGST3, NFE2L1",FALSE,1.50871468726783,"HEME METABOLISM","Heart","MSigDBHallmark"
"HALLMARK_INFLAMMATORY_RESPONSE",0.180140975920423,0.39161081721831,11,195,"APLNR, CXCL6, EMP3, LAMP3, MARCO, ROS1, SCN1B, SGMS2, SLC4A4, TACR1, TIMP1",FALSE,1.45921668734969,"INFLAMMATORY RESPONSE","Heart","MSigDBHallmark"
"HALLMARK_ANDROGEN_RESPONSE",0.195963389666442,0.391926779332884,6,95,"AKT1, KRT8, PDLIM5, SPCS3, SRP19, ZBTB10",FALSE,1.69838527177014,"ANDROGEN RESPONSE","Heart","MSigDBHallmark"
"HALLMARK_INTERFERON_ALPHA_RESPONSE",0.195963389666442,0.391926779332884,6,95,"CMTR1, LAMP3, LPAR6, MVB12A, RNF31, TAP1",FALSE,1.69838527177014,"INTERFERON ALPHA RESPONSE","Heart","MSigDBHallmark"
"HALLMARK_OXIDATIVE_PHOSPHORYLATION",0.226165629204459,0.423418735434609,10,184,"COX7A2L, DECR1, HCCS, HTRA2, IDH3A, MGST3, MRPS30, TIMM8B, TOMM22, UQCRH",FALSE,1.40774386445746,"OXIDATIVE PHOSPHORYLATION","Heart","MSigDBHallmark"
"HALLMARK_PI3K_AKT_MTOR_SIGNALING",0.228646117134689,0.423418735434609,6,100,"AKT1, ARF1, ATF1, CDKN1B, GRB2, PAK4",FALSE,1.60812671545505,"PI3K AKT MTOR SIGNALING","Heart","MSigDBHallmark"
"HALLMARK_KRAS_SIGNALING_UP",0.255891826722,0.456949690575,10,190,"ACE, CFB, CLEC4A, LAT2, PEG3, PLAU, SCN1B, SDCCAG8, SEMA3B, YRDC",FALSE,1.36054438154884,"KRAS SIGNALING UP","Heart","MSigDBHallmark"
"HALLMARK_UNFOLDED_PROTEIN_RESPONSE",0.269918931162581,0.462490785954463,6,106,"DCP2, EDEM1, NPM1, SPCS3, VEGFA, ZBTB17",FALSE,1.51167130303474,"UNFOLDED PROTEIN RESPONSE","Heart","MSigDBHallmark"
"HALLMARK_E2F_TARGETS",0.281603301738669,0.462490785954463,10,195,"CBX5, CDKN1B, EXOSC8, HNRNPD, PAICS, POLE4, RAD51C, RPA1, USP1, ZW10",FALSE,1.32354388843314,"E2F TARGETS","Heart","MSigDBHallmark"
"HALLMARK_IL6_JAK_STAT3_SIGNALING",0.286744287291767,0.462490785954463,5,87,"CSF2RB, CXCL1, GRB2, HAX1, REG1A",FALSE,1.55777137367915,"IL6 JAK STAT3 SIGNALING","Heart","MSigDBHallmark"
"HALLMARK_TGF_BETA_SIGNALING",0.372277719407331,0.581683936573955,3,53,"BMPR2, ID3, SMAD6",FALSE,1.61829092627492,"TGF BETA SIGNALING","Heart","MSigDBHallmark"
"HALLMARK_XENOBIOTIC_METABOLISM",0.391432259881943,0.584282210344444,9,192,"ACOX2, ACSM1, CBR1, CFB, EPHX1, PAPSS2, PDLIM5, REG1A, TMBIM6",FALSE,1.20926178075729,"XENOBIOTIC METABOLISM","Heart","MSigDBHallmark"
"HALLMARK_IL2_STAT5_SIGNALING",0.397311903034222,0.584282210344444,9,193,"AGER, BMPR2, CD86, GLIPR2, GPR65, MUC1, RHOB, SLC29A2, SLC39A8",FALSE,1.20264788635147,"IL2 STAT5 SIGNALING","Heart","MSigDBHallmark"
"HALLMARK_MYC_TARGETS_V2",0.417019754411926,0.595742506302751,3,57,"AIMP2, NPM1, SLC29A2",FALSE,1.49922184530812,"MYC TARGETS V2","Heart","MSigDBHallmark"
"HALLMARK_BILE_ACID_METABOLISM",0.465899090376707,0.647082069967648,5,109,"ABCA3, GCLM, HSD17B6, PEX12, SLC22A18",FALSE,1.22848475655999,"BILE ACID METABOLISM","Heart","MSigDBHallmark"
"HALLMARK_SPERMATOGENESIS",0.497563977368289,0.672383753200391,5,113,"ACE, BUB1, CFTR, DCC, PEBP1",FALSE,1.18296126110573,"SPERMATOGENESIS","Heart","MSigDBHallmark"
"HALLMARK_G2M_CHECKPOINT",0.516585754071865,0.679718097462981,8,189,"BCL3, BUB1, CBX1, CDKN1B, HNRNPD, MEIS1, NDC80, PAFAH1B1",FALSE,1.09273660948302,"G2M CHECKPOINT","Heart","MSigDBHallmark"
"HALLMARK_INTERFERON_GAMMA_RESPONSE",0.558116068766355,0.70588722397315,8,196,"CD86, CFB, CMTR1, CSF2RB, ITGB7, RNF31, SAMHD1, TAP1",FALSE,1.05179240695086,"INTERFERON GAMMA RESPONSE","Heart","MSigDBHallmark"
"HALLMARK_DNA_REPAIR",0.56470977917852,0.70588722397315,6,147,"CETN2, NELFCD, POLE4, POLR2H, RFC5, TMED2",FALSE,1.07148697391521,"DNA REPAIR","Heart","MSigDBHallmark"
"HALLMARK_ADIPOGENESIS",0.668287921649656,0.814370209668634,7,190,"ACADL, ATL2, DECR1, IDH3A, MGST3, PPP1R15B, SLC27A1",FALSE,0.952474275001299,"ADIPOGENESIS","Heart","MSigDBHallmark"
"HALLMARK_MYC_TARGETS_V1",0.684070976121653,0.814370209668634,7,193,"AIMP2, HNRNPD, MRPS18B, NPM1, PSMD14, SRSF3, USP1",FALSE,0.937013581388433,"MYC TARGETS V1","Heart","MSigDBHallmark"
"HALLMARK_CHOLESTEROL_HOMEOSTASIS",0.801284232253009,0.931725851456987,2,72,"PNRC1, SEMA3B",FALSE,0.826235024299233,"CHOLESTEROL HOMEOSTASIS","Heart","MSigDBHallmark"
"HALLMARK_WNT_BETA_CATENIN_SIGNALING",0.8212466121275,0.933234786508523,1,41,"HEY2",FALSE,0.863241325088715,"WNT BETA CATENIN SIGNALING","Heart","MSigDBHallmark"
"HALLMARK_KRAS_SIGNALING_DN",0.853702257992492,0.948558064436102,5,176,"CPB1, DCC, ENTPD7, RYR2, UPK3B",FALSE,0.746075062383949,"KRAS SIGNALING DN","Heart","MSigDBHallmark"
"HALLMARK_MYOGENESIS",0.902126032234642,0.980571774168089,5,193,"APLNR, CACNA1H, FGF2, SOD3, TAGLN",FALSE,0.678217995856871,"MYOGENESIS","Heart","MSigDBHallmark"
"HALLMARK_PEROXISOME",0.930965443310971,0.990388769479757,2,104,"ACSL4, ALB",FALSE,0.567391882994074,"PEROXISOME","Heart","MSigDBHallmark"
"HALLMARK_APICAL_SURFACE",1,1,0,43,"",FALSE,0.267555906860323,"APICAL SURFACE","Heart","MSigDBHallmark"
"HALLMARK_NOTCH_SIGNALING",1,1,0,32,"",FALSE,0.358307251487767,"NOTCH SIGNALING","Heart","MSigDBHallmark"
"HALLMARK_PANCREAS_BETA_CELLS",1,1,0,29,"",FALSE,0.394803554951192,"PANCREAS BETA CELLS","Heart","MSigDBHallmark"
"HALLMARK_MYOGENESIS",5.20209128456554e-15,2.60104564228277e-13,25,193,"ACTA1, ACTC1, ACTN2, ACTN3, AGRN, ATP2A1, BAG1, BIN1, CASQ1, CHRNG, CKM, CSRP3, DES, ENO3, MYH1, MYH2, MYH8, MYOM2, MYOZ1, RYR1, SGCA, TCAP, TNNC2, TNNI2, TNNT3",TRUE,9.11470332888445,"MYOGENESIS","Extremities","MSigDBHallmark"
"HALLMARK_INTERFERON_ALPHA_RESPONSE",4.06454585931488e-05,0.00101613646482872,9,95,"CMPK2, HELZ2, HLA-C, IRF7, ISG15, OASL, OGFR, PROCR, USP18",TRUE,6.34534959441099,"INTERFERON ALPHA RESPONSE","Extremities","MSigDBHallmark"
"HALLMARK_EPITHELIAL_MESENCHYMAL_TRANSITION",0.002220928334892,0.0239208136993755,10,195,"BASP1, COL5A1, COL5A2, COL8A2, COMP, DPYSL3, LOXL2, PLAUR, PVR, TNFRSF12A",TRUE,3.26383516223257,"EPITHELIAL MESENCHYMAL TRANSITION","Extremities","MSigDBHallmark"
"HALLMARK_INTERFERON_GAMMA_RESPONSE",0.00230522837937286,0.0239208136993755,10,196,"CMPK2, HELZ2, HLA-B, IRF7, ISG15, MVP, OASL, OGFR, USP18, ZBP1",TRUE,3.24617766161509,"INTERFERON GAMMA RESPONSE","Extremities","MSigDBHallmark"
"HALLMARK_MITOTIC_SPINDLE",0.00239208136993755,0.0239208136993755,10,197,"ABR, ARHGAP4, ARHGDIA, BCAR1, BIN1, CLIP2, GEMIN4, INCENP, MAP1S, PXN",TRUE,3.22870850767085,"MITOTIC SPINDLE","Extremities","MSigDBHallmark"
"HALLMARK_COMPLEMENT",0.007877179324958,0.0656431610413167,9,198,"ACTN2, C1QA, CTSB, IRF7, MAFF, MMP13, PLAUR, SCG3, SRC",FALSE,2.8820628181181,"COMPLEMENT","Extremities","MSigDBHallmark"
"HALLMARK_HYPOXIA",0.0439070156983131,0.287784407947514,7,186,"ADM, ANGPTL4, COL5A1, ENO3, MAFF, PGF, PLAUR",FALSE,2.38993747038223,"HYPOXIA","Extremities","MSigDBHallmark"
"HALLMARK_APICAL_JUNCTION",0.0460455052716022,0.287784407947514,7,188,"ACTA1, ACTC1, ACTN2, ACTN3, DHX16, SRC, ZYX",FALSE,2.36337345541419,"APICAL JUNCTION","Extremities","MSigDBHallmark"
"HALLMARK_GLYCOLYSIS",0.117918471794645,0.588171119762471,6,192,"AGRN, ANGPTL4, B3GAT3, CHPF2, COL5A1, NOL3",FALSE,1.98736433391883,"GLYCOLYSIS","Extremities","MSigDBHallmark"
"HALLMARK_INFLAMMATORY_RESPONSE",0.124351144424408,0.588171119762471,6,195,"ADM, AXL, IRF7, PLAUR, PVR, SCARF1",FALSE,1.95561823309981,"INFLAMMATORY RESPONSE","Extremities","MSigDBHallmark"
"HALLMARK_CHOLESTEROL_HOMEOSTASIS",0.129397646347744,0.588171119762471,3,72,"CYP51A1, PLAUR, TNFRSF12A",FALSE,2.86416557588403,"CHOLESTEROL HOMEOSTASIS","Extremities","MSigDBHallmark"
"HALLMARK_KRAS_SIGNALING_DN",0.191367862754734,0.742684591214223,5,176,"ACTC1, ARPP21, CHRNG, CKM, RYR1",FALSE,1.82498867104319,"KRAS SIGNALING DN","Extremities","MSigDBHallmark"
"HALLMARK_COAGULATION",0.193097993715698,0.742684591214223,4,131,"C1QA, COMP, CTSB, MAFF",FALSE,2.00721374969741,"COAGULATION","Extremities","MSigDBHallmark"
"HALLMARK_TGF_BETA_SIGNALING",0.234145190547065,0.763360645282127,2,53,"NCOR2, SMAD3",FALSE,2.7557318639982,"TGF BETA SIGNALING","Extremities","MSigDBHallmark"
"HALLMARK_P53_PATHWAY",0.234655527312856,0.763360645282127,5,190,"CDKN2A, FDXR, OSGIN1, PROCR, RRAD",FALSE,1.68611173934161,"P53 PATHWAY","Extremities","MSigDBHallmark"
"HALLMARK_IL2_STAT5_SIGNALING",0.244275406490281,0.763360645282127,5,193,"COL6A1, ENO3, MAFF, PLEC, RNH1",FALSE,1.65903626326716,"IL2 STAT5 SIGNALING","Extremities","MSigDBHallmark"
"HALLMARK_MYC_TARGETS_V2",0.259880632716507,0.764354802107373,2,57,"FARSA, GRWD1",FALSE,2.55662893452798,"MYC TARGETS V2","Extremities","MSigDBHallmark"
"HALLMARK_UNFOLDED_PROTEIN_RESPONSE",0.279040443026131,0.775112341739252,3,106,"DKC1, GEMIN4, HYOU1",FALSE,1.92013455196706,"UNFOLDED PROTEIN RESPONSE","Extremities","MSigDBHallmark"
"HALLMARK_G2M_CHECKPOINT",0.415377701638793,0.940674031501475,4,189,"DKC1, HNRNPU, INCENP, SMAD3",FALSE,1.37576120594989,"G2M CHECKPOINT","Extremities","MSigDBHallmark"
"HALLMARK_KRAS_SIGNALING_UP",0.419264200011393,0.940674031501475,4,190,"ADAM8, ANGPTL4, PLAUR, SCG3",FALSE,1.36831827359084,"KRAS SIGNALING UP","Extremities","MSigDBHallmark"
"HALLMARK_ESTROGEN_RESPONSE_EARLY",0.427018919837006,0.940674031501475,4,192,"BAG1, CANT1, NCOR2, SH3BP5",FALSE,1.35366931918656,"ESTROGEN RESPONSE EARLY","Extremities","MSigDBHallmark"
"HALLMARK_UV_RESPONSE_DN",0.429618813865331,0.940674031501475,3,138,"COL5A2, DDAH1, SMAD3",FALSE,1.46440956885629,"UV RESPONSE DN","Extremities","MSigDBHallmark"
"HALLMARK_TNFA_SIGNALING_VIA_NFKB",0.446284546977004,0.940674031501475,4,197,"DUSP4, MAFF, PLAUR, SMAD3",FALSE,1.31837177401346,"TNFA SIGNALING VIA NFKB","Extremities","MSigDBHallmark"
"HALLMARK_ANGIOGENESIS",0.4675137453614,0.940674031501475,1,36,"COL5A2",FALSE,2.39396378269618,"ANGIOGENESIS","Extremities","MSigDBHallmark"
"HALLMARK_DNA_REPAIR",0.470337015750737,0.940674031501475,3,147,"CANT1, CMPK2, VPS28",FALSE,1.37260424407954,"DNA REPAIR","Extremities","MSigDBHallmark"
"HALLMARK_WNT_BETA_CATENIN_SIGNALING",0.51218114480908,0.95796998790528,1,41,"NCOR2",FALSE,2.09790879314689,"WNT BETA CATENIN SIGNALING","Extremities","MSigDBHallmark"
"HALLMARK_APICAL_SURFACE",0.528983503037316,0.95796998790528,1,43,"PLAUR",FALSE,1.99899159663866,"APICAL SURFACE","Extremities","MSigDBHallmark"
"HALLMARK_BILE_ACID_METABOLISM",0.566254131908553,0.95796998790528,2,109,"ABCA4, FDXR",FALSE,1.3166344109902,"BILE ACID METABOLISM","Extremities","MSigDBHallmark"
"HALLMARK_ADIPOGENESIS",0.642888037953157,0.95796998790528,3,190,"ANGPTL4, SOWAHC, UQCR11",FALSE,1.05562425900593,"ADIPOGENESIS","Extremities","MSigDBHallmark"
"HALLMARK_E2F_TARGETS",0.660176645017149,0.95796998790528,3,195,"CDKN2A, POLD2, TCF19",FALSE,1.02795672180077,"E2F TARGETS","Extremities","MSigDBHallmark"
"HALLMARK_FATTY_ACID_METABOLISM",0.739898585796015,0.95796998790528,2,151,"ENO3, NCAPH2",FALSE,0.944827460338463,"FATTY ACID METABOLISM","Extremities","MSigDBHallmark"
"HALLMARK_UV_RESPONSE_UP",0.743198712801996,0.95796998790528,2,152,"HNRNPU, RRAD",FALSE,0.9385042128784,"UV RESPONSE UP","Extremities","MSigDBHallmark"
"HALLMARK_APOPTOSIS",0.762255457078661,0.95796998790528,2,158,"FDXR, TNFRSF12A",FALSE,0.902261701877269,"APOPTOSIS","Extremities","MSigDBHallmark"
"HALLMARK_IL6_JAK_STAT3_SIGNALING",0.782342046698504,0.95796998790528,1,87,"TNFRSF12A",FALSE,0.98008729503362,"IL6 JAK STAT3 SIGNALING","Extremities","MSigDBHallmark"
"HALLMARK_PROTEIN_SECRETION",0.807525780718399,0.95796998790528,1,94,"CLTA",FALSE,0.906406198843174,"PROTEIN SECRETION","Extremities","MSigDBHallmark"
"HALLMARK_PI3K_AKT_MTOR_SIGNALING",0.826785103314895,0.95796998790528,1,100,"ARHGDIA",FALSE,0.85150241000923,"PI3K AKT MTOR SIGNALING","Extremities","MSigDBHallmark"
"HALLMARK_OXIDATIVE_PHOSPHORYLATION",0.83128391411525,0.95796998790528,2,184,"TCIRG1, UQCR11",FALSE,0.772748509596516,"OXIDATIVE PHOSPHORYLATION","Extremities","MSigDBHallmark"
"HALLMARK_PEROXISOME",0.838544417938136,0.95796998790528,1,104,"MVP",FALSE,0.818436360051267,"PEROXISOME","Extremities","MSigDBHallmark"
"HALLMARK_ALLOGRAFT_REJECTION",0.842287567997089,0.95796998790528,2,189,"CDKN2A, IRF7",FALSE,0.751959981809914,"ALLOGRAFT REJECTION","Extremities","MSigDBHallmark"
"HALLMARK_HEME_METABOLISM",0.842287567997089,0.95796998790528,2,189,"CTSB, SPTB",FALSE,0.751959981809914,"HEME METABOLISM","Extremities","MSigDBHallmark"
"HALLMARK_ESTROGEN_RESPONSE_LATE",0.846504228579688,0.95796998790528,2,191,"BAG1, NCOR2",FALSE,0.743951736277344,"ESTROGEN RESPONSE LATE","Extremities","MSigDBHallmark"
"HALLMARK_XENOBIOTIC_METABOLISM",0.848573991683456,0.95796998790528,2,192,"BCAR1, ITIH4",FALSE,0.740010670562496,"XENOBIOTIC METABOLISM","Extremities","MSigDBHallmark"
"HALLMARK_MYC_TARGETS_V1",0.850618384537347,0.95796998790528,2,193,"HNRNPU, POLD2",FALSE,0.736110764802895,"MYC TARGETS V1","Extremities","MSigDBHallmark"
"HALLMARK_MTORC1_SIGNALING",0.852637661640405,0.95796998790528,2,194,"CYP51A1, FDXR",FALSE,0.732251377544693,"MTORC1 SIGNALING","Extremities","MSigDBHallmark"
"HALLMARK_SPERMATOGENESIS",0.862172989114752,0.95796998790528,1,113,"SCG3",FALSE,0.752634920634921,"SPERMATOGENESIS","Extremities","MSigDBHallmark"
"HALLMARK_ANDROGEN_RESPONSE",1,1,0,95,"",FALSE,0.294976805643368,"ANDROGEN RESPONSE","Extremities","MSigDBHallmark"
"HALLMARK_HEDGEHOG_SIGNALING",1,1,0,34,"",FALSE,0.818929070064696,"HEDGEHOG SIGNALING","Extremities","MSigDBHallmark"
"HALLMARK_NOTCH_SIGNALING",1,1,0,32,"",FALSE,0.869408203736562,"NOTCH SIGNALING","Extremities","MSigDBHallmark"
"HALLMARK_PANCREAS_BETA_CELLS",1,1,0,29,"",FALSE,0.95796058229653,"PANCREAS BETA CELLS","Extremities","MSigDBHallmark"
"HALLMARK_REACTIVE_OXYGEN_SPECIES_PATHWAY",1,1,0,47,"",FALSE,0.594429765050346,"REACTIVE OXYGEN SPECIES PATHWAY","Extremities","MSigDBHallmark"
"HALLMARK_HEME_METABOLISM",1.99928920063036e-48,9.99644600315182e-47,44,189,"ACSL6, ADD2, AHSP, ALAS2, ANK1, BLVRB, BPGM, CA1, CA2, CPOX, EPB42, EPOR, ERMAP, FBXO7, FECH, GYPA, GYPC, HBB, HBD, HMBS, KEL, MAP2K3, MKRN1, MPP1, NCOA4, OSBP2, RBM38, RHCE, RHD, SLC22A4, SLC25A37, SLC2A1, SLC4A1, SLC6A8, SNCA, SPTA1, SPTB, TFRC, TMCC2, TRAK2, TRIM58, UROD, XK, XPO7",TRUE,39.0439484220814,"HEME METABOLISM","Others","MSigDBHallmark"
"HALLMARK_UV_RESPONSE_UP",0.000744309752086161,0.018607743802154,7,152,"CA2, COL2A1, DNAJB1, IGFBP2, SLC6A8, TFRC, UROD",TRUE,5.36609507159935,"UV RESPONSE UP","Others","MSigDBHallmark"
"HALLMARK_ALLOGRAFT_REJECTION",0.00260274577609558,0.0374050140042728,7,189,"ELANE, ELF4, FLNA, IL18RAP, IL2RA, PRKCB, SRGN",TRUE,4.27059064667099,"ALLOGRAFT REJECTION","Others","MSigDBHallmark"
"HALLMARK_PI3K_AKT_MTOR_SIGNALING",0.00299240112034183,0.0374050140042728,5,100,"CDK1, MAP2K3, PRKCB, RAF1, SLC2A1",TRUE,5.95042337276194,"PI3K AKT MTOR SIGNALING","Others","MSigDBHallmark"
"HALLMARK_KRAS_SIGNALING_DN",0.00771473367730507,0.0771473367730507,6,176,"BMPR1B, CLSTN3, COL2A1, IGFBP2, MEFV, UPK3B",FALSE,3.94428152492669,"KRAS SIGNALING DN","Others","MSigDBHallmark"
"HALLMARK_FATTY_ACID_METABOLISM",0.0163717209669338,0.136431008057781,5,151,"BMPR1B, CA2, CPOX, HSPH1, UROD",FALSE,3.86948974002444,"FATTY ACID METABOLISM","Others","MSigDBHallmark"
"HALLMARK_KRAS_SIGNALING_UP",0.0388245669723098,0.249955626762411,5,190,"BPGM, CA2, GYPC, PPBP, TSPAN1",FALSE,3.05024791188313,"KRAS SIGNALING UP","Others","MSigDBHallmark"
"HALLMARK_MTORC1_SIGNALING",0.0418393356418134,0.249955626762411,5,194,"HMBS, MAP2K3, SLC2A1, TFRC, TPI1",FALSE,2.98528942310824,"MTORC1 SIGNALING","Others","MSigDBHallmark"
"HALLMARK_COMPLEMENT",0.044992012817234,0.249955626762411,5,198,"CA2, GCA, LIPA, LTF, RAF1",FALSE,2.92301655660829,"COMPLEMENT","Others","MSigDBHallmark"
"HALLMARK_TGF_BETA_SIGNALING",0.0944502871615513,0.472251435807757,2,53,"HIPK2, WWTR1",FALSE,4.95275553350814,"TGF BETA SIGNALING","Others","MSigDBHallmark"
"HALLMARK_IL2_STAT5_SIGNALING",0.120492182127607,0.515890226122486,4,193,"CA2, HIPK2, IL2RA, MAP6",FALSE,2.43050702417457,"IL2 STAT5 SIGNALING","Others","MSigDBHallmark"
"HALLMARK_E2F_TARGETS",0.123813654269397,0.515890226122486,4,195,"CDK1, NCAPD2, TFRC, WEE1",FALSE,2.40489219340394,"E2F TARGETS","Others","MSigDBHallmark"
"HALLMARK_IL6_JAK_STAT3_SIGNALING",0.20834976931117,0.685975275450055,2,87,"CD38, IL2RA",FALSE,2.97840099031033,"IL6 JAK STAT3 SIGNALING","Others","MSigDBHallmark"
"HALLMARK_ANDROGEN_RESPONSE",0.237038846705729,0.685975275450055,2,95,"BMPR1B, NCOA4",FALSE,2.72252364781347,"ANDROGEN RESPONSE","Others","MSigDBHallmark"
"HALLMARK_HEDGEHOG_SIGNALING",0.283583822288054,0.685975275450055,1,34,"ETS2",FALSE,4.5501427487261,"HEDGEHOG SIGNALING","Others","MSigDBHallmark"
"HALLMARK_ESTROGEN_RESPONSE_LATE",0.285893868835379,0.685975275450055,3,191,"BLVRB, CA2, LTF",FALSE,1.89122074283528,"ESTROGEN RESPONSE LATE","Others","MSigDBHallmark"
"HALLMARK_GLYCOLYSIS",0.28854541939701,0.685975275450055,3,192,"CAPN5, CDK1, TPI1",FALSE,1.88115036997374,"GLYCOLYSIS","Others","MSigDBHallmark"
"HALLMARK_XENOBIOTIC_METABOLISM",0.28854541939701,0.685975275450055,3,192,"BLVRB, CA2, ETS2",FALSE,1.88115036997374,"XENOBIOTIC METABOLISM","Others","MSigDBHallmark"
"HALLMARK_MYOGENESIS",0.291198891564421,0.685975275450055,3,193,"GABARAPL2, SLC6A8, WWTR1",FALSE,1.87118572281154,"MYOGENESIS","Others","MSigDBHallmark"
"HALLMARK_EPITHELIAL_MESENCHYMAL_TRANSITION",0.296511023275039,0.685975275450055,3,195,"FLNA, IGFBP2, SLC6A8",FALSE,1.8515670148922,"EPITHELIAL MESENCHYMAL TRANSITION","Others","MSigDBHallmark"
"HALLMARK_INFLAMMATORY_RESPONSE",0.296511023275039,0.685975275450055,3,195,"IL18RAP, MEFV, RAF1",FALSE,1.8515670148922,"INFLAMMATORY RESPONSE","Others","MSigDBHallmark"
"HALLMARK_TNFA_SIGNALING_VIA_NFKB",0.301829121198024,0.685975275450055,3,197,"BIRC2, ETS2, MAP2K3",FALSE,1.83235177654446,"TNFA SIGNALING VIA NFKB","Others","MSigDBHallmark"
"HALLMARK_WNT_BETA_CATENIN_SIGNALING",0.331167289543919,0.719928890312868,1,41,"HDAC11",FALSE,3.76244283023944,"WNT BETA CATENIN SIGNALING","Others","MSigDBHallmark"
"HALLMARK_REACTIVE_OXYGEN_SPECIES_PATHWAY",0.369441015185679,0.769668781636831,1,47,"MPO",FALSE,3.27602905569007,"REACTIVE OXYGEN SPECIES PATHWAY","Others","MSigDBHallmark"
"HALLMARK_UV_RESPONSE_DN",0.39033892908066,0.780677858161321,2,138,"LTBP1, PRDM2",FALSE,1.86104649608299,"UV RESPONSE DN","Others","MSigDBHallmark"
"HALLMARK_APOPTOSIS",0.4573326061146,0.879485780989615,2,158,"CD38, WEE1",FALSE,1.62165838794182,"APOPTOSIS","Others","MSigDBHallmark"
"HALLMARK_HYPOXIA",0.543570829264326,0.957938532209005,2,186,"SLC2A1, TPI1",FALSE,1.37370680276146,"HYPOXIA","Others","MSigDBHallmark"
"HALLMARK_ESTROGEN_RESPONSE_EARLY",0.560778720006772,0.957938532209005,2,192,"BLVRB, SLC2A1",FALSE,1.33005728298561,"ESTROGEN RESPONSE EARLY","Others","MSigDBHallmark"
"HALLMARK_INTERFERON_GAMMA_RESPONSE",0.571992215791115,0.957938532209005,2,196,"BPGM, CD38",FALSE,1.30245373063379,"INTERFERON GAMMA RESPONSE","Others","MSigDBHallmark"
"HALLMARK_MITOTIC_SPINDLE",0.574763119325403,0.957938532209005,2,197,"CDK1, FLNA",FALSE,1.29572933584732,"MITOTIC SPINDLE","Others","MSigDBHallmark"
"HALLMARK_PROTEIN_SECRETION",0.602804543975856,0.972265393509445,1,94,"YIPF6",FALSE,1.62560370835545,"PROTEIN SECRETION","Others","MSigDBHallmark"
"HALLMARK_SPERMATOGENESIS",0.670591970399523,1,1,113,"CDK1",FALSE,1.34983050847458,"SPERMATOGENESIS","Others","MSigDBHallmark"
"HALLMARK_COAGULATION",0.72414959017626,1,1,131,"CAPN5",FALSE,1.16264506971696,"COAGULATION","Others","MSigDBHallmark"
"HALLMARK_OXIDATIVE_PHOSPHORYLATION",0.836548548843369,1,1,184,"OAT",FALSE,0.824742200025071,"OXIDATIVE PHOSPHORYLATION","Others","MSigDBHallmark"
"HALLMARK_G2M_CHECKPOINT",0.844433127311315,1,1,189,"CDK1",FALSE,0.802673072106152,"G2M CHECKPOINT","Others","MSigDBHallmark"
"HALLMARK_ADIPOGENESIS",1,1,0,190,"",FALSE,0.263447490750403,"ADIPOGENESIS","Others","MSigDBHallmark"
"HALLMARK_ANGIOGENESIS",1,1,0,36,"",FALSE,1.38514606370688,"ANGIOGENESIS","Others","MSigDBHallmark"
"HALLMARK_APICAL_JUNCTION",1,1,0,188,"",FALSE,0.266268256048065,"APICAL JUNCTION","Others","MSigDBHallmark"
"HALLMARK_APICAL_SURFACE",1,1,0,43,"",FALSE,1.16186123805567,"APICAL SURFACE","Others","MSigDBHallmark"
"HALLMARK_BILE_ACID_METABOLISM",1,1,0,109,"",FALSE,0.46010892886615,"BILE ACID METABOLISM","Others","MSigDBHallmark"
"HALLMARK_CHOLESTEROL_HOMEOSTASIS",1,1,0,72,"",FALSE,0.696152887411716,"CHOLESTEROL HOMEOSTASIS","Others","MSigDBHallmark"
"HALLMARK_DNA_REPAIR",1,1,0,147,"",FALSE,0.340951603022259,"DNA REPAIR","Others","MSigDBHallmark"
"HALLMARK_INTERFERON_ALPHA_RESPONSE",1,1,0,95,"",FALSE,0.527912697912067,"INTERFERON ALPHA RESPONSE","Others","MSigDBHallmark"
"HALLMARK_MYC_TARGETS_V1",1,1,0,193,"",FALSE,0.259325674792192,"MYC TARGETS V1","Others","MSigDBHallmark"
"HALLMARK_MYC_TARGETS_V2",1,1,0,57,"",FALSE,0.878386589837611,"MYC TARGETS V2","Others","MSigDBHallmark"
"HALLMARK_NOTCH_SIGNALING",1,1,0,32,"",FALSE,1.55592215013902,"NOTCH SIGNALING","Others","MSigDBHallmark"
"HALLMARK_P53_PATHWAY",1,1,0,190,"",FALSE,0.263447490750403,"P53 PATHWAY","Others","MSigDBHallmark"
"HALLMARK_PANCREAS_BETA_CELLS",1,1,0,29,"",FALSE,1.71439656932816,"PANCREAS BETA CELLS","Others","MSigDBHallmark"
"HALLMARK_PEROXISOME",1,1,0,104,"",FALSE,0.482239003862339,"PEROXISOME","Others","MSigDBHallmark"
"HALLMARK_UNFOLDED_PROTEIN_RESPONSE",1,1,0,106,"",FALSE,0.47313762090616,"UNFOLDED PROTEIN RESPONSE","Others","MSigDBHallmark"
