"pathway","pval","padj","overlap","size","overlapGenes","padj_sig","odds_ratio","pretty_pathway"
"TGFB_UP.V1_UP",4.5855024899102e-08,4.5396474650111e-06,31,176,"ADAM22, CHST3, COL16A1, DACT1, DLC1, DYRK2, FAT4, FNBP1L, ID3, IRS1, ITGA5, JAM2, JUN, KLF7, LIF, LRP12, NDST1, PDGFB, PHLDB1, PMEPA1, RAPGEF2, RGCC, RGS12, RHOB, RUSC2, SMOX, SMTN, TAGLN, TBX3, TLE3, TMC7",TRUE,3.49290686404088,"TGFB.V1"
"PTEN_DN.V1_UP",4.18842739758185e-07,2.07327156180302e-05,27,155,"ATP6V1B1, AZU1, CAMTA1, CAPN11, CCDC102B, COL15A1, EFNB3, FNBP1L, GPER1, HOXB2, JAM3, KALRN, LRCH1, MMRN2, NFASC, NR2F1, NREP, NYNRIN, PCDHA5, PCDHB12, PGR, PRR16, RARB, SHC2, SLC6A1, TCF7L1, TUSC3",TRUE,3.4445268782409,"PTEN DN.V1"
"ESC_J1_UP_LATE.V1_UP",0.000400427259339637,0.013214099558208,22,168,"BGN, CDC42EP1, CHST15, CLDN7, COL4A1, COL4A2, CRIM1, ENPEP, FARP1, GSN, HTRA1, LAMA1, LOXL2, LXN, MYO6, PARVA, PCDH1, RAMP2, RGL3, SOX17, TCN2, TNFRSF12A",TRUE,2.45975798945082,"ESC J1 LATE.V1"
"JAK2_DN.V1_UP",0.000679322151742205,0.0162207899926011,19,141,"ACTA2, AFF3, CBX8, CDH5, CLDN7, COL6A3, CSPG4, JAM2, KITLG, LAMA1, MYH13, PCDHB12, PDE10A, SEMA5A, SLC22A17, SOX17, TSPYL5, ZEB1, ZSCAN2",TRUE,2.54636132566691,"JAK2 DN.V1"
"MEK_UP.V1_UP",0.00110538929062306,0.0162207899926011,22,181,"ARHGDIB, ATXN1, BCAM, CADPS2, CLMN, COL5A2, CSGALNACT1, EPAS1, IL4R, MEF2C, NEDD9, PCDH1, PCDH9, PDK4, PDLIM7, PRKCH, PTMS, RFTN1, TGFB1I1, TNS3, TP53I11, VWA1",TRUE,2.25779424337418,"MEK.V1"
"RAPA_EARLY_UP.V1_UP",0.00113177889316896,0.0162207899926011,19,147,"ACOX3, ADRA1B, AEBP1, ARHGEF15, CACNA1C, CCDC9, CDK10, COL5A2, GRIN2C, HLA-DRB6, ITGA5, KCNC4, KRT19, PDE1B, PLEKHA6, PTGDR, PTH2R, SSUH2, TLE3",TRUE,2.42673109405803,"RAPA EARLY.V1"
"BMI1_DN.V1_UP",0.00114692454493139,0.0162207899926011,18,136,"ACTA2, ADAM12, AGRN, BST1, CHST3, COL16A1, CSPG4, FGFR1, FKRP, ITGA5, KCNC4, LIF, MFGE8, MMP15, MMP7, PMEPA1, TAGLN, TRIO",TRUE,2.4958154267585,"BMI1 DN.V1"
"KRAS.LUNG_UP.V1_UP",0.00136050649084924,0.0168362678242593,16,116,"ADAMTS3, ANO1, DCBLD2, DOCK4, EGFL7, ETS1, GRIN2A, ITGA2, MAGEA6, NAV3, NES, NRP1, PCDH17, RGS4, SCG5, TBX3",TRUE,2.62283876156011,"KRAS.LUNG.V1"
"KRAS.KIDNEY_UP.V1_UP",0.00162806163844386,0.0179086780228825,17,129,"A2M, ADCY1, AK5, ALDH1A1, CPE, DNM3, KCNJ8, KIT, MEF2C, PCDH9, PLCB1, PLCL1, SCG5, SLC6A1, SOBP, SPARCL1, TRIB2",TRUE,2.48557120500782,"KRAS.KIDNEY.V1"
"ESC_V6.5_UP_EARLY.V1_UP",0.00203592020706974,0.0201556100499904,18,143,"CHD7, CLEC11A, DACH1, DLC1, ENG, LPAR4, LTF, MDFI, NCOA2, RAI1, RASAL2, SASH1, SH3RF1, SLC23A1, SOX11, SYTL2, TERT, TNFRSF1B",TRUE,2.35577544834757,"ESC V6.5 EARLY.V1"
"BMI1_DN_MEL18_DN.V1_UP",0.002458484131559,0.022126357184031,17,134,"ABLIM3, ADAM12, APBB2, BST1, CDH13, CHST3, COL16A1, CSPG4, ITGA5, KLF7, LIF, MMP7, PMEPA1, RUSC2, TAGLN, TRIO, ZEB2",TRUE,2.37920287683548,"BMI1 DN MEL18 DN.V1"
"STK33_UP",0.00651033055747483,0.0537102270991673,26,260,"ATXN1, BMF, BTN2A1, CD36, CLVS1, CMTM1, COL6A3, CYTH2, DOCK4, FAM20C, FNBP1L, HECW2, JUN, KCNJ2, KITLG, LFNG, LPAR6, MAP4K3, MTSS1, NBEAL1, NRP1, RHOB, SIPA1L2, SPRED1, ZBTB18, ZEB2",FALSE,1.80769008049105,"STK33"
"STK33_SKM_UP",0.00827878064951341,0.0630460987924483,24,239,"ACTA2, ARHGAP42, BMF, CD36, CMTM1, FAM20C, FNBP1L, HECW2, KCNJ2, KITLG, LFNG, LPAR6, NBEAL1, PRKY, PTPRM, RCBTB2, RGCC, RHOB, SH2B3, SIPA1L2, SUCNR1, SYCP2, TGFB1I1, TP53INP2",FALSE,1.81741519491531,"STK33 SKM"
"PRC1_BMI_UP.V1_UP",0.00922884953591397,0.0652611502896773,18,165,"ADAP2, AGAP2, ATP1B2, AZU1, CDK6, CHD7, CLCA1, EOGT, GRIN2C, MADCAM1, MDFI, NIN, PCDHB12, PMEPA1, PRND, TLE2, TNN, ZNF423",FALSE,2.00218297985624,"PRC1 BMI.V1"
"ATF2_S_UP.V1_UP",0.0116639870070755,0.0769823142466984,18,169,"ABLIM3, CEP41, CTRL, DYSF, FAT4, GPER1, ITGA6, KCNB1, LHX6, LRRC17, NRXN3, PLEKHA2, PML, PPM1H, SEMA5A, SLC13A4, TMEM156, TRPC4",FALSE,1.94892662846631,"ATF2 S.V1"
"MEL18_DN.V1_UP",0.0132700629342774,0.0821085144058412,15,134,"ABLIM3, ADAM12, AGRN, CDH13, CHST2, CHST3, COL16A1, CSPG4, ITGA5, LIF, LPL, MMP15, MMP7, NRP1, PMEPA1",FALSE,2.06848711737503,"MEL18 DN.V1"
"PRC2_EED_DN.V1_UP",0.0159884447768775,0.083916595290019,17,162,"ADRA1B, ATXN1, BAZ2B, CBX8, CLCA1, CLGN, CORO2B, LXN, MADCAM1, MPDZ, MTSS1, PMEPA1, PPM1H, SCG5, SEMA6D, TSPAN13, ZHX3",FALSE,1.91863898165626,"PRC2 EED DN.V1"
"CAHOY_ASTROGLIAL",0.0160350290009817,0.083916595290019,11,89,"ACTA2, AEBP1, COL5A1, DYSF, IGFBP3, LOXL2, LRP2, PCDH17, SUCNR1, TAGLN, TNFRSF12A",FALSE,2.33356460874068,"CAHOY ASTROGLIAL"
"KRAS.600.LUNG.BREAST_UP.V1_UP",0.0161052051566703,0.083916595290019,23,240,"A2M, ANO1, ANO2, CHST2, DCBLD2, DOCK4, ETS1, GRIN2A, HIC1, IGFBP3, ITGA2, LIF, LPL, MAGEA6, MMP15, NAV3, PLVAP, SCG5, SOX10, SOX17, TBX3, TERT, TMEM156",FALSE,1.72563362475657,"KRAS.600.LUNG.BREAST.V1"
"KRAS.PROSTATE_UP.V1_UP",0.0200493097822788,0.0942469220016526,13,116,"ADRA1B, CADPS2, CX3CL1, ENG, ITGA2, JAM2, LRCH1, NBEA, NES, PCDHA2, PDK4, PIGR, ZEB1",FALSE,2.07842829487783,"KRAS.PROSTATE.V1"
"CYCLIN_D1_UP.V1_UP",0.0209437604448117,0.0942469220016526,17,167,"BCL9, BMP1, COL4A2, DMWD, FGD1, GGT5, GNL1, HSPG2, MED12, MMP15, NEK3, PDE1B, PTMS, SMOX, SMTN, TAGLN, THY1",FALSE,1.85442889897525,"CYCLIN D1.V1"
"ESC_V6.5_UP_LATE.V1_UP",0.0209437604448117,0.0942469220016526,17,167,"APLNR, BVES, CHST15, CMTM8, COL4A1, COL4A2, FARP1, FOXA1, LOXL2, MYO6, RAI1, RAMP2, RASAL2, RGL3, SH3RF1, SOX17, TCN2",FALSE,1.85442889897525,"ESC V6.5 LATE.V1"
"EGFR_UP.V1_UP",0.0221077629356657,0.0951595013317785,18,181,"A2M, ATXN1, CADPS2, COL5A2, CSGALNACT1, EPAS1, FHOD1, IL4R, ITGA2, LIF, LOXL2, LPAR6, LPP, MBNL2, PAPSS2, PCDH9, PDLIM7, TNS3",FALSE,1.80479246644769,"EGFR.V1"
"RAF_UP.V1_UP",0.0243852634643786,0.100589211790562,18,183,"CLMN, CRIM1, CSGALNACT1, ENPEP, EPAS1, GJA5, GRB10, ITGA6, JAM2, KLHL7, NEDD4, PARVA, PKD2, PRKCH, PTMS, RNF144A, TLE2, TSPAN12",FALSE,1.78280220910043,"RAF.V1"
"YAP1_UP",0.0293090625966217,0.116063887882622,6,40,"C8orf58, CCDC8, CDK14, MYLK, RFTN1, RGCC",FALSE,2.99577993213206,"YAP1"
"BRCA1_DN.V1_UP",0.0392967735836113,0.149630022491443,11,102,"CD34, CDH13, ETNK2, GJA5, HAAO, ISYNA1, LDB2, LHX6, PIP, SHANK1, ZNF423",FALSE,2.00071123599686,"BRCA1 DN.V1"
"KRAS.300_UP.V1_UP",0.0427645892072171,0.156803493759796,13,129,"A2M, ANO1, DCBLD2, DNM3, DOCK4, GRIN2A, ITGA2, LRCH1, NAV3, SCG5, TERT, TRIB2, ZNF528",FALSE,1.84529213988008,"KRAS.300.V1"
"IL21_UP.V1_UP",0.0486758689189788,0.172103965106389,15,158,"ABCC8, AGAP2, BAIAP3, CDH5, CLDN7, COL15A1, GPR176, GRIN2A, HOXB2, LIF, MYH4, PCDHA5, RGCC, SPARCL1, SPRY4",FALSE,1.72045501950744,"IL21.V1"
"ERBB2_UP.V1_UP",0.0520945508424909,0.177840018393331,16,173,"ATXN1, BCAM, CA8, CADPS2, CLMN, CSGALNACT1, EPAS1, EPB41L4A, GNAI2, NOTCH3, PAPSS2, PCDH1, PTMS, RFTN1, ST8SIA4, VWA1",FALSE,1.66881881019396,"ERBB2.V1"
"KRAS.600_UP.V1_UP",0.0541012166957684,0.178534015096036,21,243,"A2M, ANO1, DCBLD2, DNM3, DOCK4, GRIN2A, ITGA2, KCNJ8, KIT, LRCH1, NAV3, NRP1, PCDH9, PLEKHS1, SCG5, TBX3, TERT, TMEM156, TRIB2, ZEB1, ZNF528",FALSE,1.54041088123092,"KRAS.600.V1"
"LEF1_UP.V1_UP",0.0615528055816096,0.196571862986431,16,177,"ANO1, AUTS2, CHST2, EPB41L4A, HOXB2, IGFBP7, ISYNA1, LPL, NES, OBSL1, PMEPA1, PTPRN2, RAMP2, RGCC, TMEM47, TNFRSF1B",FALSE,1.62715719263389,"LEF1.V1"
"LTE2_UP.V1_UP",0.0640888521194343,0.1982748862445,16,178,"ABCG2, CLMN, CSGALNACT1, DIAPH2, ELF5, EPAS1, EPB41L1, GTDC1, MARCKS, PCDH9, PDE8A, PIP, PRKCH, RFTN1, SASH1, TNS3",FALSE,1.61706226222511,"LTE2.V1"
"CSR_EARLY_UP.V1_UP",0.0759340268484446,0.224881746626877,13,141,"BCAR3, DCBLD1, ETS1, ID3, NCL, PHLDB1, PTPN12, SMAD7, SMTN, SPRY4, TBX2, TNFRSF12A, ZNF697",FALSE,1.67195774628103,"CSR EARLY.V1"
"STK33_NOMO_UP",0.07723211500317,0.224881746626877,22,268,"A2M, CLVS1, COL6A3, CTTNBP2NL, DOCK4, EPAS1, FBXO32, HECW2, IRS1, JUN, KCNJ2, KIFC3, KITLG, MAP4K3, MTSS1, NRP1, RHOB, SIPA1L2, SPRED1, TBCEL, ZBTB18, ZEB2",FALSE,1.45450857458971,"STK33 NOMO"
"CORDENONSI_YAP_CONSERVED_SIGNATURE",0.0925373456701459,0.247612851595046,6,53,"ASAP1, CRIM1, DLC1, GAS6, MARCKS, PHGDH",FALSE,2.17446308231688,"CORDENONSI YAP CONSERVED SIGNATURE"
"ATF2_UP.V1_UP",0.093902764266251,0.247612851595046,14,160,"ABLIM3, BAIAP3, CEP41, CLDN15, CORO2B, DENND2A, DIP2A, EFHD1, INPP4B, NEDD9, NES, PCDH1, PELP1, TSC22D4",FALSE,1.57499558136253,"ATF2.V1"
"PRC2_EZH2_UP.V1_UP",0.0972663431675399,0.247612851595046,15,175,"ABLIM3, ATXN1, CDH13, CORO2B, DCBLD2, FXYD6, ITGA2, NES, PAMR1, PCDH9, PLCB1, PMEPA1, RGCC, TMC7, TSPAN13",FALSE,1.5369069388174,"PRC2 EZH2.V1"
"VEGF_A_UP.V1_UP",0.0972663431675399,0.247612851595046,15,175,"CLIP2, CORO2B, DENND3, GDF11, HDAC5, LMOD1, MTSS1, NEDD9, SEMA5A, SHC2, SMG6, TAGLN, THY1, TP53I11, UBA7",FALSE,1.5369069388174,"VEGF A.V1"
"NOTCH_DN.V1_UP",0.0975444566889575,0.247612851595046,14,161,"ASB9, ATP1B2, CASKIN2, CLMN, COL4A1, DAAM2, DGKE, FKBP9, IQCC, NYNRIN, RAG1, RANBP17, SLC5A4, TGFB1I1",FALSE,1.56423871700835,"NOTCH DN.V1"
"IL2_UP.V1_UP",0.101271865431117,0.250647866942016,14,162,"AMIGO2, F2RL2, FLT1, IRS1, LIF, NR2F2, PIP, RGCC, RHOB, RNF144A, RNF20, TBC1D9, TNFRSF12A, TNFRSF1B",FALSE,1.55362672624816,"IL2.V1"
"CYCLIN_D1_KE_.V1_UP",0.104459695840125,0.252231948492009,15,177,"ATXN1, BCL9, CDK6, CDR2L, COL18A1, COL5A2, DMWD, GGT5, GNAI2, HSPG2, MMP15, NEK3, SMTN, THY1, TRIO",FALSE,1.51783787124888,"CYCLIN D1 KE .V1"
"CTIP_DN.V1_UP",0.117611457317782,0.275800505399224,10,110,"ADAMTS2, CD34, EGFL7, KCNC4, OLFML2B, PCDHA5, SALL2, SLC9A5, TERT, ZNF528",FALSE,1.66106442577031,"CTIP DN.V1"
"RPS14_DN.V1_UP",0.119792138708754,0.275800505399224,15,181,"ACTA2, AZU1, BST1, CRIM1, HLA-DRB6, IGFBP7, LY86, MARCKS, NYNRIN, PTPRG, RASAL2, RCBTB2, RHOB, SH3BP5, VWF",FALSE,1.48107408332398,"RPS14 DN.V1"
"KRAS.50_UP.V1_UP",0.126277103452882,0.284123482768984,5,45,"A2M, DOCK4, ITGA2, SCG5, TERT",FALSE,2.15698054903582,"KRAS.50.V1"
"PTEN_DN.V2_UP",0.133397797065097,0.293475153543213,11,127,"ANO2, ARHGDIB, CEP41, DENND2A, IL4R, JUN, LOXL2, NAV3, NID2, PRKY, TRIB2",FALSE,1.56939744001815,"PTEN DN.V2"
"JNK_DN.V1_UP",0.155466656073545,0.334591281549586,13,160,"ADAM12, ADAMTS3, CACNA1H, EFHD1, GABRP, HOXA4, IGFBP3, NID2, PAPSS2, SLC16A2, SLC6A1, STARD13, TBX2",FALSE,1.45519182524628,"JNK DN.V1"
"KRAS.BREAST_UP.V1_UP",0.168746782098566,0.355445349526767,10,119,"A2M, ANO2, BAIAP3, IGFBP3, LIF, PRB4, SCG5, SOX17, SPON2, TERT",FALSE,1.52384789532251,"KRAS.BREAST.V1"
"AKT_UP.V1_UP",0.186043027957092,0.383713745161502,12,151,"CLMN, FLT1, KCNQ1, MMP15, PON2, PRKCH, RIMKLB, SPECC1, TMCC3, TNFRSF12A, TRAF4, VILL",FALSE,1.42410268565805,"AKT.V1"
"PRC2_SUZ12_UP.V1_UP",0.19281113650821,0.389557194169649,13,167,"ATXN1, CBX8, DACH1, DCBLD2, GGT5, GRIN2C, ITGA2, PMEPA1, PRKY, SCG5, TNFRSF1B, VILL, ZNF471",FALSE,1.38877010970523,"PRC2 SUZ12.V1"
"KRAS.LUNG.BREAST_UP.V1_UP",0.201071953432352,0.395689255685324,10,124,"A2M, DOCK4, ETS1, IGFBP3, ITGA2, LIF, NAV3, SCG5, TBX3, TERT",FALSE,1.45693736009688,"KRAS.LUNG.BREAST.V1"
"E2F3_UP.V1_UP",0.204188670046527,0.395689255685324,13,169,"ABCG2, APOLD1, ATAD2, CBX2, CHST2, KCNA6, MMP15, NR2F1, PLXND1, RHOBTB2, SAMD1, SHANK3, TLE2",FALSE,1.37088384217022,"E2F3.V1"
"RB_P107_DN.V1_UP",0.207836780764008,0.395689255685324,10,125,"BGN, CD248, COL16A1, COL5A1, MFGE8, PML, RBPMS2, TAGLN, TMEM119, TSSC4",FALSE,1.4442504274437,"RB P107 DN.V1"
"P53_DN.V1_UP",0.22095300702234,0.412723541419088,14,187,"APBB2, AUTS2, BCAR3, CDH13, COL3A1, CORO2A, CPE, CRIM1, ITGA2, KRT19, MARCKS, NR2F1, NR2F2, SLC16A2",FALSE,1.3280836949618,"P53 DN.V1"
"BCAT.100_UP.V1_UP",0.250121504030293,0.450499524565556,4,43,"ENC1, FUT1, IRS1, TBX3",FALSE,1.80813030261785,"BCAT.100.V1"
"ATM_DN.V1_UP",0.250277513647531,0.450499524565556,10,131,"CD36, DYSF, FLT1, GPR162, PARVA, RGS12, SARDH, SLC6A1, SULT1C2, XAF1",FALSE,1.37251443787391,"ATM DN.V1"
"RELA_DN.V1_UP",0.265052717866687,0.46314507513645,10,133,"CLDN15, DYSF, FHL5, HTR1F, JUN, KCNC4, KDM5D, NLK, PIP, SCG5",FALSE,1.35015139659103,"RELA DN.V1"
"CAHOY_OLIGODENDROCUTIC",0.266659285684623,0.46314507513645,7,88,"CDR2L, GPR17, HIP1R, NRP1, PHLDB1, SEMA5A, SOX10",FALSE,1.46096763528158,"CAHOY OLIGODENDROCUTIC"
"KRAS.DF.V1_UP",0.271581826516083,0.463562083191245,13,180,"AKT3, BBS9, COL6A3, INPP4B, LOXL2, NRP1, PTPRG, PXDN, SCG5, SMARCA1, SMARCD3, SMTN, TRPC1",FALSE,1.28014440433213,"KRAS.DF.V1"
"AKT_UP_MTOR_DN.V1_UP",0.28138537487608,0.472155120554778,12,166,"CLMN, CPE, FLT1, HOXB3, KCNQ1, NIN, PDE10A, PON2, RIMKLB, TMCC3, TNFRSF12A, VILL",FALSE,1.28486746956697,"AKT MTOR DN.V1"
"CAHOY_ASTROCYTIC",0.323642396093639,0.530087599576266,7,94,"ELF5, GRIN2C, LGI4, MFGE8, PAPSS2, RARRES1, TTYH3",FALSE,1.36037639007699,"CAHOY ASTROCYTIC"
"CAHOY_NEURONAL",0.327298464683044,0.530087599576266,6,79,"CPNE5, CRHBP, MEF2C, RAMP3, RGS4, TSPYL5",FALSE,1.40343093759243,"CAHOY NEURONAL"
"P53_DN.V2_UP",0.331974052259884,0.530087599576266,9,126,"ADAM12, BPI, EML3, NF1, PCDH1, PRRG3, RHD, SARDH, XAF1",FALSE,1.28330455052022,"P53 DN.V2"
"GLI1_UP.V1_UP",0.356502848652973,0.554644339355823,2,21,"ZBTB16, ZC3H18",FALSE,2.03359331192333,"GLI1.V1"
"NFE2L2.V2",0.358557956755279,0.554644339355823,25,387,"ACVRL1, ADAMTS12, ARHGAP28, DNAH8, EFCAB14, F2RL2, FLT1, FUT1, IGFBP3, JDP2, KCNE4, KIT, MMP7, MPP3, NEDD4, PHGDH, PHLDB1, PIP, PLXND1, PSAT1P3, SLC48A1, SMG6, TERT, TET1, ZSWIM6",FALSE,1.11705534838899,"NFE2L2.V2"
"RB_P130_DN.V1_UP",0.373778396601998,0.569293250209197,8,115,"FGF10, MYLK, RASA4, RGL3, SEMA5B, TRAF4, VSIG2, ZNF428",FALSE,1.25465998940806,"RB P130 DN.V1"
"PKCA_DN.V1_UP",0.38288197688861,0.574322965332915,9,132,"C3orf62, CD36, HOXB4, OAS2, PDK4, SLC23A1, TET1, TREH, VWA1",FALSE,1.22058868760188,"PKCA DN.V1"
"PDGF_UP.V1_UP",0.408558354567578,0.603690703017765,9,135,"ARHGEF15, CBX2, CDK6, FAM149B1, GNL1, NEDD9, STK10, ZBTB18, ZNF304",FALSE,1.19146175521886,"PDGF.V1"
"CRX_NRL_DN.V1_UP",0.446770544915287,0.641018607921933,8,123,"BBS9, BST1, FXYD6, KCNB1, MEF2C, PDE8A, PLEKHA2, PROSER2",FALSE,1.16728670184523,"CRX NRL DN.V1"
"NRL_DN.V1_UP",0.446770544915287,0.641018607921933,8,123,"BBS9, BST1, EML3, KCNB1, MEF2C, PLEKHA2, PROSER2, TRPC1",FALSE,1.16728670184523,"NRL DN.V1"
"GCNP_SHH_UP_EARLY.V1_UP",0.463178148236384,0.655066238220029,10,158,"ADCY6, CD276, FCGRT, LOXL2, LUC7L3, MPDZ, RGCC, RIMKLB, SOX10, TIA1",FALSE,1.12143847437965,"GCNP SHH EARLY.V1"
"BCAT_BILD_ET_AL_UP",0.473532697687739,0.660277986916707,3,43,"DACH1, PALMD, TAGLN",FALSE,1.37043914852643,"BCAT BILD ET AL"
"DCA_UP.V1_UP",0.487151141390813,0.669832819412367,10,161,"AK5, ATP1B2, CAPN11, CASP2, FGD1, MCF2L, PHLDB1, RAI1, RNF125, SARDH",FALSE,1.09906536872175,"DCA.V1"
"KRAS.AMP.LUNG_UP.V1_UP",0.499295463321423,0.671477781904888,7,112,"LPL, MAGEA12, MAGEA6, MCF2L, MMP15, PLEKHS1, SOX12",FALSE,1.12725260379715,"KRAS.AMP.LUNG.V1"
"ESC_J1_UP_EARLY.V1_UP",0.50191268546426,0.671477781904888,9,146,"CACNB3, CORO2A, FMNL3, LOXL2, MOCS1, PDGFRB, PDK4, TRIB2, ZBTB16",FALSE,1.09553705790411,"ESC J1 EARLY.V1"
"SRC_UP.V1_UP",0.518332965077535,0.684199513902346,8,131,"BCL2, BMF, CEACAM19, COX4I2, LGI4, TAF3, TMEM88, WTIP",FALSE,1.09123303048488,"SRC.V1"
"TBK1.DN.48HRS_UP",0.562221836722129,0.72616694710304,3,49,"IGFBP3, MYLK, PTK2",FALSE,1.19324886932039,"TBK1.DN.48HRS"
"HOXA9_DN.V1_UP",0.564796514413475,0.72616694710304,10,171,"ACTA2, ATXN1, BST1, COL6A3, CSPG4, FCGRT, LPAR6, RCBTB2, RPS6KC1, VASH1",FALSE,1.03049145354736,"HOXA9 DN.V1"
"PGF_UP.V1_UP",0.644037427389157,0.81459841010505,10,182,"ARMCX2, BAZ2B, CRYBG3, DMTF1, ITGA2, LRRC17, RARB, RCBTB2, RPGR, THSD7A",FALSE,0.964243088539764,"PGF.V1"
"IL15_UP.V1_UP",0.650033074730292,0.81459841010505,9,165,"ACVRL1, IRS1, KCNJ2, LIF, NR2F2, RGCC, RHOB, RNF144A, TNFRSF12A",FALSE,0.961610244081281,"IL15.V1"
"WNT_UP.V1_UP",0.686100587255188,0.849049476728296,8,152,"CDH5, CPS1, EDA, F2R, NF1, SEMA5B, SLC7A2, TGFB1I1",FALSE,0.931658480411741,"WNT.V1"
"SINGH_KRAS_DEPENDENCY_SIGNATURE",0.705831459185013,0.861447216576658,1,20,"CLDN7",FALSE,1.21918645518169,"SINGH KRAS DEPENDENCY SIGNATURE"
"CSR_LATE_UP.V1_UP",0.713521936962485,0.861447216576658,8,156,"CASP2, DCBLD1, HIP1, IGFBP3, ITGA6, KCNC4, TRPC4, TSPAN13",FALSE,0.906380357039566,"CSR LATE.V1"
"EIF4E_UP",0.773774420282645,0.922935754313035,4,88,"CACNB3, DXO, SNTB1, TP53I11",FALSE,0.843311912790821,"EIF4E"
"RB_DN.V1_UP",0.788359574617069,0.925773675827616,5,110,"ACOX3, FXYD6, PALMD, PLEKHA6, SMARCA1",FALSE,0.82533401083115,"RB DN.V1"
"CRX_DN.V1_UP",0.79485618631664,0.925773675827616,5,111,"BCAR3, BST1, CLDN7, MEF2C, MYLK",FALSE,0.817543229350863,"CRX DN.V1"
"MYC_UP.V1_UP",0.814539799609455,0.937667908852745,7,154,"ANO2, ITPR1, LHX6, RPTOR, TSSC4, TTYH2, ZNF667",FALSE,0.804567136912615,"MYC.V1"
"ALK_DN.V1_UP",0.825013926583239,0.938808950939548,5,116,"ADAM12, BST1, EPAS1, STEAP4, TBX2",FALSE,0.780685496338741,"ALK DN.V1"
"PDGF_ERK_DN.V1_UP",0.886846729586839,0.997702570785194,5,129,"CDK6, CORO2B, CPS1, FAM149B1, MYO1E",FALSE,0.698710345567203,"PDGF ERK DN.V1"
"MTOR_UP.V1_UP",0.900214710082009,0.998537828461345,6,154,"ADRA1B, ATXN7L1, ELF5, ISYNA1, OAS2, TNFRSF12A",FALSE,0.692008504134551,"MTOR.V1"
"TBK1.DF_UP",0.92032308834818,0.998537828461345,11,265,"ARAP3, DDAH2, DMTF1, EOGT, GCC2, LRP12, MAST4, NCK2, PXDN, RHOBTB1, TNS3",FALSE,0.713413266843592,"TBK1.DF"
"CAMP_UP.V1_UP",0.927365124360832,0.998537828461345,7,185,"CEP41, COL6A3, HMGB2, KANSL1, NDRG2, RAPGEF2, SLC22A17",FALSE,0.663798453513142,"CAMP.V1"
"BCAT_GDS748_UP",0.932356043534784,0.998537828461345,1,44,"NEDD9",FALSE,0.545874261915526,"BCAT GDS748"
"GCNP_SHH_UP_LATE.V1_UP",0.938020384312172,0.998537828461345,6,168,"ELAVL2, FOXA1, LOXL2, LUC7L3, NR5A2, SARDH",FALSE,0.631942560829677,"GCNP SHH LATE.V1"
"SNF5_DN.V1_UP",0.959686995223722,1,5,157,"CD93, COL15A1, GABRQ, LY86, TAPBP",FALSE,0.569617573456867,"SNF5 DN.V1"
"E2F1_UP.V1_UP",0.97686066746453,1,5,171,"ADCY6, BCL2, CDR2L, FMNL3, PKP4",FALSE,0.521353158658858,"E2F1.V1"
"MTOR_UP.N4.V1_UP",0.983316116973975,1,5,179,"ITPR1, KLHL7, PHGDH, PLCB1, SSTR2",FALSE,0.497250585571027,"MTOR.N4.V1"
"HINATA_NFKB_IMMU_INF",1,1,0,14,"",FALSE,0.546234822247471,"HINATA NFKB IMMU INF"
"HINATA_NFKB_MATRIX",1,1,0,10,"",FALSE,0.754475509934025,"HINATA NFKB MATRIX"
"SIRNA_EIF4GI_UP",1,1,0,89,"",FALSE,0.0881634771269081,"SIRNA EIF4GI"
