"Tumor_Sample_Barcode","Total_Mutations","TMB_all_mutations","Total_Nonsyn_Mutations","TMB_nonsyn","sample_alias","individual_alias"
"RP-1447_ASCProject_0005_T2_v1_Exome_OnPrem",48,1.6,31,1.03333333333333,"ASCProject_0005_T2","ASCProject_0005"
"RP-1447_ASCProject_0005_T3_v2_Exome_OnPrem",33,1.1,19,0.633333333333333,"ASCProject_0005_T3","ASCProject_0005"
"RP-1447_ASCProject_0006_BLOOD_v1_Exome_OnPrem",44,1.46666666666667,30,1,"ASCProject_0006_BLOOD","ASCProject_0006"
"RP-1447_ASCProject_0006_T1_v2_Exome_OnPrem",8,0.266666666666667,5,0.166666666666667,"ASCProject_0006_T1","ASCProject_0006"
"RP-1447_ASCProject_0006_T2_v2_Exome_OnPrem",39,1.3,30,1,"ASCProject_0006_T2","ASCProject_0006"
"RP-1447_ASCProject_0007_T1_v2_Exome_OnPrem",55,1.83333333333333,42,1.4,"ASCProject_0007_T1","ASCProject_0007"
"RP-1447_ASCProject_0011_T1_v1_Exome_OnPrem",11,0.366666666666667,6,0.2,"ASCProject_0011_T1","ASCProject_0011"
"RP-1447_ASCProject_0013_T1_v3_Exome_OnPrem",5,0.166666666666667,4,0.133333333333333,"ASCProject_0013_T1","ASCProject_0013"
"RP-1447_ASCProject_0017_BLOOD_v1_Exome_OnPrem",7,0.233333333333333,4,0.133333333333333,"ASCProject_0017_BLOOD","ASCProject_0017"
"RP-1447_ASCProject_0017_T1_v1_Exome_OnPrem",186,6.2,105,3.5,"ASCProject_0017_T1","ASCProject_0017"
"RP-1447_ASCProject_0017_T2_v2_Exome_OnPrem",209,6.96666666666667,118,3.93333333333333,"ASCProject_0017_T2","ASCProject_0017"
"RP-1447_ASCProject_0020_T1_v2_Exome_OnPrem",71,2.36666666666667,48,1.6,"ASCProject_0020_T1","ASCProject_0020"
"RP-1447_ASCProject_0026_BLOOD_v1_Exome_OnPrem",43,1.43333333333333,27,0.9,"ASCProject_0026_BLOOD","ASCProject_0026"
"RP-1447_ASCProject_0038_T1_v3_Exome_OnPrem",133,4.43333333333333,75,2.5,"ASCProject_0038_T1","ASCProject_0038"
"RP-1447_ASCProject_0045_T1_v3_Exome_OnPrem",34,1.13333333333333,22,0.733333333333333,"ASCProject_0045_T1","ASCProject_0045"
"RP-1447_ASCProject_0052_T1_v1_Exome_OnPrem",25,0.833333333333333,17,0.566666666666667,"ASCProject_0052_T1","ASCProject_0052"
"RP-1447_ASCProject_0055_BLOOD_v1_Exome_OnPrem",10,0.333333333333333,6,0.2,"ASCProject_0055_BLOOD","ASCProject_0055"
"RP-1447_ASCProject_0055_T1_v2_Exome_OnPrem",61,2.03333333333333,37,1.23333333333333,"ASCProject_0055_T1","ASCProject_0055"
"RP-1447_ASCProject_0055_T2_v2_Exome_OnPrem",51,1.7,30,1,"ASCProject_0055_T2","ASCProject_0055"
"RP-1447_ASCProject_0059_T1_v1_Exome_OnPrem",71,2.36666666666667,40,1.33333333333333,"ASCProject_0059_T1","ASCProject_0059"
"RP-1447_ASCProject_0063_T2_v1_Exome_OnPrem",962,32.0666666666667,481,16.0333333333333,"ASCProject_0063_T2","ASCProject_0063"
"RP-1447_ASCProject_0063_T3_v1_Exome_OnPrem",640,21.3333333333333,321,10.7,"ASCProject_0063_T3","ASCProject_0063"
"RP-1447_ASCProject_0064_T2_v3_Exome_OnPrem",14,0.466666666666667,11,0.366666666666667,"ASCProject_0064_T2","ASCProject_0064"
"RP-1447_ASCProject_0066_T1_v1_Exome_OnPrem",24,0.8,10,0.333333333333333,"ASCProject_0066_T1","ASCProject_0066"
"RP-1447_ASCProject_0067_T1_v2_Exome_OnPrem",62,2.06666666666667,41,1.36666666666667,"ASCProject_0067_T1","ASCProject_0067"
"RP-1447_ASCProject_0073_T1_v3_Exome_OnPrem",40,1.33333333333333,22,0.733333333333333,"ASCProject_0073_T1","ASCProject_0073"
"RP-1447_ASCProject_0076_T1_v3_Exome_OnPrem",40,1.33333333333333,21,0.7,"ASCProject_0076_T1","ASCProject_0076"
"RP-1447_ASCProject_0082_T1_v2_Exome_OnPrem",27,0.9,10,0.333333333333333,"ASCProject_0082_T1","ASCProject_0082"
"RP-1447_ASCProject_0088_BLOOD_2_P_v1_Exome_OnPrem",32,1.06666666666667,20,0.666666666666667,"ASCProject_0088_BLOOD_2_P","ASCProject_0088"
"RP-1447_ASCProject_0088_T3_v2_Exome_OnPrem",69,2.3,45,1.5,"ASCProject_0088_T3","ASCProject_0088"
"RP-1447_ASCProject_0089_T1_v3_Exome_OnPrem",47,1.56666666666667,35,1.16666666666667,"ASCProject_0089_T1","ASCProject_0089"
"RP-1447_ASCProject_0094_T1_v2_Exome_OnPrem",34,1.13333333333333,25,0.833333333333333,"ASCProject_0094_T1","ASCProject_0094"
"RP-1447_ASCProject_0094_T2_v2_Exome_OnPrem",44,1.46666666666667,27,0.9,"ASCProject_0094_T2","ASCProject_0094"
"RP-1447_ASCProject_0098_T1_v2_Exome_OnPrem",952,31.7333333333333,486,16.2,"ASCProject_0098_T1","ASCProject_0098"
"RP-1447_ASCProject_0101_T1_v1_Exome_OnPrem",44,1.46666666666667,22,0.733333333333333,"ASCProject_0101_T1","ASCProject_0101"
"RP-1447_ASCProject_0102_T1_v1_Exome_OnPrem",26,0.866666666666667,15,0.5,"ASCProject_0102_T1","ASCProject_0102"
"RP-1447_ASCProject_0102_T2_v1_Exome_OnPrem",37,1.23333333333333,19,0.633333333333333,"ASCProject_0102_T2","ASCProject_0102"
"RP-1447_ASCProject_0113_T1_v1_Exome_OnPrem",341,11.3666666666667,188,6.26666666666667,"ASCProject_0113_T1","ASCProject_0113"
"RP-1447_ASCProject_0121_T2A_v4_Exome_OnPrem",67,2.23333333333333,40,1.33333333333333,"ASCProject_0121_T2A","ASCProject_0121"
"RP-1447_ASCProject_0134_T2_v2_Exome_OnPrem",253,8.43333333333333,157,5.23333333333333,"ASCProject_0134_T2","ASCProject_0134"
"RP-1447_ASCProject_0135_T2_v3_Exome_OnPrem",116,3.86666666666667,71,2.36666666666667,"ASCProject_0135_T2","ASCProject_0135"
"RP-1447_ASCProject_0145_BLOOD_v1_Exome_OnPrem",27,0.9,19,0.633333333333333,"ASCProject_0145_BLOOD","ASCProject_0145"
"RP-1447_ASCProject_0145_T2_v2_Exome_OnPrem",34,1.13333333333333,26,0.866666666666667,"ASCProject_0145_T2","ASCProject_0145"
"RP-1447_ASCProject_0153_T2_v3_Exome_OnPrem",25,0.833333333333333,15,0.5,"ASCProject_0153_T2","ASCProject_0153"
"RP-1447_ASCProject_0159_T1_v4_Exome_OnPrem",83,2.76666666666667,50,1.66666666666667,"ASCProject_0159_T1","ASCProject_0159"
"RP-1447_ASCProject_0164_T1_v1_Exome_OnPrem",52,1.73333333333333,34,1.13333333333333,"ASCProject_0164_T1","ASCProject_0164"
"RP-1447_ASCProject_0165_T2_v3_Exome_OnPrem",1433,47.7666666666667,787,26.2333333333333,"ASCProject_0165_T2","ASCProject_0165"
"RP-1447_ASCProject_0167_T3_v1_Exome_OnPrem",33,1.1,22,0.733333333333333,"ASCProject_0167_T3","ASCProject_0167"
"RP-1447_ASCProject_0172_T1_v3_Exome_OnPrem",44,1.46666666666667,24,0.8,"ASCProject_0172_T1","ASCProject_0172"
"RP-1447_ASCProject_0182_T1_v3_Exome_OnPrem",45,1.5,27,0.9,"ASCProject_0182_T1","ASCProject_0182"
"RP-1447_ASCProject_0194_T1_v3_Exome_OnPrem",15,0.5,9,0.3,"ASCProject_0194_T1","ASCProject_0194"
"RP-1447_ASCProject_0194_T2_v3_Exome_OnPrem",76,2.53333333333333,42,1.4,"ASCProject_0194_T2","ASCProject_0194"
"RP-1447_ASCProject_0197_T1A_v4_Exome_OnPrem",51,1.7,33,1.1,"ASCProject_0197_T1A","ASCProject_0197"
"RP-1447_ASCProject_0197_T1B_v4_Exome_OnPrem",58,1.93333333333333,36,1.2,"ASCProject_0197_T1B","ASCProject_0197"
"RP-1447_ASCProject_0202_T1_v3_Exome_OnPrem",92,3.06666666666667,56,1.86666666666667,"ASCProject_0202_T1","ASCProject_0202"
"RP-1447_ASCProject_0212_T1_v3_Exome_OnPrem",36,1.2,25,0.833333333333333,"ASCProject_0212_T1","ASCProject_0212"
"RP-1447_ASCProject_0219_T1_v2_Exome_OnPrem",671,22.3666666666667,368,12.2666666666667,"ASCProject_0219_T1","ASCProject_0219"
"RP-1447_ASCProject_0219_T3_v2_Exome_OnPrem",4860,162,832,27.7333333333333,"ASCProject_0219_T3","ASCProject_0219"
"RP-1447_ASCProject_0220_T1_v1_Exome_OnPrem",659,21.9666666666667,342,11.4,"ASCProject_0220_T1","ASCProject_0220"
"RP-1447_ASCProject_0220_T3_v1_Exome_OnPrem",1257,41.9,692,23.0666666666667,"ASCProject_0220_T3","ASCProject_0220"
"RP-1447_ASCProject_0221_T1_v3_Exome_OnPrem",42,1.4,31,1.03333333333333,"ASCProject_0221_T1","ASCProject_0221"
"RP-1447_ASCProject_0221_T2_v3_Exome_OnPrem",64,2.13333333333333,42,1.4,"ASCProject_0221_T2","ASCProject_0221"
"RP-1447_ASCProject_0258_T1_v1_Exome_OnPrem",60,2,36,1.2,"ASCProject_0258_T1","ASCProject_0258"
"RP-1447_ASCProject_0261_T1_v1_Exome_OnPrem",108,3.6,65,2.16666666666667,"ASCProject_0261_T1","ASCProject_0261"
"RP-1447_ASCProject_0277_T2_v2_Exome_OnPrem",249,8.3,128,4.26666666666667,"ASCProject_0277_T2","ASCProject_0277"
"RP-1447_ASCProject_0289_T3_v3_Exome_OnPrem",103,3.43333333333333,63,2.1,"ASCProject_0289_T3","ASCProject_0289"
"RP-1447_ASCProject_0290_T1_v4_Exome_OnPrem",70,2.33333333333333,34,1.13333333333333,"ASCProject_0290_T1","ASCProject_0290"
"RP-1447_ASCProject_0293_BLOOD_P_v1_Exome_OnPrem",8,0.266666666666667,5,0.166666666666667,"ASCProject_0293_BLOOD_P","ASCProject_0293"
"RP-1447_ASCProject_0321_BLOOD_P_v1_Exome_OnPrem",113,3.76666666666667,66,2.2,"ASCProject_0321_BLOOD_P","ASCProject_0321"
"RP-1447_ASCProject_0325_T1_v4_Exome_OnPrem",88,2.93333333333333,57,1.9,"ASCProject_0325_T1","ASCProject_0325"
"RP-1447_ASCProject_0335_BLOOD_P_v1_Exome_OnPrem",10,0.333333333333333,4,0.133333333333333,"ASCProject_0335_BLOOD_P","ASCProject_0335"
"RP-1447_ASCProject_0340_T1_v2_Exome_OnPrem",269,8.96666666666667,149,4.96666666666667,"ASCProject_0340_T1","ASCProject_0340"
"RP-1447_ASCProject_0342_T1_v1_Exome_OnPrem",52,1.73333333333333,38,1.26666666666667,"ASCProject_0342_T1","ASCProject_0342"
"RP-1447_ASCProject_0343_BLOOD_P_v1_Exome_OnPrem",69,2.3,51,1.7,"ASCProject_0343_BLOOD_P","ASCProject_0343"
"RP-1447_ASCProject_0351_BLOOD_P_v1_Exome_OnPrem",10,0.333333333333333,4,0.133333333333333,"ASCProject_0351_BLOOD_P","ASCProject_0351"
"RP-1447_ASCProject_0353_BLOOD_P_v1_Exome_OnPrem",6,0.2,4,0.133333333333333,"ASCProject_0353_BLOOD_P","ASCProject_0353"
"RP-1447_ASCProject_0367_T1_v2_Exome_OnPrem",2216,73.8666666666667,1206,40.2,"ASCProject_0367_T1","ASCProject_0367"
"RP-1447_ASCProject_0375_T1_v2_Exome_OnPrem",205,6.83333333333333,113,3.76666666666667,"ASCProject_0375_T1","ASCProject_0375"
"RP-1447_ASCProject_0375_T2_v2_Exome_OnPrem",228,7.6,121,4.03333333333333,"ASCProject_0375_T2","ASCProject_0375"
"RP-1447_ASCProject_0385_T3_v1_Exome_OnPrem",53,1.76666666666667,36,1.2,"ASCProject_0385_T3","ASCProject_0385"
"RP-1447_ASCProject_0387_T1_v1_Exome_OnPrem",225,7.5,155,5.16666666666667,"ASCProject_0387_T1","ASCProject_0387"
