"uniprot_id","id_type","gene_name"
"P35609","Gene_Name","ACTN2"
"Q99674","Gene_Name","CGREF1"
"Q12873","Gene_Name","CHD3"
"P21554","Gene_Name","CNR1"
"Q14993","Gene_Name","COL19A1"
"O75398","Gene_Name","DEAF1"
"Q9UI46","Gene_Name","DNAI1"
"O60469","Gene_Name","DSCAM"
"Q76MJ5","Gene_Name","ERN2"
"Q9UDY8","Gene_Name","MALT1"
"O60291","Gene_Name","MGRN1"
"O14513","Gene_Name","NCKAP5"
"Q9P242","Gene_Name","NYAP2"
"Q8NH19","Gene_Name","OR10AG1"
"P07202","Gene_Name","TPO"
"Q96EK2","Gene_Name","PHF21B"
"Q9NUX5","Gene_Name","POT1"
"Q16827","Gene_Name","PTPRO"
"Q5VXT5","Gene_Name","SYPL2"
"P35968","Gene_Name","KDR"
"A0A0U2WZU8","Gene_Name","KDR"
"Q5MJ35","Gene_Name","POT1"
"Q5MJ34","Gene_Name","POT1"
"A8MTK3","Gene_Name","POT1"
"A0A0U2X4C8","Gene_Name","KDR"
"B4DR12","Gene_Name","MGRN1"
"E9PFM6","Gene_Name","TPO"
"B1AHC6","Gene_Name","PHF21B"
"A0A087WUI7","Gene_Name","DSCAM"
"B7Z7M5","Gene_Name","POT1"
"A0A0H4A7S0","Gene_Name","KDR"
"A0A140VJI0","Gene_Name","DNAI1"
"Q8WY19","Gene_Name","DSCAM"
"Q5MJ33","Gene_Name","POT1"
"Q14DL7","Gene_Name","SYPL2"
"A0A0H4A7S4","Gene_Name","KDR"
"A0A6I8PRZ5","Gene_Name","PTPRO"
"Q502Y3","Gene_Name","TPO"
"A0A8I5KUA2","Gene_Name","DEAF1"
"K7EPJ5","Gene_Name","MGRN1"
"A0A590UJR1","Gene_Name","POT1"
"B1AHC5","Gene_Name","PHF21B"
"K7EP42","Gene_Name","MALT1"
"A0A1W2PS86","Gene_Name","NCKAP5"
"A0A087WWV9","Gene_Name","DNAI1"
"A0A6I8PU14","Gene_Name","PTPRO"
"A0AA75LQY6","Gene_Name","CGREF1"
"A0A3B3IS32","Gene_Name","MALT1"
"Q6P534","Gene_Name","TPO"
"A0A494C060","Gene_Name","ACTN2"
"A0A590UJF7","Gene_Name","POT1"
"H7C5B6","Gene_Name","TPO"
"V9GZ00","Gene_Name","POT1"
"A0A6I8PRG8","Gene_Name","PTPRO"
"K7EPV1","Gene_Name","CHD3"
"K7ERA1","Gene_Name","MGRN1"
"K7EIM7","Gene_Name","MGRN1"
"A0A0J9YX80","Gene_Name","DEAF1"
"A0A0J9YWD6","Gene_Name","DEAF1"
"Q5T8G8","Gene_Name","DNAI1"
"A0A4W8W4R1","Gene_Name","CGREF1"
"A0A8V8TR54","Gene_Name","CHD3"
"C9J511","Gene_Name","TPO"
"A0A8Q3SIC2","Gene_Name","NYAP2"
"H0YH11","Gene_Name","PTPRO"
"A0A590UJF2","Gene_Name","POT1"
"A0A804HKG0","Gene_Name","ACTN2"
"A0A590UJP0","Gene_Name","POT1"
"Q2TAZ1","Gene_Name","CHD3"
"A0A6I8PS48","Gene_Name","PTPRO"
"A0A8I5QL28","Gene_Name","DEAF1"
"C9JYL7","Gene_Name","NCKAP5"
"F8W187","Gene_Name","CNR1"
"C9JPG9","Gene_Name","POT1"
"A0A5F9ZHX5","Gene_Name","CHD3"
"A0A6I8PL17","Gene_Name","PTPRO"
"A0A590UJM4","Gene_Name","POT1"
"A0A494C0Q3","Gene_Name","ACTN2"
"A0A494C033","Gene_Name","ACTN2"
"A0A8I5KQJ8","Gene_Name","DEAF1"
"B0QYW2","Gene_Name","PHF21B"
"E7ETG2","Gene_Name","ERN2"
"A0A494C1A0","Gene_Name","ACTN2"
"H0YCY2","Gene_Name","DEAF1"
"A0A6I8PRB8","Gene_Name","PTPRO"
"A0A2U3TZR9","Gene_Name","OR10AG1"
"H0Y6H4","Gene_Name","TPO"
"V5KA96","Gene_Name","CNR1"
"A0A087WVJ7","Gene_Name","COL19A1"
"H0YH60","Gene_Name","PTPRO"
"A5YM65","Gene_Name","ERN2"
"Q53QT2","Gene_Name","TPO"
"A0A8I5KQY1","Gene_Name","DEAF1"
"A0A6I8PIM6","Gene_Name","PTPRO"
"A0A0S2Z665","Gene_Name","PHF21B"
"A0A804HIS1","Gene_Name","DEAF1"
"H0YDT9","Gene_Name","DNAI1"
"A0A494C031","Gene_Name","ACTN2"
"A0M8X1","Gene_Name","TPO"
"I3L229","Gene_Name","CHD3"
"A0A8I5QJC6","Gene_Name","DEAF1"
"A0A126GVM8","Gene_Name","OR10AG1"
"A0A0H4AF76","Gene_Name","KDR"
"A0A8I5KR93","Gene_Name","DEAF1"
"F8W908","Gene_Name","CNR1"
"A0A3B3IS82","Gene_Name","MALT1"
"H7C2H0","Gene_Name","CHD3"
"A0A5F9ZHM2","Gene_Name","CHD3"
"A0A804HI95","Gene_Name","ACTN2"
"Q5JVU1","Gene_Name","COL19A1"
"I3L1I4","Gene_Name","CHD3"
"A0A0S2Z6R3","Gene_Name","PHF21B"
"F8WE80","Gene_Name","CGREF1"
"S5TLS4","Gene_Name","CNR1"
"H3BTW8","Gene_Name","ERN2"
"H3BUU2","Gene_Name","ERN2"
"A0A494C166","Gene_Name","ACTN2"
"A0A0J9YXA4","Gene_Name","DEAF1"
"H3BSU1","Gene_Name","ERN2"
"A0A8I5KZ80","Gene_Name","DEAF1"
"K7EJN3","Gene_Name","MGRN1"
"Q9BYY6","Gene_Name","CNR1"
"H7C187","Gene_Name","NCKAP5"
"H0YCH1","Gene_Name","DEAF1"
"A0A1W2PNT1","Gene_Name","NCKAP5"
"H7C3H7","Gene_Name","CHD3"
"A5YM46","Gene_Name","ERN2"
"H7C0J3","Gene_Name","CHD3"
"A0A0H4ADZ1","Gene_Name","KDR"
"A0A8V8N5G5","Gene_Name","NYAP2"
"A0A0U2VU55","Gene_Name","KDR"
"H0Y6V0","Gene_Name","DNAI1"
"H7C1F5","Gene_Name","TPO"
"A0A0H4AF85","Gene_Name","KDR"
"A0A3T0CIT9","Gene_Name","TPO"
"Q16495","Gene_Name","TPO"
"A0A0S2Z615","Gene_Name","PHF21B"
"Q57YV8","Gene_Name","TPO"
"Q16496","Gene_Name","TPO"
"A0A7R6M6R8","Gene_Name","ACTN2"
"A0A7R6M8N3","Gene_Name","ACTN2"
"A0A7R6M8F2","Gene_Name","ACTN2"
"A0A7R6M6U5","Gene_Name","ACTN2"
"A0A0H4A777","Gene_Name","KDR"
"A0A7R6M8N0","Gene_Name","ACTN2"
