"pathway","pval","padj","overlap","size","overlapGenes","padj_sig","odds_ratio","pretty_pathway","driver"
"HALLMARK_OXIDATIVE_PHOSPHORYLATION",4.36353448647388e-12,2.18176724323694e-10,28,184,"ACADM, ATP6V0B, ATP6V0E1, ATP6V1F, COX5A, COX6B1, COX7A2L, COX7B, DLAT, DLD, ISCA1, ISCU, MGST3, MRPS15, MRPS30, NDUFA1, NDUFA2, NDUFA4, NDUFA6, NDUFA8, NDUFB2, NDUFB5, NDUFS4, NNT, SDHC, SLC25A3, UQCRB, UQCRQ",TRUE,5.82847585040406,"OXIDATIVE PHOSPHORYLATION","POT1"
"HALLMARK_ANDROGEN_RESPONSE",0.00295109287192481,0.0603530148907926,9,95,"ACSL3, B2M, CENPN, ELK4, MYL12A, PIAS1, SPCS3, TMEM50A, ZMIZ1",FALSE,3.4250337883944,"ANDROGEN RESPONSE","POT1"
"HALLMARK_INTERFERON_GAMMA_RESPONSE",0.00362118089344755,0.0603530148907926,14,196,"B2M, BPGM, CASP4, CCL5, CXCL11, CXCL9, GBP4, GCH1, MYD88, NMI, PSMB2, PSMB8, SERPING1, SRI",FALSE,2.48508710142033,"INTERFERON GAMMA RESPONSE","POT1"
"HALLMARK_PROTEIN_SECRETION",0.00934432915443938,0.116804114430492,8,94,"ADAM10, BET1, CAV2, CLN5, RER1, TMX1, VAMP3, VAMP7",FALSE,3.05984307347414,"PROTEIN SECRETION","POT1"
"HALLMARK_G2M_CHECKPOINT",0.016275159945156,0.1356263328763,12,189,"CDC27, CDC6, CKS2, FBXO5, KPNA2, LBR, NDC80, PBK, STIL, STMN1, TMPO, TOP2A",FALSE,2.19646109249221,"G2M CHECKPOINT","POT1"
"HALLMARK_HEME_METABOLISM",0.016275159945156,0.1356263328763,12,189,"BMP2K, BPGM, CDC27, FBXO7, ISCA1, LMO2, MGST3, NARF, NNT, SPTA1, UCP2, VEZF1",FALSE,2.19646109249221,"HEME METABOLISM","POT1"
"HALLMARK_E2F_TARGETS",0.0202770263083938,0.140830032855745,12,195,"AK2, CDKN2A, CKS2, DIAPH3, KPNA2, LBR, MELK, NAA38, PRKDC, STMN1, TMPO, TOP2A",FALSE,2.12401676989758,"E2F TARGETS","POT1"
"HALLMARK_COMPLEMENT",0.0225328052569191,0.140830032855745,12,198,"CALM1, CASP4, CCL5, CD36, F8, GNAI2, KIF2A, LYN, PFN1, PRCP, SERPING1, ZFPM2",FALSE,2.08954259493632,"COMPLEMENT","POT1"
"HALLMARK_APOPTOSIS",0.0273524579104533,0.148388261664283,10,158,"BCL10, BGN, CASP4, DNAJC3, GCH1, HSPB1, LEF1, TGFBR3, TIMP3, TOP2A",FALSE,2.20173512393192,"APOPTOSIS","POT1"
"HALLMARK_INTERFERON_ALPHA_RESPONSE",0.0296776523328565,0.148388261664283,7,95,"B2M, CXCL11, GBP4, NMI, PSMB8, SAMD9, TRIM5",FALSE,2.63458296333475,"INTERFERON ALPHA RESPONSE","POT1"
"HALLMARK_ADIPOGENESIS",0.0374622134013684,0.166353850614156,11,190,"ACADM, AK2, CD36, COX7B, DBT, DLAT, DLD, MGST3, SDHC, UCP2, UQCRQ",FALSE,1.99498011410186,"ADIPOGENESIS","POT1"
"HALLMARK_GLYCOLYSIS",0.0399249241473975,0.166353850614156,11,192,"CLN6, DLD, GUSB, HS2ST1, KIF2A, NT5E, SDHC, SLC25A13, SRD5A3, STMN1, TFF3",FALSE,1.97280324601666,"GLYCOLYSIS","POT1"
"HALLMARK_COAGULATION",0.0540886439314647,0.198177660748708,8,131,"CFI, F8, GNG12, ISCU, PROS1, SERPING1, SPARC, TIMP3",FALSE,2.13925586120903,"COAGULATION","POT1"
"HALLMARK_IL6_JAK_STAT3_SIGNALING",0.0554897450096382,0.198177660748708,6,87,"CD36, CXCL11, CXCL9, IL10RB, IL6ST, MYD88",FALSE,2.47650432331614,"IL6 JAK STAT3 SIGNALING","POT1"
"HALLMARK_PANCREAS_BETA_CELLS",0.0612396138705611,0.204132046235204,3,29,"LMO2, PAX6, STXBP1",FALSE,4.09354218583126,"PANCREAS BETA CELLS","POT1"
"HALLMARK_P53_PATHWAY",0.0765660196546006,0.239268811420627,10,190,"APAF1, CDKN2A, HINT1, ISCU, NUDT15, POM121, RPS27L, S100A10, TRIAP1, ZFP36L1",FALSE,1.80856000050711,"P53 PATHWAY","POT1"
"HALLMARK_INFLAMMATORY_RESPONSE",0.0873830200372629,0.25418051633153,10,195,"CALCRL, CCL5, CXCL11, CXCL9, GCH1, LTA, LYN, NMI, SLC31A1, SRI",FALSE,1.75937999222831,"INFLAMMATORY RESPONSE","POT1"
"HALLMARK_DNA_REPAIR",0.091504985879351,0.25418051633153,8,147,"DAD1, GTF2H5, POLR2A, POLR2J, POLR2K, POM121, RALA, SMAD5",FALSE,1.89241042833585,"DNA REPAIR","POT1"
"HALLMARK_WNT_BETA_CATENIN_SIGNALING",0.136551157947998,0.35934515249473,3,41,"LEF1, NCSTN, SKP2",FALSE,2.81598627787307,"WNT BETA CATENIN SIGNALING","POT1"
"HALLMARK_APICAL_SURFACE",0.15125270315121,0.378131757878024,3,43,"ADAM10, HSPB1, LYN",FALSE,2.67666433729327,"APICAL SURFACE","POT1"
"HALLMARK_MITOTIC_SPINDLE",0.166929568072659,0.39745135255395,9,197,"ARHGEF3, CDC27, CDC42, CEP57, FBXO5, NDC80, TOP2A, UXT, WASF2",FALSE,1.56386956794027,"MITOTIC SPINDLE","POT1"
"HALLMARK_REACTIVE_OXYGEN_SPECIES_PATHWAY",0.182026871641753,0.413697435549439,3,47,"HHEX, IPCEF1, NDUFA6",FALSE,2.43559041763833,"REACTIVE OXYGEN SPECIES PATHWAY","POT1"
"HALLMARK_UV_RESPONSE_UP",0.200586623166925,0.436057876449837,7,152,"ATP6V1F, GCH1, GGH, IL6ST, LYN, PPP1R2, SPR",FALSE,1.59801642282914,"UV RESPONSE UP","POT1"
"HALLMARK_PEROXISOME",0.227381413713582,0.473711278569963,5,104,"ABCD3, BCL10, CLN6, STS, TOP2A",FALSE,1.71231250879682,"PEROXISOME","POT1"
"HALLMARK_KRAS_SIGNALING_UP",0.246621627306669,0.479744633478569,8,190,"APOD, BPGM, CCSER2, GNG11, LAPTM5, MAP3K1, PSMB8, TFPI",FALSE,1.44348143132455,"KRAS SIGNALING UP","POT1"
"HALLMARK_ESTROGEN_RESPONSE_LATE",0.250981201473335,0.479744633478569,8,191,"CDC6, IL6ST, JAK1, MOCS2, STIL, TFF3, TOP2A, WFS1",FALSE,1.43554459651268,"ESTROGEN RESPONSE LATE","POT1"
"HALLMARK_UV_RESPONSE_DN",0.265097966763299,0.479744633478569,6,138,"SNAI2, SRI, TFPI, TGFBR2, TGFBR3, ZMIZ1",FALSE,1.51949017981032,"UV RESPONSE DN","POT1"
"HALLMARK_EPITHELIAL_MESENCHYMAL_TRANSITION",0.268656994747999,0.479744633478569,8,195,"BGN, NT5E, SNAI2, SPARC, TGFBR3, TIMP3, VIM, WIPF1",FALSE,1.40464385297845,"EPITHELIAL MESENCHYMAL TRANSITION","POT1"
"HALLMARK_ALLOGRAFT_REJECTION",0.380847901446528,0.638509440862927,7,189,"B2M, BCL10, CCL5, CDKN2A, CXCL9, LYN, RPL39",FALSE,1.27172590258058,"ALLOGRAFT REJECTION","POT1"
"HALLMARK_PI3K_AKT_MTOR_SIGNALING",0.383105664517756,0.638509440862927,4,100,"ACTR2, MAP2K6, MYD88, PFN1",FALSE,1.44256459060308,"PI3K AKT MTOR SIGNALING","POT1"
"HALLMARK_IL2_STAT5_SIGNALING",0.401391150629239,0.647405081660063,7,193,"CDC6, EOMES, GBP4, ITGA6, LRRC8C, NT5E, SHE",FALSE,1.24420600072062,"IL2 STAT5 SIGNALING","POT1"
"HALLMARK_SPERMATOGENESIS",0.474234777835912,0.740991840368612,4,113,"CRISP2, SHE, SLC2A5, TNP1",FALSE,1.27049358556208,"SPERMATOGENESIS","POT1"
"HALLMARK_TGF_BETA_SIGNALING",0.497996840736525,0.754540667782614,2,53,"LTBP2, SMAD1",FALSE,1.50046458542153,"TGF BETA SIGNALING","POT1"
"HALLMARK_FATTY_ACID_METABOLISM",0.513758298533151,0.755526909607575,5,151,"ACADM, CD36, DLD, S100A10, SDHC",FALSE,1.16029846041757,"FATTY ACID METABOLISM","POT1"
"HALLMARK_APICAL_JUNCTION",0.539531073285561,0.770736145336038,6,188,"GNAI2, ITGA9, LAYN, PFN1, SGCE, SYK",FALSE,1.10049123973122,"APICAL JUNCTION","POT1"
"HALLMARK_MYC_TARGETS_V1",0.565278203862203,0.770736145336038,6,193,"COX5A, HSPE1, KPNA2, LSM2, PSMB2, SLC25A3",FALSE,1.07088198129896,"MYC TARGETS V1","POT1"
"HALLMARK_MTORC1_SIGNALING",0.570344747548668,0.770736145336038,6,194,"ACSL3, ACTR2, CACYBP, HSPE1, PSMD12, PSPH",FALSE,1.0651486235654,"MTORC1 SIGNALING","POT1"
"HALLMARK_NOTCH_SIGNALING",0.639202628459645,0.830096335039132,1,32,"DTX1",FALSE,1.47110251173457,"NOTCH SIGNALING","POT1"
"HALLMARK_UNFOLDED_PROTEIN_RESPONSE",0.649662691532094,0.830096335039132,3,106,"DNAJC3, SPCS3, WFS1",FALSE,1.04417464223863,"UNFOLDED PROTEIN RESPONSE","POT1"
"HALLMARK_CHOLESTEROL_HOMEOSTASIS",0.664077068031306,0.830096335039132,2,72,"ANTXR2, GUSB",FALSE,1.09506859711288,"CHOLESTEROL HOMEOSTASIS","POT1"
"HALLMARK_HYPOXIA",0.696490233304072,0.845028355918103,5,186,"BGN, CSRP2, HEXA, MAP3K1, SLC2A5",FALSE,0.93494368361893,"HYPOXIA","POT1"
"HALLMARK_ESTROGEN_RESPONSE_EARLY",0.722541842508549,0.845028355918103,5,192,"IL6ST, PODXL, REEP1, TFF3, WFS1",FALSE,0.90475902094373,"ESTROGEN RESPONSE EARLY","POT1"
"HALLMARK_MYOGENESIS",0.726724386089568,0.845028355918103,5,193,"APOD, CD36, IGFBP7, REEP1, SPARC",FALSE,0.899915063140415,"MYOGENESIS","POT1"
"HALLMARK_MYC_TARGETS_V2",0.837481628520846,0.944379127269261,1,57,"HSPE1",FALSE,0.819173375417008,"MYC TARGETS V2","POT1"
"HALLMARK_BILE_ACID_METABOLISM",0.859845262552529,0.944379127269261,2,109,"ABCD3, PEX19",FALSE,0.716864408264839,"BILE ACID METABOLISM","POT1"
"HALLMARK_TNFA_SIGNALING_VIA_NFKB",0.868828797087721,0.944379127269261,4,197,"CCL5, CXCL11, GCH1, IL6ST",FALSE,0.716008367171158,"TNFA SIGNALING VIA NFKB","POT1"
"HALLMARK_XENOBIOTIC_METABOLISM",0.942294591341774,1,3,192,"CD36, GCH1, PROS1",FALSE,0.567903619256235,"XENOBIOTIC METABOLISM","POT1"
"HALLMARK_ANGIOGENESIS",1,1,0,36,"",FALSE,0.422455049761741,"ANGIOGENESIS","POT1"
"HALLMARK_HEDGEHOG_SIGNALING",1,1,0,34,"",FALSE,0.446988752055227,"HEDGEHOG SIGNALING","POT1"
"HALLMARK_KRAS_SIGNALING_DN",1,1,0,176,"",FALSE,0.0867672818366986,"KRAS SIGNALING DN","POT1"
"HALLMARK_EPITHELIAL_MESENCHYMAL_TRANSITION",1.09065025403593e-09,5.45325127017966e-08,35,195,"ACTA2, BGN, CDH2, COL4A1, COL4A2, COL5A1, COL5A3, COLGALT1, FN1, IGFBP2, IGFBP3, IGFBP4, IL32, ITGA5, ITGB1, ITGB3, LAMC1, LGALS1, LOXL2, MYLK, NID2, PDGFRB, PLOD1, PLOD3, PPIB, RHOB, SERPINE1, SGCB, SPARC, TAGLN, TGFBI, THY1, TPM1, TPM4, VIM",TRUE,3.76980318101813,"EPITHELIAL MESENCHYMAL TRANSITION","KDR"
"HALLMARK_APICAL_JUNCTION",2.5146262959951e-07,6.28656573998774e-06,30,188,"ACTB, ACTG1, ADAM15, ADRA1B, ARPC2, CD276, CD34, CD99, CLDN5, GNAI2, ITGB1, JAM3, MADCAM1, MMP9, MSN, MYH9, PARVA, PCDH1, PFN1, PTK2, RSU1, SHROOM2, SORBS3, TAOK2, TGFBI, THY1, TSPAN4, VASP, VWF, YWHAH",TRUE,3.26603260759712,"APICAL JUNCTION","KDR"
"HALLMARK_MITOTIC_SPINDLE",2.17042549947724e-06,3.61737583246206e-05,29,197,"ARAP3, ARHGDIA, ARHGEF11, ARHGEF2, ARL8A, ATG4B, CD2AP, CDC42EP1, DOCK4, FGD4, FLNB, GSN, KIF5B, MARK4, MYH9, NEDD9, PAFAH1B1, PCM1, PDLIM5, PLEKHG2, RALBP1, RAPGEF5, SHROOM2, SPTAN1, SPTBN1, SSH2, STAU1, TAOK2, WASF2",TRUE,2.96744390450246,"MITOTIC SPINDLE","KDR"
"HALLMARK_COMPLEMENT",7.09647827288689e-06,8.87059784110862e-05,28,198,"ADRA2B, C1QA, CALM1, CALM3, CASP7, CD36, COL4A2, CSRP1, DGKH, DOCK4, DOCK9, DYRK2, FN1, GNAI2, GNAI3, GNB4, GNG2, GRB2, ITGAM, LIPA, MMP15, NOTCH4, PDGFB, PFN1, PPP4C, PRCP, SERPINE1, SH2B3",TRUE,2.83052229426808,"COMPLEMENT","KDR"
"HALLMARK_PI3K_AKT_MTOR_SIGNALING",4.24771591848489e-05,0.000424771591848489,17,100,"ACTR3, AKT1, AP2M1, ARHGDIA, CDKN1B, CFL1, ECSIT, EIF4E, GRB2, MAPKAP1, MYD88, NGF, PFN1, RAC1, RALB, TNFRSF1A, TSC2",TRUE,3.53135301007617,"PI3K AKT MTOR SIGNALING","KDR"
"HALLMARK_HYPOXIA",5.1188291641516e-05,0.000426569097012633,25,186,"BGN, BNIP3L, CAV1, CCNG2, CDKN1B, COL5A1, DDIT4, ETS1, GRHPR, HDLBP, HOXB9, IGFBP3, JMJD6, KLF6, LXN, MT2A, MYH9, NDST1, PDGFB, PGF, PRDX5, SERPINE1, SLC25A1, TGFB3, TGFBI",TRUE,2.66809196534509,"HYPOXIA","KDR"
"HALLMARK_MYC_TARGETS_V1",0.000592580448691185,0.00422832554668719,23,193,"CCT5, EIF4E, EIF4G2, GOT2, HNRNPA1, HSPE1, ILF2, KPNB1, LSM7, NAP1L1, NME1, PPM1G, PSMA2, PWP1, RANBP1, RPLP0, RPS2, RPS3, RPS5, RPS6, SLC25A3, SNRPG, YWHAQ",TRUE,2.32402886477265,"MYC TARGETS V1","KDR"
"HALLMARK_TGF_BETA_SIGNALING",0.00067653208746995,0.00422832554668719,10,53,"BMPR2, CTNNB1, ENG, FKBP1A, ID3, KLF10, RHOA, SERPINE1, SMURF2, SPTBN1",TRUE,4.05134035250329,"TGF BETA SIGNALING","KDR"
"HALLMARK_APOPTOSIS",0.00153472816114041,0.00852626756189115,19,158,"BGN, BMF, BNIP3L, CASP7, CAV1, CDKN1B, CTNNB1, DAP3, F2R, GPX1, GSN, HMGB2, NEDD9, NEFH, PDGFRB, PEA15, PTK2, RHOB, SPTAN1",TRUE,2.35268180142793,"APOPTOSIS","KDR"
"HALLMARK_OXIDATIVE_PHOSPHORYLATION",0.00173523250118576,0.00867616250592879,21,184,"CASP7, COX15, COX4I1, COX6B1, COX8A, GOT2, HADHA, HTRA2, LDHB, MGST3, MRPL11, NDUFA1, NDUFA8, NDUFS2, NNT, SLC25A3, SLC25A6, TCIRG1, TOMM22, UQCRB, UQCRH",TRUE,2.21429154788804,"OXIDATIVE PHOSPHORYLATION","KDR"
"HALLMARK_IL6_JAK_STAT3_SIGNALING",0.00353292129893435,0.0160587331769743,12,87,"A2M, CBL, CD36, GRB2, HAX1, IL3RA, ITGA4, ITGB3, MYD88, TNFRSF1A, TNFRSF1B, TNFRSF21",TRUE,2.77904699284256,"IL6 JAK STAT3 SIGNALING","KDR"
"HALLMARK_MYOGENESIS",0.00660250187803066,0.0275104244917944,20,193,"APLNR, CACNA1H, CD36, COL15A1, COL4A2, GSN, HDAC5, IGFBP3, IGFBP7, ITGA7, ITGB1, MYH9, MYLK, SMTN, SORBS3, SPARC, SPTAN1, TAGLN, TPM3, TSC2",TRUE,1.98692611810313,"MYOGENESIS","KDR"
"HALLMARK_COAGULATION",0.00719815032180145,0.0276851935453902,15,131,"A2M, C1QA, CSRP1, FN1, GSN, ITGB3, MMP15, MMP9, P2RY1, PDGFB, RAC1, RAPGEF3, SERPINE1, SPARC, VWF",TRUE,2.23430652574112,"COAGULATION","KDR"
"HALLMARK_UV_RESPONSE_DN",0.0114120690905984,0.04075738960928,15,138,"CAV1, CDKN1B, DLC1, GRK5, ITGB3, KALRN, KIT, LAMC1, NRP1, PDGFRB, PDLIM5, PRKAR2B, PTPRM, RND3, SERPINE1",TRUE,2.1069245966358,"UV RESPONSE DN","KDR"
"HALLMARK_ANGIOGENESIS",0.0504117078253064,0.168039026084355,5,36,"FGFR1, LPL, NRP1, PTK2, TNFRSF21",FALSE,2.92005735794945,"ANGIOGENESIS","KDR"
"HALLMARK_KRAS_SIGNALING_UP",0.0726423782156782,0.21009559078799,16,190,"CBL, ENG, ETS1, GABRA3, GNG11, IGF2, IGFBP3, ITGB2, MMP9, NGF, NRP1, SPARCL1, SPRY2, TNFRSF1B, TSPAN13, YRDC",FALSE,1.58461914340073,"KRAS SIGNALING UP","KDR"
"HALLMARK_UNFOLDED_PROTEIN_RESPONSE",0.0769496253932305,0.21009559078799,10,106,"BANF1, DCP2, DDIT4, EEF2, EIF4E, KIF5B, PDIA6, PREB, SEC11A, WFS1",FALSE,1.82140782054825,"UNFOLDED PROTEIN RESPONSE","KDR"
"HALLMARK_GLYCOLYSIS",0.078094924351831,0.21009559078799,16,192,"ARPP19, B4GALT2, CACNA1H, CHST1, COL5A1, DDIT4, GFPT1, GMPPB, GOT2, HAX1, HDLBP, IGFBP3, PLOD1, POLR3K, STMN1, TGFBI",FALSE,1.56650527290056,"GLYCOLYSIS","KDR"
"HALLMARK_WNT_BETA_CATENIN_SIGNALING",0.0798363244994363,0.21009559078799,5,41,"CTNNB1, HDAC5, NOTCH4, SKP2, TP53",FALSE,2.51941928350034,"WNT BETA CATENIN SIGNALING","KDR"
"HALLMARK_ADIPOGENESIS",0.120457243660721,0.293892675858339,15,190,"ADIPOR2, CCNG2, CD36, COL15A1, COL4A1, COX8A, ITGA7, LPL, MGST3, MYLK, NMT1, PREB, SLC25A1, SLC27A1, SPARCL1",FALSE,1.47877667110058,"ADIPOGENESIS","KDR"
"HALLMARK_HEDGEHOG_SIGNALING",0.123434923860502,0.293892675858339,4,34,"MYH9, NRP1, THY1, UNC5C",FALSE,2.46553129688367,"HEDGEHOG SIGNALING","KDR"
"HALLMARK_E2F_TARGETS",0.140384820355667,0.319056409899243,15,195,"BUB1B, CDKN1B, HMGB2, LBR, MLH1, NAP1L1, NME1, RANBP1, SPAG5, STMN1, TCF19, TMPO, TP53, TUBB, UBR7",FALSE,1.43745114968379,"E2F TARGETS","KDR"
"HALLMARK_UV_RESPONSE_UP",0.152489925735783,0.331499838556051,12,152,"AP2S1, CDC34, CLCN2, HYAL2, IGFBP2, KLHDC3, PLCL1, RHOB, STARD3, STK25, TYRO3, YKT6",FALSE,1.48850116103764,"UV RESPONSE UP","KDR"
"HALLMARK_SPERMATOGENESIS",0.189372928000273,0.394526933333902,9,113,"ACRV1, CHFR, CLGN, CLVS1, JAM3, NAA11, NEFH, POMC, TSN",FALSE,1.51989470873231,"SPERMATOGENESIS","KDR"
"HALLMARK_IL2_STAT5_SIGNALING",0.204120061023172,0.402688563588238,14,193,"AHCY, BMPR2, CYFIP1, DENND5A, IL3RA, ITGA6, KLF6, NRP1, RHOB, SERPINB6, SPRED2, TNFRSF1B, TNFRSF21, TNFRSF4",FALSE,1.35113222452686,"IL2 STAT5 SIGNALING","KDR"
"HALLMARK_MTORC1_SIGNALING",0.209398053065884,0.402688563588238,14,194,"ACTR3, ADIPOR2, BCAT1, CCNF, CCT6A, DDIT4, HSPE1, ITGB2, NMT1, NUFIP1, PHGDH, PSME3, SEC11A, YKT6",FALSE,1.34357902207778,"MTORC1 SIGNALING","KDR"
"HALLMARK_APICAL_SURFACE",0.224081463058774,0.414965672331064,4,43,"ADIPOR2, AFAP1L2, SHROOM2, THY1",FALSE,1.90290774251906,"APICAL SURFACE","KDR"
"HALLMARK_NOTCH_SIGNALING",0.270218021948566,0.440173448233081,3,32,"APH1A, HEYL, NOTCH3",FALSE,1.98108347192244,"NOTCH SIGNALING","KDR"
"HALLMARK_G2M_CHECKPOINT",0.272689291177152,0.440173448233081,13,189,"CBX1, CCNF, CDKN1B, CHMP1A, KIF5B, KPNB1, LBR, MT2A, NUP50, PAFAH1B1, STMN1, TMPO, TROAP",FALSE,1.27844818845982,"G2M CHECKPOINT","KDR"
"HALLMARK_REACTIVE_OXYGEN_SPECIES_PATHWAY",0.27414372612441,0.440173448233081,4,47,"FTL, NDUFS2, PDLIM1, STK25",FALSE,1.72758188394311,"REACTIVE OXYGEN SPECIES PATHWAY","KDR"
"HALLMARK_P53_PATHWAY",0.278861008480387,0.440173448233081,13,190,"DDIT4, F2R, LDHB, PLK2, PRKAB1, RAP2B, RPL36, RRP8, TAX1BP3, TCN2, TP53, TRAF4, ZFP36L1",FALSE,1.27118161601186,"P53 PATHWAY","KDR"
"HALLMARK_PROTEIN_SECRETION",0.281711006869172,0.440173448233081,7,94,"AP2B1, AP2M1, AP2S1, ARCN1, CD63, GNAS, YKT6",FALSE,1.43186306780777,"PROTEIN SECRETION","KDR"
"HALLMARK_XENOBIOTIC_METABOLISM",0.291335451924821,0.441417351401244,13,192,"AHCY, ARPP19, BCAT1, CD36, CYP27A1, DDAH2, ENPEP, IGFBP4, MT2A, NMT1, PDLIM5, SERPINE1, TNFRSF1A",FALSE,1.25689136490251,"XENOBIOTIC METABOLISM","KDR"
"HALLMARK_INFLAMMATORY_RESPONSE",0.310345730023024,0.456390779445624,13,195,"APLNR, BST2, CYBB, GNAI3, ITGA5, ITGB3, KCNJ2, KLF6, MSR1, RGS1, SCARF1, SERPINE1, TNFRSF1B",FALSE,1.23604325883201,"INFLAMMATORY RESPONSE","KDR"
"HALLMARK_DNA_REPAIR",0.319694474501996,0.456706392145709,10,147,"ALYREF, DAD1, GTF3C5, NME1, NT5C, POLR1D, RALA, TP53, ZNF707, ZWINT",FALSE,1.27566721392845,"DNA REPAIR","KDR"
"HALLMARK_FATTY_ACID_METABOLISM",0.349837711408561,0.485885710289667,10,151,"ADIPOR2, ALAD, CD36, GRHPR, LGALS1, NCAPH2, OSTC, PTPRG, SMS, YWHAH",FALSE,1.23935662629504,"FATTY ACID METABOLISM","KDR"
"HALLMARK_ALLOGRAFT_REJECTION",0.381967130801351,0.516171798380204,12,189,"AKT1, BCAT1, ETS1, F2R, IL27RA, ITGB2, MMP9, NME1, RPL9, RPS3A, RPS9, THY1",FALSE,1.17602967404765,"ALLOGRAFT REJECTION","KDR"
"HALLMARK_ANDROGEN_RESPONSE",0.450876626043599,0.593258718478419,6,95,"AKT1, GNAI3, MYL12A, PDLIM5, SMS, ZBTB10",FALSE,1.2120800409699,"ANDROGEN RESPONSE","KDR"
"HALLMARK_PANCREAS_BETA_CELLS",0.493835373167124,0.631173957043719,2,29,"ISL1, SEC11A",FALSE,1.51685819395456,"PANCREAS BETA CELLS","KDR"
"HALLMARK_HEME_METABOLISM",0.504939165634975,0.631173957043719,11,189,"ALAD, ATG4A, BNIP3L, DAAM1, HTRA2, MGST3, NNT, PSMD9, SEC14L1, TRAK2, YPEL5",FALSE,1.0749273227576,"HEME METABOLISM","KDR"
"HALLMARK_INTERFERON_GAMMA_RESPONSE",0.675830868396227,0.824183985849058,10,196,"ADAR, BST2, CASP7, MT2A, MYD88, NUP93, OAS2, PSMA2, VAMP5, XAF1",FALSE,0.938188045890557,"INTERFERON GAMMA RESPONSE","KDR"
"HALLMARK_PEROXISOME",0.706836380379786,0.841471881404508,5,104,"FIS1, GNPAT, PRDX5, SLC35B2, YWHAH",FALSE,0.921296150346042,"PEROXISOME","KDR"
"HALLMARK_BILE_ACID_METABOLISM",0.744804580948628,0.866051838312358,5,109,"CYP27A1, GNPAT, PRDX5, RBP1, SLC35B2",FALSE,0.876994871117568,"BILE ACID METABOLISM","KDR"
"HALLMARK_CHOLESTEROL_HOMEOSTASIS",0.781058573122347,0.876773174099912,3,72,"ACTG1, CTNNB1, LPL",FALSE,0.839209384058515,"CHOLESTEROL HOMEOSTASIS","KDR"
"HALLMARK_TNFA_SIGNALING_VIA_NFKB",0.789095856689921,0.876773174099912,9,197,"DENND5A, KLF10, KLF6, PDLIM5, PLK2, RHOB, SERPINE1, YRDC, ZBTB10",FALSE,0.839041130198321,"TNFA SIGNALING VIA NFKB","KDR"
"HALLMARK_ESTROGEN_RESPONSE_LATE",0.85213256226882,0.926231045944369,8,191,"CAV1, DNAJC1, FLNB, IGFBP4, NAB2, PRKAR2B, TSPAN13, WFS1",FALSE,0.770724155856026,"ESTROGEN RESPONSE LATE","KDR"
"HALLMARK_KRAS_SIGNALING_DN",0.875077961891103,0.930934002011812,7,176,"CPA2, ENTPD7, GTF3C5, IGFBP2, KMT2D, MSH5, NTF3",FALSE,0.736122284794851,"KRAS SIGNALING DN","KDR"
"HALLMARK_ESTROGEN_RESPONSE_EARLY",0.963706845820102,0.973659717754412,6,192,"DLC1, FLNB, IGFBP4, KLF10, SH3BP5, WFS1",FALSE,0.578838218510443,"ESTROGEN RESPONSE EARLY","KDR"
"HALLMARK_MYC_TARGETS_V2",0.963918510239934,0.973659717754412,1,57,"HSPE1",FALSE,0.441965125586989,"MYC TARGETS V2","KDR"
"HALLMARK_INTERFERON_ALPHA_RESPONSE",0.973659717754412,0.973659717754412,2,95,"ADAR, BST2",FALSE,0.444662334156555,"INTERFERON ALPHA RESPONSE","KDR"
"HALLMARK_OXIDATIVE_PHOSPHORYLATION",1.81028008515177e-19,9.05140042575885e-18,63,184,"ACADM, ACAT1, AIFM1, ATP6V0B, ATP6V0E1, ATP6V1E1, ATP6V1F, ATP6V1G1, ATP6V1H, COX17, COX5A, COX6A1, COX6B1, COX6C, COX7B, COX7C, COX8A, CYCS, DLD, ECHS1, ECI1, ETFA, HADHA, HCCS, HSD17B10, HSPA9, IDH2, IDH3A, IDH3G, MDH1, MDH2, MFN2, MPC1, MRPS15, MRPS30, NDUFA1, NDUFA2, NDUFA4, NDUFA6, NDUFA7, NDUFA8, NDUFB2, NDUFB5, NDUFB8, NDUFC2, NDUFS4, NDUFV1, NDUFV2, NNT, OGDH, PDHA1, PHYH, POR, SDHA, SDHB, SDHD, SLC25A5, SUCLG1, UQCRC1, UQCRFS1, UQCRH, UQCRQ, VDAC1",TRUE,4.8718899860807,"OXIDATIVE PHOSPHORYLATION","TP53"
"HALLMARK_ALLOGRAFT_REJECTION",8.57488770136512e-19,2.14372192534128e-17,63,189,"B2M, BCL10, C2, CAPG, CCL19, CCL4, CCL5, CCL7, CD2, CD247, CD3D, CD3E, CD3G, CD40LG, CD7, CD74, CD79A, CD80, CD8A, CD8B, CD96, CRTAM, CSK, CTSS, CXCL13, CXCL9, FASLG, FGR, GBP2, GZMA, GZMB, HLA-A, HLA-DOA, HLA-DOB, HLA-DRA, HLA-E, IFNG, IL10, IL12RB1, IL2RA, IL2RB, IL2RG, IL7, IRF8, ITGAL, ITK, KRT1, LCK, LTB, LY75, LYN, MAP4K1, PRF1, PRKCB, PTPN6, PTPRC, RPL3L, SIT1, STAT1, TAP1, TAP2, TPD52, TRAT1",TRUE,4.67809392514259,"ALLOGRAFT REJECTION","TP53"
"HALLMARK_MTORC1_SIGNALING",5.20539565606321e-10,8.67565942677201e-09,49,194,"ACTR3, ALDOA, CACYBP, CD9, CORO1A, CYB5B, CYP51A1, DAPP1, DHCR24, DHCR7, DHFR, EBP, EGLN3, EIF2S2, ENO1, FADS1, FADS2, FGL2, G6PD, GBE1, GOT1, HMGCR, HMGCS1, HSPA9, IGFBP5, INSIG1, MLLT11, PGM1, PNP, PRDX1, PSMA4, PSMC2, PSMC4, PSMC6, PSMD13, PSMG1, RPN1, RRM2, SHMT2, SLA, SLC2A1, SLC6A6, SQSTM1, SRD5A1, STC1, TCEA1, TM7SF2, TRIB3, TUBA4A",TRUE,3.14572623278124,"MTORC1 SIGNALING","TP53"
"HALLMARK_INTERFERON_GAMMA_RESPONSE",7.09853693987924e-09,8.87317117484905e-08,47,196,"APOL6, B2M, BATF2, CASP4, CCL5, CCL7, CD274, CD38, CD69, CD74, CXCL10, CXCL11, CXCL9, EIF4E3, EPSTI1, FGL2, GBP6, GCH1, GZMA, HLA-A, HLA-B, HLA-DRB1, IDO1, IL15RA, IL2RB, IL7, IRF1, IRF8, ISG20, KLRK1, MVP, NMI, PNP, PSMA2, PSMB2, PSMB8, PSMB9, PSME1, PSME2, PTPN6, RTP4, SLAMF7, SOD2, SPPL2A, STAT1, TAP1, UBE2L6",TRUE,2.93438174298851,"INTERFERON GAMMA RESPONSE","TP53"
"HALLMARK_FATTY_ACID_METABOLISM",1.52425980255207e-07,1.52425980255207e-06,37,151,"ACADM, ACAT2, ACSL5, ALDOA, BCKDHB, CA6, CIDEA, CPT2, CRAT, DHCR24, DLD, ECHS1, ECI1, ENO3, ERP29, HAO2, HCCS, HMGCL, HMGCS1, HSD17B10, HSD17B7, HSP90AA1, IDH3G, IL4I1, MCEE, MDH1, MDH2, PCBD1, PDHA1, PSME1, RDH16, REEP6, S100A10, SDHA, SDHD, SUCLG1, UBE2L6",TRUE,3.01565453005211,"FATTY ACID METABOLISM","TP53"
"HALLMARK_E2F_TARGETS",1.00868685911541e-06,8.40572382596178e-06,42,195,"AK2, BUB1B, CCNB2, CDC20, CDC25B, CDCA8, CDK4, CDKN2C, CIT, DEPDC1, DIAPH3, HMGB3, HMMR, KIF22, KIF4A, KPNA2, LIG1, LMNB1, MCM3, MCM5, MCM6, MKI67, MYBL2, NAA38, ORC6, PCNA, POLA2, POLD3, PPP1R8, PTTG1, RANBP1, RBBP7, RNASEH2A, RRM2, SMC1A, SMC3, SNRPB, STMN1, TIMELESS, TOP2A, UBE2T, USP1",TRUE,2.55033676463959,"E2F TARGETS","TP53"
"HALLMARK_CHOLESTEROL_HOMEOSTASIS",3.89281797809113e-06,2.78058427006509e-05,21,72,"ACAT2, ACSS2, ANTXR2, CD9, CLU, CYP51A1, DHCR7, EBP, FABP5, FADS2, FBXO6, GLDC, HMGCR, HMGCS1, HSD17B7, LGALS3, MVD, PCYT2, PMVK, TM7SF2, TRIB3",TRUE,3.82711166798496,"CHOLESTEROL HOMEOSTASIS","TP53"
"HALLMARK_G2M_CHECKPOINT",7.17568782566081e-06,4.484804891038e-05,39,189,"CCNB2, CDC20, CDC25B, CDC6, CDK4, CDKN2C, DR1, E2F1, HMGB3, HMGN2, HMMR, HSPA8, KIF22, KIF4A, KPNA2, LMNB1, MAPK14, MCM3, MCM5, MCM6, MEIS2, MKI67, MYBL2, NDC80, NUSAP1, ORC6, PBK, POLA2, PRC1, PTTG1, RAD54L, SLC38A1, SLC7A1, SMC1A, SRSF10, STIL, STMN1, TOP2A, TPX2",TRUE,2.41442706131078,"G2M CHECKPOINT","TP53"
"HALLMARK_ADIPOGENESIS",8.17951144183347e-06,4.54417302324082e-05,39,190,"ACADM, AGPAT3, AIFM1, AK2, ALDOA, CDKN2C, CIDEA, CMPK1, COX6A1, COX7B, COX8A, CPT2, CRAT, DBT, DDT, DHCR7, DLD, ECHS1, GADD45A, GBE1, GHITM, IDH3A, IDH3G, JAGN1, MDH2, MTCH2, PGM1, PHYH, POR, REEP6, RTN3, SCP2, SDHB, SOD1, SUCLG1, UBC, UCP2, UQCRC1, UQCRQ",TRUE,2.39836383638364,"ADIPOGENESIS","TP53"
"HALLMARK_COMPLEMENT",9.40972486396145e-06,4.70486243198072e-05,40,198,"ACTN2, APOBEC3G, C2, C4BPB, CASP4, CCL5, CD40LG, CD55, CD59, CDA, CLU, CR2, CTSD, CTSH, CTSL, CTSS, CTSV, DUSP5, F8, FCER1G, GRB2, GZMA, GZMB, GZMK, IRF1, ITIH1, KIF2A, KLK1, LCK, LGALS3, LYN, MMP12, PCLO, PHEX, PLEK, PSMB9, S100A9, SERPINB2, SPOCK2, STX4",TRUE,2.35075145888533,"COMPLEMENT","TP53"
"HALLMARK_MYC_TARGETS_V1",2.84256144119273e-05,0.00012616648311956,38,193,"CCT5, CDC20, CDK4, CNBP, COX5A, EIF1AX, EIF2S2, HNRNPR, KPNA2, MCM5, MCM6, PABPC4, PCNA, PSMA1, PSMA2, PSMA4, PSMA6, PSMA7, PSMB2, PSMC4, PSMC6, PSMD7, PSMD8, PTGES3, RANBP1, RFC4, RPL22, RPS10, RRM1, SERBP1, SF3A1, SNRPA1, SNRPD2, STARD7, U2AF1, UBE2L3, USP1, VDAC1",TRUE,2.27592974506368,"MYC TARGETS V1","TP53"
"HALLMARK_UV_RESPONSE_UP",3.02799559486945e-05,0.00012616648311956,32,152,"ALDOA, ATP6V1F, BAK1, C4BPB, CEBPG, CLTB, CTSV, CYB5B, CYB5R1, DNAJA1, FEN1, GAL, GCH1, GGH, HLA-F, IRF1, LHX2, LYN, OLFM1, PPP1R2, PSMC3, RAB27A, RFC4, RPN1, SOD2, SPR, SQSTM1, TAP1, TCHH, TGFBRAP1, TMBIM6, TUBA4A",TRUE,2.47664909939759,"UV RESPONSE UP","TP53"
"HALLMARK_INTERFERON_ALPHA_RESPONSE",3.99843441505131e-05,0.000153785939040435,23,95,"B2M, BATF2, CD74, CXCL10, CXCL11, EPSTI1, GBP2, HLA-C, IL7, IRF1, ISG20, NMI, NUB1, PSMB8, PSMB9, PSME1, PSME2, RTP4, SAMD9, SELL, TAP1, TMEM140, UBE2L6",TRUE,2.97104344147387,"INTERFERON ALPHA RESPONSE","TP53"
"HALLMARK_PI3K_AKT_MTOR_SIGNALING",9.37713000986341e-05,0.000334897500352265,23,100,"ACTR3, ARPC3, CAMK4, CDK4, DAPP1, E2F1, FASLG, FGF22, GRB2, HRAS, IL2RG, LCK, MKNK2, PRKAA2, PRKCB, RPS6KA3, SFN, SLA, SLC2A1, SQSTM1, TRIB3, VAV3, YWHAB",TRUE,2.77863378522042,"PI3K AKT MTOR SIGNALING","TP53"
"HALLMARK_KRAS_SIGNALING_DN",0.000242348147172082,0.000807827157240274,33,176,"ABCB11, ALOX12B, CALML5, CD40LG, CD80, CKM, EDAR, FGF22, IFNG, ITIH3, KLK7, KLK8, KRT1, KRT4, LGALS7, LYPD3, MTHFR, MYH7, MYOT, NOS1, PDCD1, SCN10A, SERPINB2, SLC12A3, SLC30A3, SMPX, SNCB, TCL1A, TFCP2L1, TFF2, TG, TGM1, WNT16",TRUE,2.14212608405997,"KRAS SIGNALING DN","TP53"
"HALLMARK_IL6_JAK_STAT3_SIGNALING",0.000263622699961016,0.000823820937378173,20,87,"BAK1, CCL7, CD38, CD9, CXCL10, CXCL11, CXCL13, CXCL9, DNTT, GRB2, HAX1, IL12RB1, IL15RA, IL17RB, IL2RA, IL2RG, IL7, IRF1, LTB, STAT1",TRUE,2.7804610279268,"IL6 JAK STAT3 SIGNALING","TP53"
"HALLMARK_BILE_ACID_METABOLISM",0.000363603358236134,0.00106942164187098,23,109,"ABCA4, ABCD3, ACSL5, AMACR, CYP8B1, DHCR24, FADS1, FADS2, HSD3B1, HSD3B7, IDH2, KLF1, LCK, NPC1, OPTN, PECR, PEX16, PHYH, PXMP2, SCP2, SOD1, SULT2B1, TFCP2L1",TRUE,2.48835100902301,"BILE ACID METABOLISM","TP53"
"HALLMARK_ESTROGEN_RESPONSE_LATE",0.00108594868300605,0.00301652411946126,33,191,"ABHD2, BATF, CD9, CDC20, CDC6, COX6C, DCXR, DHCR7, DHRS2, FABP5, GAL, GJB3, IDH2, IL17RB, ISG20, JAK1, KCNK5, KLK10, MICB, NMU, OLFM1, PERP, PTPN6, RBBP8, RNASEH2A, S100A9, SFN, STIL, SULT2B1, TFF3, TNNC1, TOP2A, TRIM29",TRUE,1.93786853882292,"ESTROGEN RESPONSE LATE","TP53"
"HALLMARK_MYOGENESIS",0.00130127651110962,0.00342441187134109,33,193,"ACTA1, ACTN2, ANKRD2, ATP2A1, CAV3, CKM, CLU, COX6A2, CRAT, CSRP3, ENO3, FABP3, ITGB4, LPIN1, MB, MYF6, MYH2, MYH7, MYL1, MYL2, MYL3, MYL6B, MYOM2, NOS1, PKIA, PSEN2, SLN, SPHK1, TCAP, TNNC1, TNNI1, TNNT1, TPM3",TRUE,1.91351883353401,"MYOGENESIS","TP53"
"HALLMARK_P53_PATHWAY",0.00196117864673231,0.00490294661683078,32,190,"ALOX15B, BAK1, CD82, CTSD, CYFIP2, DCXR, DGKA, EPHA2, GADD45A, HINT1, HRAS, ITGB4, KLK8, KRT17, MKNK2, NDRG1, NUDT15, PCNA, PERP, PTPRE, RNF19B, RPL36, S100A10, S100A4, SEC61A1, SERPINB5, SFN, SPHK1, TAP1, TCHH, TNNI1, TRIB3",TRUE,1.87911327428637,"P53 PATHWAY","TP53"
"HALLMARK_PEROXISOME",0.00277830939825315,0.0066150223767932,20,104,"ABCD3, ACSL5, BCL10, CNBP, CRAT, DHCR24, FADS1, HAO2, HMGCL, HRAS, HSD3B7, IDH2, MVP, PRDX1, SCP2, SOD1, SOD2, STS, SULT2B1, TOP2A",TRUE,2.21909694732548,"PEROXISOME","TP53"
"HALLMARK_INFLAMMATORY_RESPONSE",0.00298471556428256,0.00678344446427855,32,195,"CCL5, CCL7, CCR7, CD48, CD55, CD69, CD82, CXCL10, CXCL11, CXCL9, GCH1, IL10, IL15RA, IL2RB, IL7R, IRAK2, IRF1, LCK, LYN, MARCO, NMI, P2RX4, P2RX7, PDPN, PTPRE, RTP4, SELL, SEMA4D, SLAMF1, SLC7A1, SPHK1, TNFRSF9",TRUE,1.82116778343984,"INFLAMMATORY RESPONSE","TP53"
"HALLMARK_IL2_STAT5_SIGNALING",0.00862922700008036,0.0187591891306095,30,193,"ADAM19, AMACR, ANXA4, BATF, CAPG, CCR4, CD48, CDC42SE2, CDC6, CTSZ, CXCL10, ENO3, EOMES, FGL2, GSTO1, IL10, IL2RA, IL2RB, IRF8, LTB, NDRG1, NT5E, P2RX4, PNP, RHOH, RNH1, S100A1, SELL, TNFRSF9, TRAF1",TRUE,1.70744581516592,"IL2 STAT5 SIGNALING","TP53"
"HALLMARK_APOPTOSIS",0.0125333526746508,0.0261111514055225,25,158,"ANKH, BCL10, BIRC3, CASP4, CD2, CD38, CD69, CDC25B, CLU, DNAJA1, EBP, FASLG, GADD45A, GCH1, HSPB1, IRF1, ISG20, LGALS3, PRF1, PSEN2, SOD1, SOD2, SQSTM1, TAP1, TOP2A",TRUE,1.74688123111221,"APOPTOSIS","TP53"
"HALLMARK_GLYCOLYSIS",0.0141391155343263,0.0271906067967814,29,192,"AKR1A1, ALDOA, B3GAT3, B3GNT3, DEPDC1, DLD, EFNA3, EGLN3, ENO1, G6PD, GOT1, HAX1, HMMR, HS2ST1, ISG20, KIF2A, MDH1, MDH2, NDST3, NT5E, PKM, PSMC4, PYGB, SDC3, SOD1, STC1, STMN1, TFF3, TXN",TRUE,1.65066713884677,"GLYCOLYSIS","TP53"
"HALLMARK_XENOBIOTIC_METABOLISM",0.0141391155343263,0.0271906067967814,29,192,"AKR1C3, ARG1, ARG2, CDA, CNDP2, CYFIP2, CYP4F2, DCXR, DDT, EPHA2, FETUB, GAD1, GCH1, GCNT2, GSTO1, HSD17B2, IRF8, ITIH1, MAN1A1, NPC1, PGRMC1, POR, PTGDS, PTGES3, SAR1B, SHMT2, SLC22A1, SLC6A6, TMBIM6",TRUE,1.65066713884677,"XENOBIOTIC METABOLISM","TP53"
"HALLMARK_DNA_REPAIR",0.0182574589380704,0.0333216603597159,23,147,"CDA, COX17, DAD1, FEN1, GTF2H5, LIG1, MRPL40, NUDT9, PCNA, PNP, POLA2, POLD3, POLR2G, POLR3GL, PRIM1, RAE1, RALA, RFC4, SEC61A1, STX3, TAF12, TAF13, UPF3B",TRUE,1.72540341785714,"DNA REPAIR","TP53"
"HALLMARK_APICAL_JUNCTION",0.0186601298014409,0.0333216603597159,28,188,"ACTA1, ACTN2, ALOX15B, CAP1, CD274, CLDN5, CRAT, DSC1, FLNC, HRAS, INSIG1, ITGA9, ITGB4, KRT31, LAYN, MAP4K2, MAPK14, MVD, NRAP, PARD6G, PTPRC, RAC2, RHOF, SDC3, SIRPA, SLC30A3, STX4, TRAF1",TRUE,1.62399347349396,"APICAL JUNCTION","TP53"
"HALLMARK_APICAL_SURFACE",0.0228558699240517,0.0394066722828478,9,43,"ADAM10, ATP6V0A4, HSPB1, IL2RB, IL2RG, LYN, LYPD3, MAL, RHCG",TRUE,2.51208075770956,"APICAL SURFACE","TP53"
"HALLMARK_ANDROGEN_RESPONSE",0.0238078233920802,0.0396797056534669,16,95,"ABHD2, ANKH, B2M, CENPN, DBI, DHCR24, FADS1, HMGCR, HMGCS1, INSIG1, NDRG1, NGLY1, RPS6KA3, TMEM50A, TPD52, ZMIZ1",TRUE,1.89529229224248,"ANDROGEN RESPONSE","TP53"
"HALLMARK_HYPOXIA",0.0277242376114616,0.0447165122765509,27,186,"ALDOA, AMPD3, ANXA2, CSRP2, EFNA3, ENO1, ENO3, GBE1, GCNT2, HEXA, HK1, ISG20, LOX, MAP3K1, NDRG1, PGM1, PKLR, S100A4, SDC3, SDC4, SLC2A1, SLC2A5, SLC6A6, STC1, SULT2B1, TMEM45A, TPD52",TRUE,1.57615877527614,"HYPOXIA","TP53"
"HALLMARK_TNFA_SIGNALING_VIA_NFKB",0.0515561208332346,0.079972509115599,27,197,"BCL2A1, BIRC3, CCL4, CCL5, CD69, CD80, CXCL10, CXCL11, DUSP5, GADD45A, GCH1, IL15RA, IL7R, IRF1, PLEK, PTPRE, RCAN1, RNF19B, SDC4, SERPINB2, SOD2, SPHK1, SQSTM1, TAP1, TNFRSF9, TNIP1, TRAF1",FALSE,1.47361587323801,"TNFA SIGNALING VIA NFKB","TP53"
"HALLMARK_SPERMATOGENESIS",0.0527818560162953,0.079972509115599,17,113,"CAMK4, CCNB2, CRISP2, ELOVL3, GAD1, GPR182, IL13RA2, LPIN1, MTOR, NOS1, PGK2, PSMG1, RFC4, SLC2A5, SNAP91, STRBP, TNP1",FALSE,1.65535279518081,"SPERMATOGENESIS","TP53"
"HALLMARK_PANCREAS_BETA_CELLS",0.0610723992775591,0.0898123518787633,6,29,"LMO2, PAX6, PCSK2, PKLR, SPCS1, SRP14",FALSE,2.52117252268031,"PANCREAS BETA CELLS","TP53"
"HALLMARK_PROTEIN_SECRETION",0.0788324286175565,0.112617755167938,14,94,"ADAM10, ARFGEF2, ATP1A1, ATP6V1H, BET1, COPE, RER1, RPS6KA3, SOD1, STX12, TMX1, TPD52, TSPAN8, VAMP3",FALSE,1.64320749804738,"PROTEIN SECRETION","TP53"
"HALLMARK_KRAS_SIGNALING_UP",0.0862308857297245,0.119497651301688,25,190,"ADAMDEC1, ANKH, ARG1, BIRC3, CIDEA, CTSS, CXCL10, FCER1G, FLT4, GNG11, IKZF1, IL2RG, IL7R, IRF8, LAPTM5, LCP1, MALL, MAP3K1, MAP4K1, PSMB8, PTPRR, RELN, SNAP91, TFPI, TRAF1",FALSE,1.40674124118044,"KRAS SIGNALING UP","TP53"
"HALLMARK_REACTIVE_OXYGEN_SPECIES_PATHWAY",0.0884282619632492,0.119497651301688,8,47,"G6PD, IPCEF1, MBP, NDUFA6, PRDX1, SOD1, SOD2, TXN",FALSE,1.96168671566301,"REACTIVE OXYGEN SPECIES PATHWAY","TP53"
"HALLMARK_HEME_METABOLISM",0.241969373970886,0.31838075522485,22,189,"CAST, CLIC2, DMTN, EPB41, HTATIP2, IGSF3, KAT2B, KEL, KLF1, LMO2, MOSPD1, NARF, NNT, OPTN, OSBP2, PDZK1IP1, RHAG, SLC25A38, SLC2A1, TAL1, TCEA1, UCP2",FALSE,1.22452297301662,"HEME METABOLISM","TP53"
"HALLMARK_UV_RESPONSE_DN",0.290108568620172,0.371934062333554,16,138,"ANXA2, ANXA4, BCKDHB, GJA1, IGFBP5, INSIG1, MAPK14, PIK3CD, PMP22, SFMBT1, SLC7A1, SYNE1, SYNJ2, TFPI, TGFBR2, ZMIZ1",FALSE,1.22722882487927,"UV RESPONSE DN","TP53"
"HALLMARK_MITOTIC_SPINDLE",0.307452857470933,0.384316071838666,22,197,"ARF6, ARHGEF3, BCR, CAPZB, CCNB2, CDC42, DYNC1H1, EPB41, KIF22, KIF4A, LMNB1, NDC80, NUSAP1, PCGF5, PRC1, RHOF, SMC1A, SMC3, TOP2A, TPX2, TUBA4A, WASF2",FALSE,1.16821104678763,"MITOTIC SPINDLE","TP53"
"HALLMARK_NOTCH_SIGNALING",0.392112202076285,0.478185612288153,4,32,"DTX1, PSEN2, SKP1, ST3GAL6",FALSE,1.43746314534847,"NOTCH SIGNALING","TP53"
"HALLMARK_COAGULATION",0.423092005835571,0.503680959328061,14,131,"C2, CD9, CLU, CTSH, CTSV, DCT, F8, GDA, GNG12, ITIH1, KLK8, PLEK, S100A1, SERPINB2",FALSE,1.1235846604663,"COAGULATION","TP53"
"HALLMARK_ESTROGEN_RESPONSE_EARLY",0.536313222200246,0.623620025814239,19,192,"ABHD2, BCL11B, CELSR1, DHCR7, DHRS2, GJA1, IL17RB, KCNK5, KLK10, MICB, MREG, OLFM1, PODXL, RBBP8, SEC14L2, SFN, SLC2A1, SULT2B1, TFF3",FALSE,1.02275307817652,"ESTROGEN RESPONSE EARLY","TP53"
"HALLMARK_HEDGEHOG_SIGNALING",0.667738205270376,0.758793415079973,3,34,"CELSR1, L1CAM, TLE1",FALSE,1.01090726180076,"HEDGEHOG SIGNALING","TP53"
"HALLMARK_ANGIOGENESIS",0.88398397957946,0.982204421754956,2,36,"S100A4, STC1",FALSE,0.65886977920899,"ANGIOGENESIS","TP53"
"HALLMARK_WNT_BETA_CATENIN_SIGNALING",0.92352799116038,0.98995417466942,2,41,"PSEN2, TCF7",FALSE,0.575317812257891,"WNT BETA CATENIN SIGNALING","TP53"
"HALLMARK_MYC_TARGETS_V2",0.930556924189255,0.98995417466942,3,57,"CDK4, MCM5, MRTO4",FALSE,0.583581981887456,"MYC TARGETS V2","TP53"
"HALLMARK_UNFOLDED_PROTEIN_RESPONSE",0.983355432214423,1,5,106,"CEBPG, CHAC1, HSPA9, SPCS1, YWHAZ",FALSE,0.491665090421639,"UNFOLDED PROTEIN RESPONSE","TP53"
"HALLMARK_EPITHELIAL_MESENCHYMAL_TRANSITION",0.988247772347593,1,11,195,"CALU, CAPG, CD59, ELN, GADD45A, GJA1, LOX, NT5E, PDLIM4, PMP22, SDC4",FALSE,0.564702626217843,"EPITHELIAL MESENCHYMAL TRANSITION","TP53"
"HALLMARK_TGF_BETA_SIGNALING",1,1,0,53,"",FALSE,0.0848103602011025,"TGF BETA SIGNALING","TP53"
"HALLMARK_EPITHELIAL_MESENCHYMAL_TRANSITION",1.02933818584708e-28,5.14669092923539e-27,44,195,"ACTA2, BGN, CDH6, COL12A1, COL1A2, COL3A1, COL4A1, COL4A2, COL5A1, COL5A2, COL6A3, COMP, CRLF1, ECM1, ECM2, EDIL3, EFEMP2, FBLN5, FBN1, FERMT2, FSTL1, GPX7, HTRA1, IGFBP3, ITGA2, ITGAV, ITGB1, LOXL1, LUM, MFAP5, MMP2, MXRA5, MYL9, NID2, PDGFRB, POSTN, PPIB, SERPINE2, SERPINH1, SFRP4, SLIT3, SNAI2, SPARC, THY1",TRUE,11.8540163750888,"EPITHELIAL MESENCHYMAL TRANSITION","PLCG1"
"HALLMARK_ANGIOGENESIS",2.56754564826615e-07,6.41886412066538e-06,9,36,"COL3A1, COL5A2, FSTL1, ITGAV, JAG2, KCNJ8, LUM, NRP1, POSTN",TRUE,13.1225056452287,"ANGIOGENESIS","PLCG1"
"HALLMARK_UV_RESPONSE_DN",3.20774365118355e-06,5.34623941863925e-05,15,138,"ARHGEF9, CAV1, COL1A2, COL3A1, COL5A2, FBLN5, MGMT, NRP1, PDGFRB, PPARG, SDC2, SNAI2, SPOP, SRI, TGFBR2",TRUE,4.79830147820356,"UV RESPONSE DN","PLCG1"
"HALLMARK_APICAL_JUNCTION",0.000125347185873945,0.00156683982342431,15,188,"ADRA1B, CD34, CDH6, CDH8, FBN1, GNAI1, ITGA2, ITGB1, JAM3, MMP2, MYL9, RSU1, THY1, TRO, VCL",TRUE,3.40719522820186,"APICAL JUNCTION","PLCG1"
"HALLMARK_APOPTOSIS",0.000257902529705787,0.00257902529705787,13,158,"AVPR1A, BGN, CAV1, CTH, CTNNB1, F2R, GSN, LUM, MGMT, MMP2, NEDD9, PDGFRB, SPTAN1",TRUE,3.53033068037415,"APOPTOSIS","PLCG1"
"HALLMARK_MYOGENESIS",0.00055048983798726,0.0045874153165605,14,193,"APLNR, CACNA1H, CD36, COL15A1, COL3A1, COL4A2, COL6A3, GSN, IGFBP3, IGFBP7, ITGB1, SPARC, SPTAN1, TNNT3",TRUE,3.07421316304705,"MYOGENESIS","PLCG1"
"HALLMARK_COAGULATION",0.00226711520205228,0.0161936800146591,10,131,"A2M, COMP, CTSO, FBN1, GSN, HTRA1, ITGA2, MMP2, SERPING1, SPARC",TRUE,3.27383512544803,"COAGULATION","PLCG1"
"HALLMARK_WNT_BETA_CATENIN_SIGNALING",0.0040437710814077,0.0233978710385074,5,41,"CTNNB1, GNAI1, JAG2, NCSTN, NOTCH4",TRUE,5.67965221742666,"WNT BETA CATENIN SIGNALING","PLCG1"
"HALLMARK_KRAS_SIGNALING_UP",0.00421161678693133,0.0233978710385074,12,190,"ANO1, CBL, CPE, DCBLD2, ENG, ETS1, IGFBP3, IL33, ITGA2, NRP1, PLVAP, SPARCL1",TRUE,2.65529893733627,"KRAS SIGNALING UP","PLCG1"
"HALLMARK_CHOLESTEROL_HOMEOSTASIS",0.0110564791451762,0.0552823957258811,6,72,"ANTXR2, AVPR1A, CTNNB1, GNAI1, GPX8, PPARG",FALSE,3.68557945641781,"CHOLESTEROL HOMEOSTASIS","PLCG1"
"HALLMARK_IL2_STAT5_SIGNALING",0.0299880994561138,0.136309542982335,10,193,"CD81, ECM1, ITGA6, ITGAV, NRP1, PENK, PRKCH, SOCS2, SPRED2, SPRY4",FALSE,2.16114968796695,"IL2 STAT5 SIGNALING","PLCG1"
"HALLMARK_COMPLEMENT",0.0746857421306811,0.311190592211171,9,198,"CD36, COL4A2, CPM, CTSO, KCNIP3, NOTCH4, PRCP, SERPING1, ZEB1",FALSE,1.88937867287419,"COMPLEMENT","PLCG1"
"HALLMARK_HYPOXIA",0.11323926722077,0.435535643156809,8,186,"BGN, CAV1, COL5A1, ETS1, IGFBP1, IGFBP3, NDST1, SDC2",FALSE,1.79233897415716,"HYPOXIA","PLCG1"
"HALLMARK_TGF_BETA_SIGNALING",0.15912959575311,0.568319984832536,3,53,"CTNNB1, ENG, ID3",FALSE,2.60105946900423,"TGF BETA SIGNALING","PLCG1"
"HALLMARK_IL6_JAK_STAT3_SIGNALING",0.190821736643954,0.585573929311685,4,87,"A2M, CBL, CD36, TNFRSF1A",FALSE,2.02299685041949,"IL6 JAK STAT3 SIGNALING","PLCG1"
"HALLMARK_NOTCH_SIGNALING",0.20196535923243,0.585573929311685,2,32,"NOTCH3, RBX1",FALSE,3.07358437188249,"NOTCH SIGNALING","PLCG1"
"HALLMARK_HEDGEHOG_SIGNALING",0.221144877327308,0.585573929311685,2,34,"NRP1, THY1",FALSE,2.88416125200866,"HEDGEHOG SIGNALING","PLCG1"
"HALLMARK_ADIPOGENESIS",0.226576377287208,0.585573929311685,7,190,"CD36, COL15A1, COL4A1, PPARG, PTGER3, SDHC, SPARCL1",FALSE,1.5351888250911,"ADIPOGENESIS","PLCG1"
"HALLMARK_ESTROGEN_RESPONSE_LATE",0.230392137001304,0.585573929311685,7,191,"CAV1, CPE, CYP26B1, FARP1, PTGER3, SLC29A1, WFS1",FALSE,1.52679349891574,"ESTROGEN RESPONSE LATE","PLCG1"
"HALLMARK_GLYCOLYSIS",0.234229571724674,0.585573929311685,7,192,"CACNA1H, COL5A1, CTH, EXT2, IGFBP3, SDC2, SDHC",FALSE,1.51848868838648,"GLYCOLYSIS","PLCG1"
"HALLMARK_MITOTIC_SPINDLE",0.253723087832544,0.604102590077486,7,197,"FARP1, FGD4, GSN, NEDD9, RASAL2, SPTAN1, VCL",FALSE,1.47827247991801,"MITOTIC SPINDLE","PLCG1"
"HALLMARK_APICAL_SURFACE",0.30827554876699,0.700626247197706,2,43,"DCBLD2, THY1",FALSE,2.25769563266691,"APICAL SURFACE","PLCG1"
"HALLMARK_SPERMATOGENESIS",0.338842443983799,0.713366312693795,4,113,"CLGN, DMC1, JAM3, TCP11",FALSE,1.54070253867959,"SPERMATOGENESIS","PLCG1"
"HALLMARK_OXIDATIVE_PHOSPHORYLATION",0.345771007882444,0.713366312693795,6,184,"BDH2, CYB5R3, FXN, PDK4, SDHC, SDHD",FALSE,1.36559619273144,"OXIDATIVE PHOSPHORYLATION","PLCG1"
"HALLMARK_FATTY_ACID_METABOLISM",0.356683156346897,0.713366312693795,5,151,"AADAT, CD36, PTPRG, SDHC, SDHD",FALSE,1.40752411675783,"FATTY ACID METABOLISM","PLCG1"
"HALLMARK_ESTROGEN_RESPONSE_EARLY",0.382862491829,0.736274022748076,6,192,"ADCY1, CYP26B1, ELOVL2, FARP1, OLFML3, WFS1",FALSE,1.30650814714157,"ESTROGEN RESPONSE EARLY","PLCG1"
"HALLMARK_PI3K_AKT_MTOR_SIGNALING",0.484110406107813,0.896500752051506,3,100,"CSNK2B, MAP2K6, TNFRSF1A",FALSE,1.34414502694757,"PI3K AKT MTOR SIGNALING","PLCG1"
"HALLMARK_UNFOLDED_PROTEIN_RESPONSE",0.523059514761993,0.934034847789273,3,106,"IGFBP1, SEC31A, WFS1",FALSE,1.26585433397951,"UNFOLDED PROTEIN RESPONSE","PLCG1"
"HALLMARK_ANDROGEN_RESPONSE",0.711378053289415,1,2,95,"ITGAV, STEAP4",FALSE,0.999553152943119,"ANDROGEN RESPONSE","PLCG1"
"HALLMARK_ALLOGRAFT_REJECTION",0.72781883920378,1,4,189,"DEGS1, ETS1, F2R, THY1",FALSE,0.906110023170273,"ALLOGRAFT REJECTION","PLCG1"
"HALLMARK_XENOBIOTIC_METABOLISM",0.739034774855565,1,4,192,"CD36, IGFBP1, PDK4, TNFRSF1A",FALSE,0.891558603280227,"XENOBIOTIC METABOLISM","PLCG1"
"HALLMARK_DNA_REPAIR",0.739670162741357,1,3,147,"BCAM, POLR2G, RBX1",FALSE,0.904877349965839,"DNA REPAIR","PLCG1"
"HALLMARK_KRAS_SIGNALING_DN",0.839732467770455,1,3,176,"EPHA5, PDK2, TCF7L1",FALSE,0.752565208612493,"KRAS SIGNALING DN","PLCG1"
"HALLMARK_HEME_METABOLISM",0.872573793931257,1,3,189,"ABCG2, BCAM, SEC14L1",FALSE,0.699663598640734,"HEME METABOLISM","PLCG1"
"HALLMARK_P53_PATHWAY",0.874835456123412,1,3,190,"CD81, F2R, JAG2",FALSE,0.695898089171974,"P53 PATHWAY","PLCG1"
"HALLMARK_INFLAMMATORY_RESPONSE",0.885618474268563,1,3,195,"APLNR, DCBLD2, SRI",FALSE,0.677657374472661,"INFLAMMATORY RESPONSE","PLCG1"
"HALLMARK_PROTEIN_SECRETION",0.916478378838168,1,1,94,"SEC31A",FALSE,0.598644435933114,"PROTEIN SECRETION","PLCG1"
"HALLMARK_BILE_ACID_METABOLISM",0.943856952195254,1,1,109,"SLC29A1",FALSE,0.515506515535761,"BILE ACID METABOLISM","PLCG1"
"HALLMARK_MTORC1_SIGNALING",0.963368285918663,1,2,194,"CTH, SERPINH1",FALSE,0.483161706594949,"MTORC1 SIGNALING","PLCG1"
"HALLMARK_INTERFERON_GAMMA_RESPONSE",0.964962652935821,1,2,196,"SERPING1, SRI",FALSE,0.478146765385055,"INTERFERON GAMMA RESPONSE","PLCG1"
"HALLMARK_G2M_CHECKPOINT",0.993282959513022,1,1,189,"RASAL2",FALSE,0.295569594378486,"G2M CHECKPOINT","PLCG1"
"HALLMARK_E2F_TARGETS",1,1,0,195,"",FALSE,0.094791172420178,"E2F TARGETS","PLCG1"
"HALLMARK_INTERFERON_ALPHA_RESPONSE",1,1,0,95,"",FALSE,0.194996564876454,"INTERFERON ALPHA RESPONSE","PLCG1"
"HALLMARK_MYC_TARGETS_V1",1,1,0,193,"",FALSE,0.0957802799116069,"MYC TARGETS V1","PLCG1"
"HALLMARK_MYC_TARGETS_V2",1,1,0,57,"",FALSE,0.324461931929963,"MYC TARGETS V2","PLCG1"
"HALLMARK_PANCREAS_BETA_CELLS",1,1,0,29,"",FALSE,0.633284761101311,"PANCREAS BETA CELLS","PLCG1"
"HALLMARK_PEROXISOME",1,1,0,104,"",FALSE,0.178124661715993,"PEROXISOME","PLCG1"
"HALLMARK_REACTIVE_OXYGEN_SPECIES_PATHWAY",1,1,0,47,"",FALSE,0.392960228625863,"REACTIVE OXYGEN SPECIES PATHWAY","PLCG1"
"HALLMARK_TNFA_SIGNALING_VIA_NFKB",1,1,0,197,"",FALSE,0.0938220974855375,"TNFA SIGNALING VIA NFKB","PLCG1"
"HALLMARK_UV_RESPONSE_UP",1,1,0,152,"",FALSE,0.121774349083896,"UV RESPONSE UP","PLCG1"
"HALLMARK_ALLOGRAFT_REJECTION",6.51605261610837e-09,3.25802630805419e-07,35,189,"ABI1, B2M, BCL10, CCL4, CCL5, CD2, CD3D, CD3G, CD47, CD7, CD8A, CD96, CRTAM, CTSS, CXCL13, CXCL9, FASLG, GALNT1, GBP2, HLA-DOB, IL12B, IL2RB, IL2RG, IL7, IRF8, ITGAL, ITK, LCK, LY75, LYN, PRKCB, PTPRC, STAT1, TAP1, TRAT1",TRUE,3.50411186986016,"ALLOGRAFT REJECTION","LRP1B"
"HALLMARK_INTERFERON_GAMMA_RESPONSE",1.72541053495072e-08,4.3135263373768e-07,35,196,"ARL4A, B2M, BANK1, BATF2, CASP4, CCL5, CD274, CD38, CD69, CXCL10, CXCL11, CXCL9, DDX60, EPSTI1, FGL2, GCH1, IDO1, IL15RA, IL2RB, IL7, IRF8, KLRK1, NMI, PDE4B, PNP, PNPT1, PSMA2, PSMB2, PSMB8, PSME2, PTPN2, SLAMF7, SPPL2A, STAT1, TAP1",TRUE,3.35104221599599,"INTERFERON GAMMA RESPONSE","LRP1B"
"HALLMARK_INFLAMMATORY_RESPONSE",4.51511012076177e-06,7.52518353460294e-05,30,195,"ABI1, CALCRL, CCL5, CCR7, CD48, CD55, CD69, CXCL10, CXCL11, CXCL9, GCH1, IL12B, IL15RA, IL2RB, IL7R, LCK, LYN, MET, NMI, P2RX4, P2RX7, PDE4B, PDPN, PTPRE, RGS1, SELL, SLAMF1, SLC31A1, SLC7A1, TNFRSF9",TRUE,2.79810268648527,"INFLAMMATORY RESPONSE","LRP1B"
"HALLMARK_INTERFERON_ALPHA_RESPONSE",0.00025694189634495,0.00321177370431187,16,95,"B2M, BATF2, CD47, CXCL10, CXCL11, DDX60, EPSTI1, GBP2, IL7, NMI, PNPT1, PSMB8, PSME2, SAMD9, SELL, TAP1",TRUE,3.13122077698214,"INTERFERON ALPHA RESPONSE","LRP1B"
"HALLMARK_KRAS_SIGNALING_UP",0.000825335115643164,0.00812388255402203,24,190,"ADAMDEC1, ANXA10, ARG1, BIRC3, CROT, CTSS, CXCL10, FLT4, GNG11, IL2RG, IL7R, IRF8, LAPTM5, LCP1, LY96, MAP3K1, PSMB8, PTPRR, RELN, SCG3, SNAP91, STRN, TFPI, TLR8",TRUE,2.22377605487525,"KRAS SIGNALING UP","LRP1B"
"HALLMARK_IL6_JAK_STAT3_SIGNALING",0.000974865906482643,0.00812388255402203,14,87,"CD38, CD9, CXCL10, CXCL11, CXCL13, CXCL9, DNTT, IL10RB, IL15RA, IL2RG, IL7, LEPR, PTPN2, STAT1",TRUE,2.97268052032672,"IL6 JAK STAT3 SIGNALING","LRP1B"
"HALLMARK_SPERMATOGENESIS",0.0017942100525349,0.012815786089535,16,113,"ADAM2, ARL4A, CRISP2, DBF4, ELOVL3, GAD1, GPR182, IL13RA2, PGK2, PSMG1, RFC4, SCG3, SLC2A5, SNAP91, STRBP, TNP1",TRUE,2.55083013674563,"SPERMATOGENESIS","LRP1B"
"HALLMARK_OXIDATIVE_PHOSPHORYLATION",0.00569352359287851,0.0355845224554907,21,184,"ACADM, ACAT1, ATP6V0B, ATP6V0E1, ATP6V1E1, ATP6V1F, COX5A, COX7A2, COX7A2L, COX7B, DLD, MDH1, MPC1, MRPS15, MRPS30, NDUFA4, NDUFA6, NDUFC2, NDUFV2, PHYH, SDHB",TRUE,1.98302910048273,"OXIDATIVE PHOSPHORYLATION","LRP1B"
"HALLMARK_TNFA_SIGNALING_VIA_NFKB",0.0226616284959646,0.125897936088692,20,197,"BCL2A1, BIRC3, CCL4, CCL5, CD69, CXCL10, CXCL11, DUSP5, GCH1, IL12B, IL15RA, IL7R, NFAT5, PDE4B, PTPRE, RCAN1, RNF19B, TANK, TAP1, TNFRSF9",FALSE,1.73909727936155,"TNFA SIGNALING VIA NFKB","LRP1B"
"HALLMARK_HEME_METABOLISM",0.0282388123937824,0.141194061968912,19,189,"BMP2K, CLIC2, DMTN, EIF2AK1, EPB41, IGSF3, KAT2B, KEL, LMO2, LPIN2, MOSPD1, NARF, OPTN, OSBP2, RHAG, RHCE, SPTA1, TCEA1, UCP2",FALSE,1.72147699440902,"HEME METABOLISM","LRP1B"
"HALLMARK_APOPTOSIS",0.0392420315732016,0.166840673353361,16,158,"BCL10, BIRC3, CASP4, CASP6, CD2, CD38, CD69, CDC25B, CYLD, FASLG, GCH1, PSEN2, TAP1, TGFBR3, TOP2A, XIAP",FALSE,1.74133792799471,"APOPTOSIS","LRP1B"
"HALLMARK_BILE_ACID_METABOLISM",0.0400417616048067,0.166840673353361,12,109,"ABCA4, ABCD3, ACSL5, CROT, CYP8B1, HSD3B7, LCK, NPC1, OPTN, PEX19, PHYH, PNPLA8",FALSE,1.92658006130492,"BILE ACID METABOLISM","LRP1B"
"HALLMARK_COMPLEMENT",0.071952879986147,0.26207513734004,18,198,"APOBEC3G, CASP4, CCL5, CD55, CR2, CTSS, DOCK10, DUSP5, F5, F8, GZMK, LCK, LYN, MMP12, PCLO, PHEX, SCG3, ZFPM2",FALSE,1.54075655056537,"COMPLEMENT","LRP1B"
"HALLMARK_ANDROGEN_RESPONSE",0.0733810384552113,0.26207513734004,10,95,"ABHD2, ACSL3, B2M, CENPN, DBI, ELK4, NDRG1, PIAS1, SLC38A2, TMEM50A",FALSE,1.84378053888036,"ANDROGEN RESPONSE","LRP1B"
"HALLMARK_XENOBIOTIC_METABOLISM",0.0945102311950957,0.288002689078178,17,192,"AP4B1, ARG1, ARG2, CASP6, CROT, GAD1, GCH1, GCNT2, IGF1, IRF8, LPIN2, MAN1A1, NPC1, PROS1, PTGES3, SAR1B, TMBIM6",FALSE,1.49823361823362,"XENOBIOTIC METABOLISM","LRP1B"
"HALLMARK_PI3K_AKT_MTOR_SIGNALING",0.0957001073142297,0.288002689078178,10,100,"ARPC3, CAB39, FASLG, IL2RG, LCK, MAPK1, PIK3R3, PRKAA2, PRKCB, VAV3",FALSE,1.74147456658411,"PI3K AKT MTOR SIGNALING","LRP1B"
"HALLMARK_IL2_STAT5_SIGNALING",0.0979209142865806,0.288002689078178,17,193,"ARL4A, CD48, CDC42SE2, CDC6, CST7, CXCL10, EOMES, FGL2, IL2RB, IRF8, NDRG1, NT5E, P2RX4, PNP, S100A1, SELL, TNFRSF9",FALSE,1.48966949952786,"IL2 STAT5 SIGNALING","LRP1B"
"HALLMARK_MITOTIC_SPINDLE",0.112326776578926,0.312018823830351,17,197,"ABI1, ANLN, ARHGEF3, CCDC88A, CDC42, CEP57, EPB41, FBXO5, KNTC1, NDC80, PCGF5, RANBP9, TLK1, TOP2A, TUBA4A, UXT, WASF2",FALSE,1.45636195752539,"MITOTIC SPINDLE","LRP1B"
"HALLMARK_DNA_REPAIR",0.131786952340311,0.346807769316607,13,147,"DAD1, PDE4B, PNP, POLR2A, POLR2K, RALA, RFC4, RPA2, SEC61A1, SMAD5, STX3, TAF12, TAF9",FALSE,1.50664358718411,"DNA REPAIR","LRP1B"
"HALLMARK_MTORC1_SIGNALING",0.158480840778236,0.39620210194559,16,194,"ACSL3, CACYBP, CD9, EGLN3, FGL2, MLLT11, PIK3R3, PNP, PRDX1, PSMD12, PSMG1, PSPH, SSR1, STC1, TCEA1, TUBA4A",FALSE,1.38761024013717,"MTORC1 SIGNALING","LRP1B"
"HALLMARK_PROTEIN_SECRETION",0.235147718051078,0.559875519169234,8,94,"ADAM10, ARFGAP3, ARFGEF2, BET1, MAPK1, TSPAN8, VAMP3, VAMP7",FALSE,1.4730217676095,"PROTEIN SECRETION","LRP1B"
"HALLMARK_APICAL_SURFACE",0.281872986743918,0.62774983561507,4,43,"ADAM10, IL2RB, IL2RG, LYN",FALSE,1.70662611195202,"APICAL SURFACE","LRP1B"
"HALLMARK_G2M_CHECKPOINT",0.296542881494286,0.62774983561507,14,189,"CDC25B, CDC6, CKS2, DBF4, FBXO5, KPNA2, NDC80, PBK, RPA2, SLC38A1, SLC7A1, STIL, STMN1, TOP2A",FALSE,1.23856256923532,"G2M CHECKPOINT","LRP1B"
"HALLMARK_GLYCOLYSIS",0.31690505759314,0.62774983561507,14,192,"CASP6, DLD, EGLN3, HS2ST1, MDH1, MET, NDST3, NT5E, SRD5A3, STC1, STMN1, TFF3, TXN, UGP2",FALSE,1.21756114076189,"GLYCOLYSIS","LRP1B"
"HALLMARK_NOTCH_SIGNALING",0.32427075712926,0.62774983561507,3,32,"DTX1, PSEN2, ST3GAL6",FALSE,1.77688833236438,"NOTCH SIGNALING","LRP1B"
"HALLMARK_PEROXISOME",0.326429914519836,0.62774983561507,8,104,"ABCD3, ACSL5, BCL10, HMGCL, HSD3B7, PRDX1, STS, TOP2A",FALSE,1.31971048757202,"PEROXISOME","LRP1B"
"HALLMARK_REACTIVE_OXYGEN_SPECIES_PATHWAY",0.339478654267694,0.628664174569804,4,47,"IPCEF1, NDUFA6, PRDX1, TXN",FALSE,1.5493827963423,"REACTIVE OXYGEN SPECIES PATHWAY","LRP1B"
"HALLMARK_UV_RESPONSE_UP",0.354630183633082,0.633268185059074,11,152,"ATP6V1F, GCH1, GGH, LYN, PPP1R2, RFC4, SPR, TAP1, TGFBRAP1, TMBIM6, TUBA4A",FALSE,1.21766355653643,"UV RESPONSE UP","LRP1B"
"HALLMARK_APICAL_JUNCTION",0.515401792896915,0.884037927905174,12,188,"CD274, FLNC, ITGA9, ITGB4, LAYN, PARD6G, PIK3R3, PTPRC, RAC2, SGCE, SIRPA, SLC30A3",FALSE,1.0600115034591,"APICAL JUNCTION","LRP1B"
"HALLMARK_ADIPOGENESIS",0.530422756743105,0.884037927905174,12,190,"ACADM, AK2, ARL4A, COX7B, DBT, DLD, MTCH2, PHYH, SDHB, STOM, TANK, UCP2",FALSE,1.04802831948719,"ADIPOGENESIS","LRP1B"
"HALLMARK_PANCREAS_BETA_CELLS",0.549837768180166,0.88683510996801,2,29,"LMO2, PAX6",FALSE,1.36062318096216,"PANCREAS BETA CELLS","LRP1B"
"HALLMARK_FATTY_ACID_METABOLISM",0.609153764462086,0.905051299812026,9,151,"ACADM, ACSL5, BCKDHB, DLD, HMGCL, HSD17B7, MDH1, RDH16, S100A10",FALSE,0.997273759939417,"FATTY ACID METABOLISM","LRP1B"
"HALLMARK_UV_RESPONSE_DN",0.639844953078122,0.905051299812026,8,138,"BCKDHB, MET, PIK3R3, PRDM2, SLC7A1, SYNE1, TFPI, TGFBR3",FALSE,0.974202077924337,"UV RESPONSE DN","LRP1B"
"HALLMARK_P53_PATHWAY",0.649402678755428,0.905051299812026,11,190,"CCNK, HINT1, ITGB4, NDRG1, PTPRE, RNF19B, RPS27L, S100A10, SEC61A1, STOM, TAP1",FALSE,0.95803875214829,"P53 PATHWAY","LRP1B"
"HALLMARK_CHOLESTEROL_HOMEOSTASIS",0.667774416159116,0.905051299812026,4,72,"ANTXR2, CD9, FABP5, HSD17B7",FALSE,0.982675591362026,"CHOLESTEROL HOMEOSTASIS","LRP1B"
"HALLMARK_MYC_TARGETS_V1",0.669625329163982,0.905051299812026,11,193,"COX5A, KPNA2, PSMA1, PSMA2, PSMA6, PSMB2, PSMD7, PTGES3, RFC4, SNRPD3, TXNL4A",FALSE,0.942146794042628,"MYC TARGETS V1","LRP1B"
"HALLMARK_KRAS_SIGNALING_DN",0.6697379618609,0.905051299812026,10,176,"GPR19, IL12B, ITIH3, MYH7, PLAG1, SCN10A, SLC30A3, SMPX, TCL1A, TFF2",FALSE,0.942934977417736,"KRAS SIGNALING DN","LRP1B"
"HALLMARK_WNT_BETA_CATENIN_SIGNALING",0.73646478127729,0.969032606943802,2,41,"NCSTN, PSEN2",FALSE,0.946697179908937,"WNT BETA CATENIN SIGNALING","LRP1B"
"HALLMARK_ESTROGEN_RESPONSE_LATE",0.763715375535544,0.97912227632762,10,191,"ABHD2, CD9, CDC6, FABP5, JAK1, MOCS2, RBBP8, STIL, TFF3, TOP2A",FALSE,0.864348817326874,"ESTROGEN RESPONSE LATE","LRP1B"
"HALLMARK_HYPOXIA",0.830218751997757,0.99851259522453,9,186,"CASP6, CSRP2, GCNT2, MAP3K1, NDRG1, SLC2A5, STC1, TMEM45A, UGP2",FALSE,0.799209646367413,"HYPOXIA","LRP1B"
"HALLMARK_COAGULATION",0.836183485661903,0.99851259522453,6,131,"CD9, CFI, F8, GNG12, PROS1, S100A1",FALSE,0.773683505494456,"COAGULATION","LRP1B"
"HALLMARK_E2F_TARGETS",0.867658681830704,0.99851259522453,9,195,"AK2, ASF1A, CDC25B, CKS2, KPNA2, NAA38, RPA2, STMN1, TOP2A",FALSE,0.760294713291029,"E2F TARGETS","LRP1B"
"HALLMARK_HEDGEHOG_SIGNALING",0.889235560783523,0.99851259522453,1,34,"TLE1",FALSE,0.669451013655846,"HEDGEHOG SIGNALING","LRP1B"
"HALLMARK_ANGIOGENESIS",0.902694073766338,0.99851259522453,1,36,"STC1",FALSE,0.63167185271963,"ANGIOGENESIS","LRP1B"
"HALLMARK_MYOGENESIS",0.921870390806943,0.99851259522453,8,193,"COX6A2, IGF1, ITGB4, MYH7, MYL2, PSEN2, REEP1, TPM3",FALSE,0.683448013518902,"MYOGENESIS","LRP1B"
"HALLMARK_UNFOLDED_PROTEIN_RESPONSE",0.965595462577535,0.99851259522453,3,106,"ATF6, EXOSC10, SSR1",FALSE,0.504569614928683,"UNFOLDED PROTEIN RESPONSE","LRP1B"
"HALLMARK_TGF_BETA_SIGNALING",0.967663081305381,0.99851259522453,1,53,"XIAP",FALSE,0.426764879832249,"TGF BETA SIGNALING","LRP1B"
"HALLMARK_MYC_TARGETS_V2",0.975050222188032,0.99851259522453,1,57,"TFB2M",FALSE,0.396471501227347,"MYC TARGETS V2","LRP1B"
"HALLMARK_ESTROGEN_RESPONSE_EARLY",0.983011890714496,0.99851259522453,6,192,"ABHD2, INPP5F, RBBP8, REEP1, SEC14L2, TFF3",FALSE,0.519022496001847,"ESTROGEN RESPONSE EARLY","LRP1B"
"HALLMARK_EPITHELIAL_MESENCHYMAL_TRANSITION",0.99851259522453,0.99851259522453,4,195,"ABI3BP, NT5E, TGFBR3, WIPF1",FALSE,0.349324802798688,"EPITHELIAL MESENCHYMAL TRANSITION","LRP1B"
"HALLMARK_MYC_TARGETS_V1",1.76507510562426e-69,8.82537552812128e-68,79,193,"C1QBP, CBX3, CCT3, CCT7, CDK4, CLNS1A, CNBP, DDX21, EEF1B2, EIF1AX, EIF2S1, EIF3B, EIF3D, EIF4A1, ERH, FBL, G3BP1, GLO1, GNL3, HDAC2, HDGF, HNRNPA1, HNRNPA3, HNRNPC, HPRT1, HSPD1, HSPE1, ILF2, IMPDH2, LSM7, MAD2L1, MRPL9, MYC, NAP1L1, NCBP2, NHP2, NME1, NOLC1, NOP16, NPM1, ODC1, PA2G4, PABPC4, PCBP1, PHB2, POLE3, PPIA, PPM1G, PRDX4, PRPS2, PSMA1, PSMA7, PWP1, RAN, RPL14, RPL18, RPL22, RPL6, RPLP0, RPS10, RPS2, RPS3, RPS5, RPS6, RSL1D1, SERBP1, SET, SLC25A3, SNRPA1, SNRPD1, SNRPG, SRM, SSB, STARD7, TUFM, U2AF1, XRCC6, YWHAE, YWHAQ",TRUE,25.8807530466363,"MYC TARGETS V1","MYC"
"HALLMARK_MYC_TARGETS_V2",8.54855270780013e-17,2.13713817695003e-15,20,57,"CBX3, CDK4, DCTPP1, GNL3, HSPD1, HSPE1, IMP4, IPO4, MRTO4, MYC, NIP7, NOLC1, NOP16, NPM1, PA2G4, PUS1, SRM, TFB2M, WDR43, WDR74",TRUE,18.4703259380992,"MYC TARGETS V2","MYC"
"HALLMARK_UNFOLDED_PROTEIN_RESPONSE",2.02887749838622e-09,3.38146249731036e-08,18,106,"DKC1, EEF2, EIF2S1, EIF4A1, HSPA9, IMP3, KHSRP, LSM4, MTHFD2, NHP2, NOLC1, NOP14, NPM1, PDIA6, PSAT1, RPS14, SHC1, SRPRB",TRUE,7.02225646293443,"UNFOLDED PROTEIN RESPONSE","MYC"
"HALLMARK_OXIDATIVE_PHOSPHORYLATION",6.0557446172835e-09,7.56968077160437e-08,23,184,"COX17, COX4I1, COX5B, COX6A1, CYCS, ECHS1, GRPEL1, HADHA, HSPA9, MRPL11, MRPL15, MRPS12, NDUFS2, NDUFS6, PHB2, POLR2F, SLC25A3, SLC25A6, SUCLG1, TIMM13, UQCR11, UQCRFS1, UQCRH",TRUE,4.91096067267795,"OXIDATIVE PHOSPHORYLATION","MYC"
"HALLMARK_DNA_REPAIR",3.69306851425552e-07,3.69306851425552e-06,18,147,"ALYREF, APRT, COX17, DDB1, EDF1, GUK1, HPRT1, IMPDH2, MPG, NCBP2, NME1, NME4, POLR1C, POLR2F, POLR2H, POLR2I, POLR3GL, SSRP1",TRUE,4.78939978939979,"DNA REPAIR","MYC"
"HALLMARK_E2F_TARGETS",1.48412643596278e-06,1.23677202996899e-05,20,195,"CDC25A, CDK4, DCTPP1, EIF2S1, HMGA1, LYAR, MAD2L1, MTHFD2, MYC, NAP1L1, NME1, NOLC1, PA2G4, PAICS, PHF5A, PRDX4, RAN, SLBP, SSRP1, XRCC6",TRUE,3.92016003108854,"E2F TARGETS","MYC"
"HALLMARK_MTORC1_SIGNALING",5.34248696111467e-06,3.81606211508191e-05,19,194,"BCAT1, CACYBP, CDC25A, HPRT1, HSPA9, HSPD1, HSPE1, MTHFD2, PDAP1, PNO1, POLR3G, PPA1, PPIA, PSAT1, PSMB5, PSME3, TOMM40, TRIB3, TUBA4A",TRUE,3.72281469328229,"MTORC1 SIGNALING","MYC"
"HALLMARK_REACTIVE_OXYGEN_SPECIES_PATHWAY",6.37717540633318e-05,0.000398573462895824,8,47,"HHEX, HMOX2, IPCEF1, NDUFS2, PFKP, PRDX4, SOD1, STK25",TRUE,7.12935668458471,"REACTIVE OXYGEN SPECIES PATHWAY","MYC"
"HALLMARK_UV_RESPONSE_UP",0.000174420137319708,0.000969000762887264,14,152,"AP2S1, DDX21, GRPEL1, LYN, PDAP1, POLE3, POLR2H, PPAT, PSMC3, SIGMAR1, STK25, TGFBRAP1, TST, TUBA4A",TRUE,3.48554047345586,"UV RESPONSE UP","MYC"
"HALLMARK_G2M_CHECKPOINT",0.0042338196634571,0.0211690983172855,13,189,"CDC25A, CDK4, DKC1, DTYMK, G3BP1, HMGA1, HSPA8, MAD2L1, MYC, NOLC1, ODC1, SNRPD1, UCK2",TRUE,2.53762458490874,"G2M CHECKPOINT","MYC"
"HALLMARK_ALLOGRAFT_REJECTION",0.0107865344682394,0.0467306412747104,12,189,"BCAT1, EIF3D, EIF5A, KRT1, LYN, MRPL3, NME1, NPM1, RPL9, RPS19, RPS3A, RPS9",TRUE,2.33251088036736,"ALLOGRAFT REJECTION","MYC"
"HALLMARK_ADIPOGENESIS",0.0112153539059305,0.0467306412747104,12,190,"COX6A1, ECHS1, G3BP2, GRPEL1, MRPL15, MTCH2, SLC25A1, SNCG, SOD1, SUCLG1, TST, UQCR11",TRUE,2.31933000288518,"ADIPOGENESIS","MYC"
"HALLMARK_PI3K_AKT_MTOR_SIGNALING",0.0289611356393304,0.111388983228194,7,100,"CDK4, HRAS, MKNK2, PFN1, PRKAR2A, RALB, TRIB3",FALSE,2.64628443346914,"PI3K AKT MTOR SIGNALING","MYC"
"HALLMARK_PANCREAS_BETA_CELLS",0.0533102280236018,0.190393671512864,3,29,"GCK, LMO2, SRPRB",FALSE,4.34349878587696,"PANCREAS BETA CELLS","MYC"
"HALLMARK_HYPOXIA",0.101814075417045,0.339380251390149,9,186,"ADM, ANXA2, GALK1, GCK, HDLBP, PFKP, PRDX5, S100A4, SLC25A1",FALSE,1.76412372540327,"HYPOXIA","MYC"
"HALLMARK_PROTEIN_SECRETION",0.14615011531642,0.443480747875117,5,94,"AP2S1, CLTA, KRT18, SCRN1, SOD1",FALSE,2.02123084228965,"PROTEIN SECRETION","MYC"
"HALLMARK_ANDROGEN_RESPONSE",0.15078345427754,0.443480747875117,5,95,"ABCC4, PA2G4, UBE2I, XRCC5, XRCC6",FALSE,1.99879932833275,"ANDROGEN RESPONSE","MYC"
"HALLMARK_P53_PATHWAY",0.202335129430042,0.534762157835192,8,190,"HRAS, MKNK2, RPL18, RPL36, RRP8, S100A10, S100A4, TRIB3",FALSE,1.53233252017264,"P53 PATHWAY","MYC"
"HALLMARK_GLYCOLYSIS",0.210020160907768,0.534762157835192,8,192,"ARPP19, BPNT1, GALK1, HDLBP, PFKP, PKM, PPIA, SOD1",FALSE,1.51557337491183,"GLYCOLYSIS","MYC"
"HALLMARK_IL2_STAT5_SIGNALING",0.213904863134077,0.534762157835192,8,193,"AHCY, CTLA4, MYC, ODC1, PDCD2L, PUS1, SHE, UCK2",FALSE,1.50732932097626,"IL2 STAT5 SIGNALING","MYC"
"HALLMARK_FATTY_ACID_METABOLISM",0.289875314887264,0.690179321160152,6,151,"ECHS1, ODC1, PCBD1, S100A10, SUCLG1, UROS",FALSE,1.46769621441091,"FATTY ACID METABOLISM","MYC"
"HALLMARK_HEME_METABOLISM",0.327225756972624,0.740691773930013,7,189,"ADD2, HDGF, HEBP1, LMO2, PSMD9, RHCE, UROS",FALSE,1.34988263040148,"HEME METABOLISM","MYC"
"HALLMARK_WNT_BETA_CATENIN_SIGNALING",0.343327072803615,0.740691773930013,2,41,"HDAC2, MYC",FALSE,2.07678786103226,"WNT BETA CATENIN SIGNALING","MYC"
"HALLMARK_CHOLESTEROL_HOMEOSTASIS",0.359135165454423,0.740691773930013,3,72,"ANXA5, CBS, TRIB3",FALSE,1.65269223470145,"CHOLESTEROL HOMEOSTASIS","MYC"
"HALLMARK_PEROXISOME",0.370345886965007,0.740691773930013,4,104,"CNBP, HRAS, PRDX5, SOD1",FALSE,1.46958163545762,"PEROXISOME","MYC"
"HALLMARK_BILE_ACID_METABOLISM",0.403944366557166,0.776816089533011,4,109,"ABCA3, PRDX5, PXMP2, SOD1",FALSE,1.39959171128372,"BILE ACID METABOLISM","MYC"
"HALLMARK_APICAL_JUNCTION",0.483655097829967,0.895657588574013,6,188,"ARPC2, CD99, HRAS, MAP4K2, PFN1, SHC1",FALSE,1.16801892501513,"APICAL JUNCTION","MYC"
"HALLMARK_MYOGENESIS",0.509128399821984,0.909157856824971,6,193,"BIN1, DES, MYL6B, SGCA, TNNC2, TPM3",FALSE,1.13659330655957,"MYOGENESIS","MYC"
"HALLMARK_COMPLEMENT",0.534126103667015,0.920907075287956,6,198,"ANXA5, GMFB, GNGT2, LYN, PFN1, S100A13",FALSE,1.10680018776404,"COMPLEMENT","MYC"
"HALLMARK_HEDGEHOG_SIGNALING",0.64013337351165,1,1,34,"SCG2",FALSE,1.46733662365464,"HEDGEHOG SIGNALING","MYC"
"HALLMARK_ANGIOGENESIS",0.661148242201674,1,1,36,"S100A4",FALSE,1.38453509904046,"ANGIOGENESIS","MYC"
"HALLMARK_ESTROGEN_RESPONSE_EARLY",0.674862340097628,1,5,192,"ABCA3, ASB13, KRT18, MYC, RPS6KA2",FALSE,0.96019032344293,"ESTROGEN RESPONSE EARLY","MYC"
"HALLMARK_XENOBIOTIC_METABOLISM",0.674862340097628,1,5,192,"AHCY, ARPP19, BCAT1, GART, HPRT1",FALSE,0.96019032344293,"XENOBIOTIC METABOLISM","MYC"
"HALLMARK_EPITHELIAL_MESENCHYMAL_TRANSITION",0.687965531864644,1,5,195,"COMP, IL32, PPIB, PTX3, SCG2",FALSE,0.944930299911388,"EPITHELIAL MESENCHYMAL TRANSITION","MYC"
"HALLMARK_APICAL_SURFACE",0.725508680518894,1,1,43,"LYN",FALSE,1.1561003046637,"APICAL SURFACE","MYC"
"HALLMARK_COAGULATION",0.748463373866609,1,3,131,"COMP, S100A13, WDR1",FALSE,0.891299411832402,"COAGULATION","MYC"
"HALLMARK_TGF_BETA_SIGNALING",0.796863467942812,1,1,53,"RHOA",FALSE,0.935435401252134,"TGF BETA SIGNALING","MYC"
"HALLMARK_ESTROGEN_RESPONSE_LATE",0.820333269913557,1,4,191,"ABCA3, HPRT1, RPS6KA2, TST",FALSE,0.78435228182546,"ESTROGEN RESPONSE LATE","MYC"
"HALLMARK_MITOTIC_SPINDLE",0.838249284598744,1,4,197,"BIN1, KATNB1, TUBA4A, YWHAE",FALSE,0.759807846277022,"MITOTIC SPINDLE","MYC"
"HALLMARK_SPERMATOGENESIS",0.85147996927097,1,2,113,"PRKAR2A, SHE",FALSE,0.733146278527945,"SPERMATOGENESIS","MYC"
"HALLMARK_UV_RESPONSE_DN",0.918162279409672,1,2,138,"ANXA2, MYC",FALSE,0.598139556639158,"UV RESPONSE DN","MYC"
"HALLMARK_INFLAMMATORY_RESPONSE",0.930724095799121,1,3,195,"ADM, LYN, MYC",FALSE,0.593110965772836,"INFLAMMATORY RESPONSE","MYC"
"HALLMARK_TNFA_SIGNALING_VIA_NFKB",0.933659209364161,1,3,197,"MYC, PTX3, TNIP2",FALSE,0.586954600843747,"TNFA SIGNALING VIA NFKB","MYC"
"HALLMARK_APOPTOSIS",0.950029386335432,1,2,158,"KRT18, SOD1",FALSE,0.521190038476347,"APOPTOSIS","MYC"
"HALLMARK_KRAS_SIGNALING_DN",0.96826369835222,1,2,176,"KRT1, SNCB",FALSE,0.467016695746827,"KRAS SIGNALING DN","MYC"
"HALLMARK_INTERFERON_GAMMA_RESPONSE",0.981012154136319,1,2,196,"MTHFD2, PFKP",FALSE,0.418584087136887,"INTERFERON GAMMA RESPONSE","MYC"
"HALLMARK_IL6_JAK_STAT3_SIGNALING",1,1,0,87,"",FALSE,0.186471189907944,"IL6 JAK STAT3 SIGNALING","MYC"
"HALLMARK_INTERFERON_ALPHA_RESPONSE",1,1,0,95,"",FALSE,0.170783924160825,"INTERFERON ALPHA RESPONSE","MYC"
"HALLMARK_KRAS_SIGNALING_UP",1,1,0,190,"",FALSE,0.0852193595132351,"KRAS SIGNALING UP","MYC"
"HALLMARK_NOTCH_SIGNALING",1,1,0,32,"",FALSE,0.503384125818493,"NOTCH SIGNALING","MYC"
