"","Breast (Cutaneous)","Breast (NOS)","Breast (Parenchymal)","Extremities","Heart","Hepatobiliary","HNFS","Missing or Unknown","Musculoskeletal","Other Rare Sites","Other Visceral Organs","p","test"
"n","39","33","41","26","16","10","61","3","12","3","10","",""
"Primary Site (Wagner2024) (%)","","","","","","","","","","","","<0.001",""
"   Bone","0 (0.0)","0 (0.0)","0 (0.0)","0 (0.0)","0 (0.0)","0 (0.0)","0 (0.0)","0 (0.0)","5 (41.7)","0 (0.0)","0 (0.0)","",""
"   Bowel","0 (0.0)","0 (0.0)","0 (0.0)","0 (0.0)","0 (0.0)","0 (0.0)","0 (0.0)","0 (0.0)","0 (0.0)","0 (0.0)","2 (20.0)","",""
"   Brain","0 (0.0)","0 (0.0)","0 (0.0)","0 (0.0)","0 (0.0)","0 (0.0)","0 (0.0)","0 (0.0)","0 (0.0)","1 (33.3)","0 (0.0)","",""
"   Breast (Cutaneous)","39 (100.0)","0 (0.0)","0 (0.0)","0 (0.0)","0 (0.0)","0 (0.0)","0 (0.0)","0 (0.0)","0 (0.0)","0 (0.0)","0 (0.0)","",""
"   Breast (NOS)","0 (0.0)","33 (100.0)","0 (0.0)","0 (0.0)","0 (0.0)","0 (0.0)","0 (0.0)","0 (0.0)","0 (0.0)","0 (0.0)","0 (0.0)","",""
"   Breast (Parenchymal)","0 (0.0)","0 (0.0)","41 (100.0)","0 (0.0)","0 (0.0)","0 (0.0)","0 (0.0)","0 (0.0)","0 (0.0)","0 (0.0)","0 (0.0)","",""
"   Heart","0 (0.0)","0 (0.0)","0 (0.0)","0 (0.0)","16 (100.0)","0 (0.0)","0 (0.0)","0 (0.0)","0 (0.0)","0 (0.0)","0 (0.0)","",""
"   HNFS","0 (0.0)","0 (0.0)","0 (0.0)","0 (0.0)","0 (0.0)","0 (0.0)","61 (100.0)","0 (0.0)","0 (0.0)","0 (0.0)","0 (0.0)","",""
"   Kidney","0 (0.0)","0 (0.0)","0 (0.0)","0 (0.0)","0 (0.0)","0 (0.0)","0 (0.0)","0 (0.0)","0 (0.0)","0 (0.0)","2 (20.0)","",""
"   Liver","0 (0.0)","0 (0.0)","0 (0.0)","0 (0.0)","0 (0.0)","5 (50.0)","0 (0.0)","0 (0.0)","0 (0.0)","0 (0.0)","0 (0.0)","",""
"   Lower Extremity","0 (0.0)","0 (0.0)","0 (0.0)","14 (53.8)","0 (0.0)","0 (0.0)","0 (0.0)","0 (0.0)","0 (0.0)","0 (0.0)","0 (0.0)","",""
"   Lung","0 (0.0)","0 (0.0)","0 (0.0)","0 (0.0)","0 (0.0)","0 (0.0)","0 (0.0)","0 (0.0)","0 (0.0)","0 (0.0)","4 (40.0)","",""
"   Mediastinum","0 (0.0)","0 (0.0)","0 (0.0)","0 (0.0)","0 (0.0)","0 (0.0)","0 (0.0)","0 (0.0)","1 (8.3)","0 (0.0)","0 (0.0)","",""
"   Nerve","0 (0.0)","0 (0.0)","0 (0.0)","0 (0.0)","0 (0.0)","0 (0.0)","0 (0.0)","0 (0.0)","0 (0.0)","1 (33.3)","0 (0.0)","",""
"   Ovary","0 (0.0)","0 (0.0)","0 (0.0)","0 (0.0)","0 (0.0)","0 (0.0)","0 (0.0)","0 (0.0)","0 (0.0)","0 (0.0)","1 (10.0)","",""
"   Pelvis","0 (0.0)","0 (0.0)","0 (0.0)","0 (0.0)","0 (0.0)","0 (0.0)","0 (0.0)","0 (0.0)","1 (8.3)","0 (0.0)","0 (0.0)","",""
"   Penis","0 (0.0)","0 (0.0)","0 (0.0)","0 (0.0)","0 (0.0)","0 (0.0)","0 (0.0)","0 (0.0)","0 (0.0)","1 (33.3)","0 (0.0)","",""
"   Primary Site Unknown","0 (0.0)","0 (0.0)","0 (0.0)","0 (0.0)","0 (0.0)","0 (0.0)","0 (0.0)","1 (100.0)","0 (0.0)","0 (0.0)","0 (0.0)","",""
"   Retroperitoneum","0 (0.0)","0 (0.0)","0 (0.0)","0 (0.0)","0 (0.0)","0 (0.0)","0 (0.0)","0 (0.0)","2 (16.7)","0 (0.0)","0 (0.0)","",""
"   Spleen","0 (0.0)","0 (0.0)","0 (0.0)","0 (0.0)","0 (0.0)","5 (50.0)","0 (0.0)","0 (0.0)","0 (0.0)","0 (0.0)","0 (0.0)","",""
"   Trunk","0 (0.0)","0 (0.0)","0 (0.0)","0 (0.0)","0 (0.0)","0 (0.0)","0 (0.0)","0 (0.0)","3 (25.0)","0 (0.0)","0 (0.0)","",""
"   Upper Extremity","0 (0.0)","0 (0.0)","0 (0.0)","12 (46.2)","0 (0.0)","0 (0.0)","0 (0.0)","0 (0.0)","0 (0.0)","0 (0.0)","0 (0.0)","",""
"   Urinary","0 (0.0)","0 (0.0)","0 (0.0)","0 (0.0)","0 (0.0)","0 (0.0)","0 (0.0)","0 (0.0)","0 (0.0)","0 (0.0)","1 (10.0)","",""
"Biopsy Location (Wagner2024) (%)","","","","","","","","","","","","NaN",""
"   Abdomin and Pelvis","0 (0.0)","0 (NaN)","0 (0.0)","0 (0.0)","0 (0.0)","0 (0.0)","0 (0.0)","0 (0.0)","1 (12.5)","0 (0.0)","0 (0.0)","",""
"   Adrenal Gland","0 (0.0)","0 (NaN)","0 (0.0)","0 (0.0)","0 (0.0)","0 (0.0)","0 (0.0)","0 (0.0)","0 (0.0)","0 (0.0)","1 (12.5)","",""
"   Arm","0 (0.0)","0 (NaN)","0 (0.0)","3 (20.0)","0 (0.0)","0 (0.0)","0 (0.0)","0 (0.0)","0 (0.0)","0 (0.0)","0 (0.0)","",""
"   Atrium","0 (0.0)","0 (NaN)","0 (0.0)","0 (0.0)","3 (33.3)","0 (0.0)","0 (0.0)","0 (0.0)","0 (0.0)","0 (0.0)","0 (0.0)","",""
"   Back","0 (0.0)","0 (NaN)","0 (0.0)","0 (0.0)","0 (0.0)","0 (0.0)","0 (0.0)","0 (0.0)","1 (12.5)","0 (0.0)","0 (0.0)","",""
"   Bladder","0 (0.0)","0 (NaN)","0 (0.0)","0 (0.0)","0 (0.0)","0 (0.0)","0 (0.0)","0 (0.0)","0 (0.0)","0 (0.0)","1 (12.5)","",""
"   Bone","0 (0.0)","0 (NaN)","0 (0.0)","0 (0.0)","0 (0.0)","0 (0.0)","0 (0.0)","0 (0.0)","1 (12.5)","0 (0.0)","0 (0.0)","",""
"   Bowel","0 (0.0)","0 (NaN)","0 (0.0)","0 (0.0)","1 (11.1)","0 (0.0)","0 (0.0)","0 (0.0)","0 (0.0)","0 (0.0)","2 (25.0)","",""
"   Brain","0 (0.0)","0 (NaN)","0 (0.0)","0 (0.0)","0 (0.0)","0 (0.0)","0 (0.0)","0 (0.0)","0 (0.0)","1 (50.0)","0 (0.0)","",""
"   Breast","25 (64.1)","0 (NaN)","41 (100.0)","0 (0.0)","0 (0.0)","0 (0.0)","0 (0.0)","0 (0.0)","0 (0.0)","0 (0.0)","0 (0.0)","",""
"   Breast Skin","11 (28.2)","0 (NaN)","0 (0.0)","0 (0.0)","0 (0.0)","0 (0.0)","0 (0.0)","0 (0.0)","0 (0.0)","0 (0.0)","0 (0.0)","",""
"   Chest Wall","1 (2.6)","0 (NaN)","0 (0.0)","0 (0.0)","0 (0.0)","0 (0.0)","0 (0.0)","0 (0.0)","0 (0.0)","0 (0.0)","0 (0.0)","",""
"   Face","0 (0.0)","0 (NaN)","0 (0.0)","0 (0.0)","0 (0.0)","0 (0.0)","4 (9.5)","0 (0.0)","0 (0.0)","0 (0.0)","0 (0.0)","",""
"   Forehead","0 (0.0)","0 (NaN)","0 (0.0)","0 (0.0)","0 (0.0)","0 (0.0)","6 (14.3)","0 (0.0)","0 (0.0)","0 (0.0)","0 (0.0)","",""
"   Glute","0 (0.0)","0 (NaN)","0 (0.0)","1 (6.7)","0 (0.0)","0 (0.0)","0 (0.0)","0 (0.0)","0 (0.0)","0 (0.0)","0 (0.0)","",""
"   Hip","0 (0.0)","0 (NaN)","0 (0.0)","1 (6.7)","0 (0.0)","0 (0.0)","0 (0.0)","0 (0.0)","0 (0.0)","0 (0.0)","0 (0.0)","",""
"   Leg","0 (0.0)","0 (NaN)","0 (0.0)","4 (26.7)","0 (0.0)","0 (0.0)","0 (0.0)","0 (0.0)","0 (0.0)","0 (0.0)","0 (0.0)","",""
"   Lip","0 (0.0)","0 (NaN)","0 (0.0)","0 (0.0)","0 (0.0)","0 (0.0)","2 (4.8)","0 (0.0)","0 (0.0)","0 (0.0)","0 (0.0)","",""
"   Liver","0 (0.0)","0 (NaN)","0 (0.0)","0 (0.0)","1 (11.1)","5 (55.6)","0 (0.0)","2 (100.0)","0 (0.0)","0 (0.0)","0 (0.0)","",""
"   Lung","0 (0.0)","0 (NaN)","0 (0.0)","0 (0.0)","3 (33.3)","0 (0.0)","0 (0.0)","0 (0.0)","0 (0.0)","0 (0.0)","3 (37.5)","",""
"   Mediastinum","0 (0.0)","0 (NaN)","0 (0.0)","0 (0.0)","0 (0.0)","0 (0.0)","0 (0.0)","0 (0.0)","1 (12.5)","0 (0.0)","0 (0.0)","",""
"   Neck","0 (0.0)","0 (NaN)","0 (0.0)","0 (0.0)","0 (0.0)","0 (0.0)","1 (2.4)","0 (0.0)","0 (0.0)","0 (0.0)","0 (0.0)","",""
"   Nose","0 (0.0)","0 (NaN)","0 (0.0)","0 (0.0)","0 (0.0)","0 (0.0)","7 (16.7)","0 (0.0)","0 (0.0)","0 (0.0)","0 (0.0)","",""
"   Ovary","0 (0.0)","0 (NaN)","0 (0.0)","0 (0.0)","0 (0.0)","0 (0.0)","0 (0.0)","0 (0.0)","0 (0.0)","0 (0.0)","1 (12.5)","",""
"   Paraspinal Soft Tissue","0 (0.0)","0 (NaN)","0 (0.0)","0 (0.0)","0 (0.0)","0 (0.0)","0 (0.0)","0 (0.0)","1 (12.5)","0 (0.0)","0 (0.0)","",""
"   Penis","0 (0.0)","0 (NaN)","0 (0.0)","0 (0.0)","0 (0.0)","0 (0.0)","0 (0.0)","0 (0.0)","0 (0.0)","1 (50.0)","0 (0.0)","",""
"   Pericardium","0 (0.0)","0 (NaN)","0 (0.0)","0 (0.0)","1 (11.1)","0 (0.0)","0 (0.0)","0 (0.0)","0 (0.0)","0 (0.0)","0 (0.0)","",""
"   Retroperitoneum","0 (0.0)","0 (NaN)","0 (0.0)","0 (0.0)","0 (0.0)","0 (0.0)","0 (0.0)","0 (0.0)","2 (25.0)","0 (0.0)","0 (0.0)","",""
"   Scalp","0 (0.0)","0 (NaN)","0 (0.0)","0 (0.0)","0 (0.0)","0 (0.0)","18 (42.9)","0 (0.0)","0 (0.0)","0 (0.0)","0 (0.0)","",""
"   Shoulder","0 (0.0)","0 (NaN)","0 (0.0)","3 (20.0)","0 (0.0)","0 (0.0)","0 (0.0)","0 (0.0)","0 (0.0)","0 (0.0)","0 (0.0)","",""
"   Spine","0 (0.0)","0 (NaN)","0 (0.0)","0 (0.0)","0 (0.0)","0 (0.0)","0 (0.0)","0 (0.0)","1 (12.5)","0 (0.0)","0 (0.0)","",""
"   Spleen","0 (0.0)","0 (NaN)","0 (0.0)","0 (0.0)","0 (0.0)","4 (44.4)","0 (0.0)","0 (0.0)","0 (0.0)","0 (0.0)","0 (0.0)","",""
"   Temple","0 (0.0)","0 (NaN)","0 (0.0)","0 (0.0)","0 (0.0)","0 (0.0)","4 (9.5)","0 (0.0)","0 (0.0)","0 (0.0)","0 (0.0)","",""
"   Thigh","0 (0.0)","0 (NaN)","0 (0.0)","3 (20.0)","0 (0.0)","0 (0.0)","0 (0.0)","0 (0.0)","0 (0.0)","0 (0.0)","0 (0.0)","",""
"   Thorax and trunk","2 (5.1)","0 (NaN)","0 (0.0)","0 (0.0)","0 (0.0)","0 (0.0)","0 (0.0)","0 (0.0)","0 (0.0)","0 (0.0)","0 (0.0)","",""
"Age (Combined) (mean (SD))","61.15 (9.52)","55.10 (15.42)","41.75 (11.71)","49.78 (18.15)","45.77 (16.02)","49.71 (19.85)","62.75 (14.40)","29.00 (12.73)","57.41 (14.59)","63.50 (5.77)","51.30 (15.76)","<0.001",""
"SEX (EHR_EXTRACTED) (%)","","","","","","","","","","","","<0.001",""
"   ","0 (0.0)","33 (100.0)","0 (0.0)","11 (42.3)","7 (43.8)","1 (10.0)","19 (31.1)","0 (0.0)","4 (33.3)","1 (33.3)","2 (20.0)","",""
"   F","39 (100.0)","0 (0.0)","41 (100.0)","9 (34.6)","5 (31.2)","5 (50.0)","17 (27.9)","2 (66.7)","5 (41.7)","1 (33.3)","1 (10.0)","",""
"   M","0 (0.0)","0 (0.0)","0 (0.0)","6 (23.1)","4 (25.0)","4 (40.0)","25 (41.0)","1 (33.3)","3 (25.0)","1 (33.3)","7 (70.0)","",""
"RAAS_LAAS_Class (%)","","","","","","","","","","","","<0.001",""
"   ","0 (0.0)","33 (100.0)","1 (2.4)","11 (42.3)","7 (43.8)","1 (10.0)","19 (31.1)","1 (33.3)","4 (33.3)","1 (33.3)","2 (20.0)","",""
"   LAAS","0 (0.0)","0 (0.0)","0 (0.0)","3 (11.5)","0 (0.0)","0 (0.0)","0 (0.0)","0 (0.0)","0 (0.0)","0 (0.0)","0 (0.0)","",""
"   Non-RAAS/LAAS","1 (2.6)","0 (0.0)","40 (97.6)","8 (30.8)","9 (56.2)","9 (90.0)","41 (67.2)","2 (66.7)","7 (58.3)","2 (66.7)","8 (80.0)","",""
"   RAAS","37 (94.9)","0 (0.0)","0 (0.0)","2 (7.7)","0 (0.0)","0 (0.0)","1 (1.6)","0 (0.0)","1 (8.3)","0 (0.0)","0 (0.0)","",""
"   RAAS & LAAS","1 (2.6)","0 (0.0)","0 (0.0)","2 (7.7)","0 (0.0)","0 (0.0)","0 (0.0)","0 (0.0)","0 (0.0)","0 (0.0)","0 (0.0)","",""
"OTHER_CANCER (PRD) (%)","","","","","","","","","","","","<0.001",""
"   ","2 (5.1)","0 (0.0)","4 (9.8)","3 (11.5)","0 (0.0)","0 (0.0)","4 (6.6)","0 (0.0)","2 (16.7)","0 (0.0)","1 (10.0)","",""
"   DK","0 (0.0)","0 (0.0)","1 (2.4)","0 (0.0)","0 (0.0)","0 (0.0)","0 (0.0)","0 (0.0)","0 (0.0)","0 (0.0)","0 (0.0)","",""
"   NO","0 (0.0)","16 (48.5)","32 (78.0)","14 (53.8)","16 (100.0)","7 (70.0)","30 (49.2)","3 (100.0)","5 (41.7)","1 (33.3)","7 (70.0)","",""
"   YES","37 (94.9)","17 (51.5)","4 (9.8)","9 (34.6)","0 (0.0)","3 (30.0)","27 (44.3)","0 (0.0)","5 (41.7)","2 (66.7)","2 (20.0)","",""
