"","Overall"
"n","254"
"Age (Combined) (mean (SD))","54.27 (16.15)"
"SEX (EHR_EXTRACTED) (%)",""
"   ","78 (30.7)"
"   F","125 (49.2)"
"   M","51 (20.1)"
"Primary Site (Recombined) (%)",""
"   Breast (Cutaneous)","39 (15.4)"
"   Breast (NOS)","33 (13.0)"
"   Breast (Parenchymal)","41 (16.1)"
"   Extremities","26 (10.2)"
"   Heart","16 (6.3)"
"   Hepatobiliary","10 (3.9)"
"   HNFS","61 (24.0)"
"   Missing or Unknown","3 (1.2)"
"   Musculoskeletal","12 (4.7)"
"   Other Rare Sites","3 (1.2)"
"   Other Visceral Organs","10 (3.9)"
"Primary Site (Wagner2024) (%)",""
"   Bone","5 (2.0)"
"   Bowel","2 (0.8)"
"   Brain","1 (0.4)"
"   Breast (Cutaneous)","39 (15.5)"
"   Breast (NOS)","33 (13.1)"
"   Breast (Parenchymal)","41 (16.3)"
"   Heart","16 (6.3)"
"   HNFS","61 (24.2)"
"   Kidney","2 (0.8)"
"   Liver","5 (2.0)"
"   Lower Extremity","14 (5.6)"
"   Lung","4 (1.6)"
"   Mediastinum","1 (0.4)"
"   Nerve","1 (0.4)"
"   Ovary","1 (0.4)"
"   Pelvis","1 (0.4)"
"   Penis","1 (0.4)"
"   Primary Site Unknown","1 (0.4)"
"   Retroperitoneum","2 (0.8)"
"   Spleen","5 (2.0)"
"   Trunk","3 (1.2)"
"   Upper Extremity","12 (4.8)"
"   Urinary","1 (0.4)"
"Biopsy Location (Wagner2024) (%)",""
"   Abdomin and Pelvis","1 (0.6)"
"   Adrenal Gland","1 (0.6)"
"   Arm","3 (1.7)"
"   Atrium","3 (1.7)"
"   Back","1 (0.6)"
"   Bladder","1 (0.6)"
"   Bone","1 (0.6)"
"   Bowel","3 (1.7)"
"   Brain","1 (0.6)"
"   Breast","66 (37.7)"
"   Breast Skin","11 (6.3)"
"   Chest Wall","1 (0.6)"
"   Face","4 (2.3)"
"   Forehead","6 (3.4)"
"   Glute","1 (0.6)"
"   Hip","1 (0.6)"
"   Leg","4 (2.3)"
"   Lip","2 (1.1)"
"   Liver","8 (4.6)"
"   Lung","6 (3.4)"
"   Mediastinum","1 (0.6)"
"   Neck","1 (0.6)"
"   Nose","7 (4.0)"
"   Ovary","1 (0.6)"
"   Paraspinal Soft Tissue","1 (0.6)"
"   Penis","1 (0.6)"
"   Pericardium","1 (0.6)"
"   Retroperitoneum","2 (1.1)"
"   Scalp","18 (10.3)"
"   Shoulder","3 (1.7)"
"   Spine","1 (0.6)"
"   Spleen","4 (2.3)"
"   Temple","4 (2.3)"
"   Thigh","3 (1.7)"
"   Thorax and trunk","2 (1.1)"
"RAAS_LAAS_Class (%)",""
"   ","80 (31.5)"
"   LAAS","3 (1.2)"
"   Non-RAAS/LAAS","127 (50.0)"
"   RAAS","41 (16.1)"
"   RAAS & LAAS","3 (1.2)"
"OTHER_CANCER (PRD) (%)",""
"   ","16 (6.3)"
"   DK","1 (0.4)"
"   NO","131 (51.6)"
"   YES","106 (41.7)"
