"Primary Site (Recombined)","Mets Sites Ever (Recombined)","n","Primary Site","Metastatic Site"
"Breast (Cutaneous)","Bone",2,"Breast (Cutaneous)","Bone"
"Breast (Cutaneous)","Breast",1,"Breast (Cutaneous)","Breast"
"Breast (Cutaneous)","Distant Lymph Node",2,"Breast (Cutaneous)","Distant Lymph Node"
"Breast (Cutaneous)","Liver",1,"Breast (Cutaneous)","Liver"
"Breast (Cutaneous)","Lung",4,"Breast (Cutaneous)","Lung"
"Breast (Cutaneous)","No Mets",26,"Breast (Cutaneous)","No Mets"
"Breast (Cutaneous)","Trunk",2,"Breast (Cutaneous)","Trunk"
"Breast (Parenchymal)","Bone",6,"Breast (Parenchymal)","Bone"
"Breast (Parenchymal)","Brain",1,"Breast (Parenchymal)","Brain"
"Breast (Parenchymal)","Breast",3,"Breast (Parenchymal)","Breast"
"Breast (Parenchymal)","Distant Lymph Node",1,"Breast (Parenchymal)","Distant Lymph Node"
"Breast (Parenchymal)","Extremities",2,"Breast (Parenchymal)","Extremities"
"Breast (Parenchymal)","Liver",8,"Breast (Parenchymal)","Liver"
"Breast (Parenchymal)","Lung",4,"Breast (Parenchymal)","Lung"
"Breast (Parenchymal)","No Mets",25,"Breast (Parenchymal)","No Mets"
"Breast (Parenchymal)","Other Soft Tissues",4,"Breast (Parenchymal)","Other Soft Tissues"
"Breast (Parenchymal)","Trunk",2,"Breast (Parenchymal)","Trunk"
"Breast (Parenchymal)","Visceral Organ",1,"Breast (Parenchymal)","Visceral Organ"
"Extremities","Bone",2,"Extremities","Bone"
"Extremities","Breast",1,"Extremities","Breast"
"Extremities","Distant Lymph Node",4,"Extremities","Distant Lymph Node"
"Extremities","Lung",6,"Extremities","Lung"
"Extremities","No Mets",3,"Extremities","No Mets"
"Extremities","Other Soft Tissues",1,"Extremities","Other Soft Tissues"
"Extremities","Trunk",3,"Extremities","Trunk"
"HNFS","Bone",5,"HNFS","Bone"
"HNFS","Distant Lymph Node",8,"HNFS","Distant Lymph Node"
"HNFS","Liver",2,"HNFS","Liver"
"HNFS","Lung",6,"HNFS","Lung"
"HNFS","No Mets",24,"HNFS","No Mets"
"HNFS","Other Soft Tissues",3,"HNFS","Other Soft Tissues"
"HNFS","Visceral Organ",1,"HNFS","Visceral Organ"
"Heart","Bone",5,"Heart","Bone"
"Heart","Brain",3,"Heart","Brain"
"Heart","Distant Lymph Node",1,"Heart","Distant Lymph Node"
"Heart","Liver",4,"Heart","Liver"
"Heart","Lung",4,"Heart","Lung"
"Heart","Other Soft Tissues",1,"Heart","Other Soft Tissues"
"Heart","Spleen",2,"Heart","Spleen"
"Heart","Visceral Organ",4,"Heart","Visceral Organ"
"Hepatobiliary","Bone",4,"Hepatobiliary","Bone"
"Hepatobiliary","Distant Lymph Node",1,"Hepatobiliary","Distant Lymph Node"
"Hepatobiliary","Liver",4,"Hepatobiliary","Liver"
"Hepatobiliary","Lung",2,"Hepatobiliary","Lung"
"Hepatobiliary","No Mets",3,"Hepatobiliary","No Mets"
"Hepatobiliary","Other Soft Tissues",1,"Hepatobiliary","Other Soft Tissues"
"Hepatobiliary","Spleen",1,"Hepatobiliary","Spleen"
"Missing or Unknown","Bone",1,"Missing or Unknown","Bone"
"Missing or Unknown","Distant Lymph Node",1,"Missing or Unknown","Distant Lymph Node"
"Missing or Unknown","Liver",2,"Missing or Unknown","Liver"
"Missing or Unknown","Lung",1,"Missing or Unknown","Lung"
"Missing or Unknown","Visceral Organ",1,"Missing or Unknown","Visceral Organ"
"Musculoskeletal","Bone",1,"Musculoskeletal","Bone"
"Musculoskeletal","Liver",1,"Musculoskeletal","Liver"
"Musculoskeletal","Lung",1,"Musculoskeletal","Lung"
"Musculoskeletal","No Mets",5,"Musculoskeletal","No Mets"
"Musculoskeletal","Other Soft Tissues",1,"Musculoskeletal","Other Soft Tissues"
"Musculoskeletal","Visceral Organ",1,"Musculoskeletal","Visceral Organ"
"Other Rare Sites","No Mets",2,"Other Rare Sites","No Mets"
"Other Visceral Organs","Bone",1,"Other Visceral Organs","Bone"
"Other Visceral Organs","Brain",1,"Other Visceral Organs","Brain"
"Other Visceral Organs","Distant Lymph Node",3,"Other Visceral Organs","Distant Lymph Node"
"Other Visceral Organs","No Mets",3,"Other Visceral Organs","No Mets"
"Other Visceral Organs","Other Soft Tissues",1,"Other Visceral Organs","Other Soft Tissues"
