repo_patient_id	cbioportal_patient_id	id_type	in_SD1_clinical_data	has_sequencing_in_repo	n_tumor_wes_samples	n_normal_wes_samples	n_rna_samples	canonical_normal_wes_sample	analysis_tumor_normal_pairs	analysis_rna_samples	tumor_wes_samples	tumor_wes_barcodes	normal_wes_samples	normal_wes_barcodes	rna_samples	rna_barcodes	patient_notes	sample_notes
ASCProject_0003	P4WZVT	legacy_numeric	TRUE	TRUE	2	1	2	ASCProject_0003_SALIVA		ASCProject_0003_T1;ASCProject_0003_T3	ASCProject_0003_T1;ASCProject_0003_T3	RP-1447_ASCProject_0003_T1_v1_Exome_OnPrem;RP-1447_ASCProject_0003_T3_v2_Exome_OnPrem	ASCProject_0003_SALIVA	RP-1447_ASCProject_0003_SALIVA_v1_Exome_OnPrem	ASCProject_0003_T1;ASCProject_0003_T3	G141042_ASCProject_0003_T1_v1_RNA_OnPrem;RP-1447_ASCProject_0003_T3_v1_RNA_OnPrem		
ASCProject_0005	PRLB6M	legacy_numeric	TRUE	TRUE	3	2	3	ASCProject_0005_BLOOD_Normal	ASCProject_0005_T2/ASCProject_0005_BLOOD_Normal;ASCProject_0005_T3/ASCProject_0005_BLOOD_Normal;ASCProject_0005_BLOOD/ASCProject_0005_BLOOD_Normal	ASCProject_0005_T1;ASCProject_0005_T2;ASCProject_0005_T3	ASCProject_0005_T2;ASCProject_0005_T3;ASCProject_0005_BLOOD	RP-1447_ASCProject_0005_T2_v1_Exome_OnPrem;RP-1447_ASCProject_0005_T3_v2_Exome_OnPrem;RP-1447_ASCProject_0005_BLOOD_v1_Exome_OnPrem	ASCProject_0005_BLOOD_Normal;ASCProject_0005_SALIVA	RP-1447_ASCProject_0005_BLOOD_Normal_v1_Exome_OnPrem;RP-1447_ASCProject_0005_SALIVA_v3_Exome_OnPrem	ASCProject_0005_T1;ASCProject_0005_T2;ASCProject_0005_T3	G136942_ASCProject_0005_T1_v1_RNA_OnPrem;RP-1447_ASCProject_0005_T2_v1_RNA_OnPrem;RP-1447_ASCProject_0005_T3_v2_RNA_OnPrem		
ASCProject_0006	PECPQ7	legacy_numeric	TRUE	TRUE	3	1	2	ASCProject_0006_BLOOD_Normal	ASCProject_0006_T1/ASCProject_0006_BLOOD_Normal;ASCProject_0006_T2/ASCProject_0006_BLOOD_Normal;ASCProject_0006_BLOOD/ASCProject_0006_BLOOD_Normal	ASCProject_0006_T1;ASCProject_0006_T2	ASCProject_0006_T1;ASCProject_0006_T2;ASCProject_0006_BLOOD	RP-1447_ASCProject_0006_T1_v2_Exome_OnPrem;RP-1447_ASCProject_0006_T2_v2_Exome_OnPrem;RP-1447_ASCProject_0006_BLOOD_v1_Exome_OnPrem	ASCProject_0006_BLOOD_Normal	RP-1447_ASCProject_0006_BLOOD_Normal_v4_Exome_OnPrem	ASCProject_0006_T1;ASCProject_0006_T2	RP-1447_ASCProject_0006_T1_v1_RNA_OnPrem;RP-1447_ASCProject_0006_T2_v1_RNA_OnPrem		
ASCProject_0007	PU22EL	legacy_numeric	TRUE	TRUE	2	1	2	ASCProject_0007_SALIVA	ASCProject_0007_T1/ASCProject_0007_SALIVA;ASCProject_0007_T2/ASCProject_0007_SALIVA	ASCProject_0007_T2	ASCProject_0007_T1;ASCProject_0007_T2	RP-1447_ASCProject_0007_T1_v2_Exome_OnPrem;RP-1447_ASCProject_0007_T2_v2_Exome_OnPrem	ASCProject_0007_SALIVA	RP-1447_ASCProject_0007_SALIVA_v1_Exome_OnPrem	ASCProject_0007_T1;ASCProject_0007_T2	G136942_ASCProject_0007_T1_v1_RNA_OnPrem;G136942_ASCProject_0007_T2_v1_RNA_OnPrem		
ASCProject_0008	P4RTQK	legacy_numeric	TRUE	TRUE	1	1	1				ASCProject_0008_T1	RP-1447_ASCProject_0008_T1_v1_Exome_OnPrem	ASCProject_0008_SALIVA	RP-1447_ASCProject_0008_SALIVA_v1_Exome_OnPrem	ASCProject_0008_T1	RP-1447_ASCProject_0008_T1_v1_RNA_OnPrem		
ASCProject_0009	PLQNQU	legacy_numeric	TRUE	TRUE	0	1	0	ASCProject_0009_SALIVA					ASCProject_0009_SALIVA	RP-1447_ASCProject_0009_SALIVA_v2_Exome_OnPrem				
ASCProject_0010		legacy_numeric	TRUE	TRUE	0	1	0	ASCProject_0010_SALIVA					ASCProject_0010_SALIVA	RP-1447_ASCProject_0010_SALIVA_v1_Exome_OnPrem			Not in the cBioPortal release	
ASCProject_0011	P9XH7B	legacy_numeric	TRUE	TRUE	1	1	1	ASCProject_0011_SALIVA	ASCProject_0011_T1/ASCProject_0011_SALIVA		ASCProject_0011_T1	RP-1447_ASCProject_0011_T1_v1_Exome_OnPrem	ASCProject_0011_SALIVA	RP-1447_ASCProject_0011_SALIVA_v1_Exome_OnPrem	ASCProject_0011_T1	G141042_ASCProject_0011_T1_v1_RNA_OnPrem		
ASCProject_0012	PK7CAE	legacy_numeric	TRUE	TRUE	1	1	1	ASCProject_0012_SALIVA		ASCProject_0012_T2	ASCProject_0012_T2	RP-1447_ASCProject_0012_T2_v2_Exome_OnPrem	ASCProject_0012_SALIVA	RP-1447_ASCProject_0012_SALIVA_v2_Exome_OnPrem	ASCProject_0012_T2	RP-1447_ASCProject_0012_T2_v1_RNA_OnPrem		
ASCProject_0013	PKNK7V	legacy_numeric	TRUE	TRUE	1	1	1	ASCProject_0013_SALIVA	ASCProject_0013_T1/ASCProject_0013_SALIVA	ASCProject_0013_T1	ASCProject_0013_T1	RP-1447_ASCProject_0013_T1_v3_Exome_OnPrem	ASCProject_0013_SALIVA	RP-1447_ASCProject_0013_SALIVA_v3_Exome_OnPrem	ASCProject_0013_T1	RP-1447_ASCProject_0013_T1_v1_RNA_OnPrem		
ASCProject_0014	PF8J3J	legacy_numeric	TRUE	TRUE	0	1	1	ASCProject_0014_SALIVA		ASCProject_0014_T1			ASCProject_0014_SALIVA	RP-1447_ASCProject_0014_SALIVA_v1_Exome_OnPrem	ASCProject_0014_T1	RP-1447_ASCProject_0014_T1_v1_RNA_OnPrem		
ASCProject_0015	PR3DWN	legacy_numeric	TRUE	TRUE	0	1	0	ASCProject_0015_SALIVA					ASCProject_0015_SALIVA	RP-1447_ASCProject_0015_SALIVA_v1_Exome_OnPrem				
ASCProject_0016	PLLNVH	legacy_numeric	TRUE	TRUE	0	1	0	ASCProject_0016_SALIVA					ASCProject_0016_SALIVA	RP-1447_ASCProject_0016_SALIVA_v1_Exome_OnPrem				
ASCProject_0017	P4C7TN	legacy_numeric	TRUE	TRUE	3	2	2	ASCProject_0017_BLOOD_Normal	ASCProject_0017_T1/ASCProject_0017_BLOOD_Normal;ASCProject_0017_T2/ASCProject_0017_BLOOD_Normal;ASCProject_0017_BLOOD/ASCProject_0017_BLOOD_Normal	ASCProject_0017_T1;ASCProject_0017_T2	ASCProject_0017_T1;ASCProject_0017_T2;ASCProject_0017_BLOOD	RP-1447_ASCProject_0017_T1_v1_Exome_OnPrem;RP-1447_ASCProject_0017_T2_v2_Exome_OnPrem;RP-1447_ASCProject_0017_BLOOD_v1_Exome_OnPrem	ASCProject_0017_BLOOD_Normal;ASCProject_0017_SALIVA	RP-1447_ASCProject_0017_BLOOD_Normal_v1_Exome_OnPrem;RP-1447_ASCProject_0017_SALIVA_v3_Exome_OnPrem	ASCProject_0017_T1;ASCProject_0017_T2	RP-1447_ASCProject_0017_T1_v1_RNA_OnPrem;RP-1447_ASCProject_0017_T2_v1_RNA_OnPrem		
ASCProject_0020	PF3F68	legacy_numeric	TRUE	TRUE	1	1	1	ASCProject_0020_SALIVA	ASCProject_0020_T1/ASCProject_0020_SALIVA		ASCProject_0020_T1	RP-1447_ASCProject_0020_T1_v2_Exome_OnPrem	ASCProject_0020_SALIVA	RP-1447_ASCProject_0020_SALIVA_v2_Exome_OnPrem	ASCProject_0020_T1	RP-1447_ASCProject_0020_T1_v1_RNA_OnPrem		
ASCProject_0021	PJ6AZV	legacy_numeric	TRUE	TRUE	0	1	0	ASCProject_0021_SALIVA					ASCProject_0021_SALIVA	RP-1447_ASCProject_0021_SALIVA_v1_Exome_OnPrem				
ASCProject_0023	PCFXWM	legacy_numeric	TRUE	TRUE	0	1	0	ASCProject_0023_SALIVA					ASCProject_0023_SALIVA	RP-1447_ASCProject_0023_SALIVA_v1_Exome_OnPrem				
ASCProject_0024	PNT3KX	legacy_numeric	TRUE	TRUE	1	2	1	ASCProject_0024_BLOOD_Normal		ASCProject_0024_T2	ASCProject_0024_T2	RP-1447_ASCProject_0024_T2_v1_Exome_OnPrem	ASCProject_0024_BLOOD_Normal;ASCProject_0024_SALIVA	RP-1447_ASCProject_0024_BLOOD_Normal_v1_Exome_OnPrem;RP-1447_ASCProject_0024_SALIVA_v3_Exome_OnPrem	ASCProject_0024_T2	RP-1447_ASCProject_0024_T2_v1_RNA_OnPrem		ASCProject_0024_T2: Multiple matched normals and none passed QC; all are listed
ASCProject_0025	P9KBWE	legacy_numeric	TRUE	TRUE	0	1	2	ASCProject_0025_SALIVA					ASCProject_0025_SALIVA	RP-1447_ASCProject_0025_SALIVA_v1_Exome_OnPrem	ASCProject_0025_T1;ASCProject_0025_T2	RP-1447_ASCProject_0025_T1_v2_RNA_OnPrem;RP-1447_ASCProject_0025_T2_v2_RNA_OnPrem		
ASCProject_0026	PULG23	legacy_numeric	TRUE	TRUE	2	1	1	ASCProject_0026_BLOOD_Normal	ASCProject_0026_BLOOD/ASCProject_0026_BLOOD_Normal	ASCProject_0026_T1	ASCProject_0026_T1;ASCProject_0026_BLOOD	RP-1447_ASCProject_0026_T1_v2_Exome_OnPrem;RP-1447_ASCProject_0026_BLOOD_v1_Exome_OnPrem	ASCProject_0026_BLOOD_Normal	RP-1447_ASCProject_0026_BLOOD_Normal_v2_Exome_OnPrem	ASCProject_0026_T1	G136942_ASCProject_0026_T1_v1_RNA_OnPrem		
ASCProject_0027	PYTEYV	legacy_numeric	TRUE	TRUE	0	1	0	ASCProject_0027_SALIVA					ASCProject_0027_SALIVA	RP-1447_ASCProject_0027_SALIVA_v1_Exome_OnPrem				
ASCProject_0028	PZWUW2	legacy_numeric	TRUE	TRUE	0	1	0	ASCProject_0028_SALIVA					ASCProject_0028_SALIVA	RP-1447_ASCProject_0028_SALIVA_v1_Exome_OnPrem				
ASCProject_0030	PRYD2Q	legacy_numeric	TRUE	TRUE	1	1	1	ASCProject_0030_SALIVA	ASCProject_0030_T1/ASCProject_0030_SALIVA	ASCProject_0030_T1	ASCProject_0030_T1	RP-1447_ASCProject_0030_T1_v1_Exome_OnPrem	ASCProject_0030_SALIVA	RP-1447_ASCProject_0030_SALIVA_v2_Exome_OnPrem	ASCProject_0030_T1	G141042_ASCProject_0030_T1_v1_RNA_OnPrem		
ASCProject_0032		legacy_numeric	TRUE	TRUE	0	1	0	ASCProject_0032_SALIVA_2					ASCProject_0032_SALIVA_2	RP-1447_ASCProject_0032_SALIVA_2_v1_Exome_OnPrem			Not in the cBioPortal release	
ASCProject_0034	PB8ZVG	legacy_numeric	TRUE	TRUE	0	1	0	ASCProject_0034_SALIVA					ASCProject_0034_SALIVA	RP-1447_ASCProject_0034_SALIVA_v1_Exome_OnPrem				
ASCProject_0035	PL9KMQ	legacy_numeric	TRUE	TRUE	1	1	1	ASCProject_0035_SALIVA		ASCProject_0035_T2	ASCProject_0035_T2	RP-1447_ASCProject_0035_T2_v3_Exome_OnPrem	ASCProject_0035_SALIVA	RP-1447_ASCProject_0035_SALIVA_v3_Exome_OnPrem	ASCProject_0035_T2	RP-1447_ASCProject_0035_T2_v1_RNA_OnPrem		
ASCProject_0036		legacy_numeric	FALSE	TRUE	1	2	1	ASCProject_0036_SALIVA		ASCProject_0036_T1	ASCProject_0036_T1	RP-1447_ASCProject_0036_T1_v2_Exome_OnPrem	ASCProject_0036_SALIVA;ASCProject_0036_BLOOD	RP-1447_ASCProject_0036_SALIVA_v2_Exome_OnPrem;RP-1447_ASCProject_0036_BLOOD_v1_Exome_OnPrem	ASCProject_0036_T1	RP-1447_ASCProject_0036_T1_v1_RNA_OnPrem	Excluded from the cBioPortal release	
ASCProject_0038	PXCLPP	legacy_numeric	TRUE	TRUE	1	1	2	ASCProject_0038_SALIVA	ASCProject_0038_T1/ASCProject_0038_SALIVA		ASCProject_0038_T1	RP-1447_ASCProject_0038_T1_v3_Exome_OnPrem	ASCProject_0038_SALIVA	RP-1447_ASCProject_0038_SALIVA_v2_Exome_OnPrem	ASCProject_0038_T1;ASCProject_0038_T2	RP-1447_ASCProject_0038_T1_v1_RNA_OnPrem;RP-1447_ASCProject_0038_T2_v1_RNA_OnPrem		
ASCProject_0039	PVEJ4R	legacy_numeric	TRUE	TRUE	0	1	0	ASCProject_0039_SALIVA					ASCProject_0039_SALIVA	RP-1447_ASCProject_0039_SALIVA_v1_Exome_OnPrem				
ASCProject_0042	P74JJT	legacy_numeric	TRUE	TRUE	0	1	1	ASCProject_0042_SALIVA		ASCProject_0042_T1			ASCProject_0042_SALIVA	RP-1447_ASCProject_0042_SALIVA_v1_Exome_OnPrem	ASCProject_0042_T1	G136942_ASCProject_0042_T1_v1_RNA_OnPrem		
ASCProject_0043	PZUDLM	legacy_numeric	FALSE	FALSE	0	0	0										Same patient as ASCProject_PZUDLM	
ASCProject_0044	PD8NJ9	legacy_numeric	TRUE	TRUE	1	2	1	ASCProject_0044_BLOOD_Normal	ASCProject_0044_BLOOD/ASCProject_0044_BLOOD_Normal	ASCProject_0044_T1	ASCProject_0044_BLOOD	RP-1447_ASCProject_0044_BLOOD_v1_Exome_OnPrem	ASCProject_0044_BLOOD_Normal;ASCProject_0044_SALIVA	RP-1447_ASCProject_0044_BLOOD_Normal_v2_Exome_OnPrem;RP-1447_ASCProject_0044_SALIVA_v4_Exome_OnPrem	ASCProject_0044_T1	RP-1447_ASCProject_0044_T1_v1_RNA_OnPrem		
ASCProject_0045	PKJP3D	legacy_numeric	TRUE	TRUE	1	1	1	ASCProject_0045_SALIVA	ASCProject_0045_T1/ASCProject_0045_SALIVA	ASCProject_0045_T1	ASCProject_0045_T1	RP-1447_ASCProject_0045_T1_v3_Exome_OnPrem	ASCProject_0045_SALIVA	RP-1447_ASCProject_0045_SALIVA_v3_Exome_OnPrem	ASCProject_0045_T1	RP-1447_ASCProject_0045_T1_v1_RNA_OnPrem		
ASCProject_0046	PHLCR4	legacy_numeric	TRUE	TRUE	0	1	0	ASCProject_0046_SALIVA					ASCProject_0046_SALIVA	RP-1447_ASCProject_0046_SALIVA_v1_Exome_OnPrem				
ASCProject_0047	PQ8J3C	legacy_numeric	TRUE	TRUE	1	1	1	ASCProject_0047_BLOOD_BC	ASCProject_0047_T1/ASCProject_0047_BLOOD_BC	ASCProject_0047_T1	ASCProject_0047_T1	RP-1447_ASCProject_0047_T1_v2_Exome_OnPrem	ASCProject_0047_BLOOD_BC	RP-1447_ASCProject_0047_BLOOD_BC_v1_Exome_OnPrem	ASCProject_0047_T1	RP-1447_ASCProject_0047_T1_v1_RNA_OnPrem		
ASCProject_0049	PEZEJX	legacy_numeric	TRUE	TRUE	1	1	1	ASCProject_0049_SALIVA		ASCProject_0049_T2	ASCProject_0049_T2	RP-1447_ASCProject_0049_T2_v3_Exome_OnPrem	ASCProject_0049_SALIVA	RP-1447_ASCProject_0049_SALIVA_v3_Exome_OnPrem	ASCProject_0049_T2	RP-1447_ASCProject_0049_T2_v1_RNA_OnPrem		
ASCProject_0051	P9XXKN	legacy_numeric	TRUE	TRUE	0	1	0	ASCProject_0051_SALIVA					ASCProject_0051_SALIVA	RP-1447_ASCProject_0051_SALIVA_v1_Exome_OnPrem				
ASCProject_0052	PKAFMF	legacy_numeric	TRUE	TRUE	1	1	1	ASCProject_0052_SALIVA	ASCProject_0052_T1/ASCProject_0052_SALIVA		ASCProject_0052_T1	RP-1447_ASCProject_0052_T1_v1_Exome_OnPrem	ASCProject_0052_SALIVA	RP-1447_ASCProject_0052_SALIVA_v1_Exome_OnPrem	ASCProject_0052_T1	RP-1447_ASCProject_0052_T1_v1_RNA_OnPrem		
ASCProject_0055	PFYXPH	legacy_numeric	TRUE	TRUE	3	2	2	ASCProject_0055_BLOOD_Normal	ASCProject_0055_T1/ASCProject_0055_BLOOD_Normal;ASCProject_0055_T2/ASCProject_0055_BLOOD_Normal;ASCProject_0055_BLOOD/ASCProject_0055_BLOOD_Normal	ASCProject_0055_T2	ASCProject_0055_T1;ASCProject_0055_T2;ASCProject_0055_BLOOD	RP-1447_ASCProject_0055_T1_v2_Exome_OnPrem;RP-1447_ASCProject_0055_T2_v2_Exome_OnPrem;RP-1447_ASCProject_0055_BLOOD_v1_Exome_OnPrem	ASCProject_0055_BLOOD_Normal;ASCProject_0055_SALIVA	RP-1447_ASCProject_0055_BLOOD_Normal_v1_Exome_OnPrem;RP-1447_ASCProject_0055_SALIVA_v3_Exome_OnPrem	ASCProject_0055_T1;ASCProject_0055_T2	G136942_ASCProject_0055_T1_v1_RNA_OnPrem;RP-1447_ASCProject_0055_T2_v1_RNA_OnPrem		
ASCProject_0056	PH4CTH	legacy_numeric	TRUE	TRUE	0	1	0	ASCProject_0056_SALIVA					ASCProject_0056_SALIVA	RP-1447_ASCProject_0056_SALIVA_v1_Exome_OnPrem				
ASCProject_0057	PEHNBD	legacy_numeric	TRUE	TRUE	0	1	0	ASCProject_0057_SALIVA					ASCProject_0057_SALIVA	RP-1447_ASCProject_0057_SALIVA_v1_Exome_OnPrem				
ASCProject_0058	PLNFHW	legacy_numeric	TRUE	TRUE	0	1	0	ASCProject_0058_SALIVA					ASCProject_0058_SALIVA	RP-1447_ASCProject_0058_SALIVA_v1_Exome_OnPrem				
ASCProject_0059	PPUPN6	legacy_numeric	TRUE	TRUE	1	1	1	ASCProject_0059_SALIVA	ASCProject_0059_T1/ASCProject_0059_SALIVA	ASCProject_0059_T1	ASCProject_0059_T1	RP-1447_ASCProject_0059_T1_v1_Exome_OnPrem	ASCProject_0059_SALIVA	RP-1447_ASCProject_0059_SALIVA_v2_Exome_OnPrem	ASCProject_0059_T1	G141042_ASCProject_0059_T1_v1_RNA_OnPrem		
ASCProject_0060	PKWREA	legacy_numeric	TRUE	TRUE	0	1	0	ASCProject_0060_SALIVA					ASCProject_0060_SALIVA	RP-1447_ASCProject_0060_SALIVA_v1_Exome_OnPrem				
ASCProject_0061	PA9B8Q	legacy_numeric	TRUE	TRUE	0	1	1	ASCProject_0061_SALIVA		ASCProject_0061_T1			ASCProject_0061_SALIVA	RP-1447_ASCProject_0061_SALIVA_v1_Exome_OnPrem	ASCProject_0061_T1	RP-1447_ASCProject_0061_T1_v1_RNA_OnPrem		
ASCProject_0062	PTVLMC	legacy_numeric	TRUE	FALSE	0	0	0											
ASCProject_0063	PXBCCZ	legacy_numeric	TRUE	TRUE	2	1	2	ASCProject_0063_SALIVA	ASCProject_0063_T2/ASCProject_0063_SALIVA;ASCProject_0063_T3/ASCProject_0063_SALIVA	ASCProject_0063_T1;ASCProject_0063_T3	ASCProject_0063_T2;ASCProject_0063_T3	RP-1447_ASCProject_0063_T2_v1_Exome_OnPrem;RP-1447_ASCProject_0063_T3_v1_Exome_OnPrem	ASCProject_0063_SALIVA	RP-1447_ASCProject_0063_SALIVA_v1_Exome_OnPrem	ASCProject_0063_T1;ASCProject_0063_T3	RP-1447_ASCProject_0063_T1_v1_RNA_OnPrem;RP-1447_ASCProject_0063_T3_v1_RNA_OnPrem		
ASCProject_0064	PNAH8R	legacy_numeric	TRUE	TRUE	2	1	1	ASCProject_0064_SALIVA	ASCProject_0064_T2/ASCProject_0064_SALIVA	ASCProject_0064_T2	ASCProject_0064_T1;ASCProject_0064_T2	RP-1447_ASCProject_0064_T1_v1_Exome_OnPrem;RP-1447_ASCProject_0064_T2_v3_Exome_OnPrem	ASCProject_0064_SALIVA	RP-1447_ASCProject_0064_SALIVA_v2_Exome_OnPrem	ASCProject_0064_T2	RP-1447_ASCProject_0064_T2_v1_RNA_OnPrem		
ASCProject_0065	P3P6KZ	legacy_numeric	TRUE	TRUE	0	1	2	ASCProject_0065_SALIVA					ASCProject_0065_SALIVA	RP-1447_ASCProject_0065_SALIVA_v1_Exome_OnPrem	ASCProject_0065_T1A;ASCProject_0065_T1B	RP-1447_ASCProject_0065_T1A_v1_RNA_OnPrem;RP-1447_ASCProject_0065_T1B_v1_RNA_OnPrem		
ASCProject_0066	PYUKJX	legacy_numeric	TRUE	TRUE	1	1	1	ASCProject_0066_SALIVA	ASCProject_0066_T1/ASCProject_0066_SALIVA	ASCProject_0066_T1	ASCProject_0066_T1	RP-1447_ASCProject_0066_T1_v1_Exome_OnPrem	ASCProject_0066_SALIVA	RP-1447_ASCProject_0066_SALIVA_v2_Exome_OnPrem	ASCProject_0066_T1	G141042_ASCProject_0066_T1_v1_RNA_OnPrem		
ASCProject_0067	PNRUB6	legacy_numeric	TRUE	TRUE	1	1	1	ASCProject_0067_SALIVA	ASCProject_0067_T1/ASCProject_0067_SALIVA	ASCProject_0067_T1	ASCProject_0067_T1	RP-1447_ASCProject_0067_T1_v2_Exome_OnPrem	ASCProject_0067_SALIVA	RP-1447_ASCProject_0067_SALIVA_v1_Exome_OnPrem	ASCProject_0067_T1	G136942_ASCProject_0067_T1_v1_RNA_OnPrem		
ASCProject_0068	P62TT4	legacy_numeric	TRUE	TRUE	1	1	1	ASCProject_0068_SALIVA	ASCProject_0068_T1/ASCProject_0068_SALIVA	ASCProject_0068_T1	ASCProject_0068_T1	RP-1447_ASCProject_0068_T1_v3_Exome_OnPrem	ASCProject_0068_SALIVA	RP-1447_ASCProject_0068_SALIVA_v3_Exome_OnPrem	ASCProject_0068_T1	RP-1447_ASCProject_0068_T1_v1_RNA_OnPrem		
ASCProject_0069		legacy_numeric	TRUE	TRUE	0	1	0	ASCProject_0069_SALIVA					ASCProject_0069_SALIVA	RP-1447_ASCProject_0069_SALIVA_v1_Exome_OnPrem			Not in the cBioPortal release	
ASCProject_0073	PBXCBW	legacy_numeric	TRUE	TRUE	1	1	0	ASCProject_0073_SALIVA	ASCProject_0073_T1/ASCProject_0073_SALIVA		ASCProject_0073_T1	RP-1447_ASCProject_0073_T1_v3_Exome_OnPrem	ASCProject_0073_SALIVA	RP-1447_ASCProject_0073_SALIVA_v3_Exome_OnPrem				
ASCProject_0074	PXLACQ	legacy_numeric	TRUE	TRUE	0	1	0	ASCProject_0074_SALIVA_2					ASCProject_0074_SALIVA_2	RP-1447_ASCProject_0074_SALIVA_2_v1_Exome_OnPrem				
ASCProject_0076	PVHY2N	legacy_numeric	TRUE	TRUE	1	1	1	ASCProject_0076_SALIVA	ASCProject_0076_T1/ASCProject_0076_SALIVA	ASCProject_0076_T1	ASCProject_0076_T1	RP-1447_ASCProject_0076_T1_v3_Exome_OnPrem	ASCProject_0076_SALIVA	RP-1447_ASCProject_0076_SALIVA_v3_Exome_OnPrem	ASCProject_0076_T1	RP-1447_ASCProject_0076_T1_v1_RNA_OnPrem		
ASCProject_0078	PVEA77	legacy_numeric	TRUE	TRUE	0	1	2	ASCProject_0078_SALIVA					ASCProject_0078_SALIVA	RP-1447_ASCProject_0078_SALIVA_v1_Exome_OnPrem	ASCProject_0078_T6;ASCProject_0078_T8	RP-1447_ASCProject_0078_T6_v1_RNA_OnPrem;RP-1447_ASCProject_0078_T8_v1_RNA_OnPrem		
ASCProject_0079	PRJYM6	legacy_numeric	FALSE	FALSE	0	0	0											
ASCProject_0080	PBB33Y	legacy_numeric	TRUE	TRUE	0	1	0	ASCProject_0080_SALIVA					ASCProject_0080_SALIVA	RP-1447_ASCProject_0080_SALIVA_v1_Exome_OnPrem				
ASCProject_0081		legacy_numeric	TRUE	TRUE	0	1	0	ASCProject_0081_SALIVA					ASCProject_0081_SALIVA	RP-1447_ASCProject_0081_SALIVA_v1_Exome_OnPrem			Not in the cBioPortal release	
ASCProject_0082	PXLJBB	legacy_numeric	TRUE	TRUE	1	1	1	ASCProject_0082_SALIVA	ASCProject_0082_T1/ASCProject_0082_SALIVA	ASCProject_0082_T1	ASCProject_0082_T1	RP-1447_ASCProject_0082_T1_v2_Exome_OnPrem	ASCProject_0082_SALIVA	RP-1447_ASCProject_0082_SALIVA_v2_Exome_OnPrem	ASCProject_0082_T1	RP-1447_ASCProject_0082_T1_v1_RNA_OnPrem		
ASCProject_0084	PZCY79	legacy_numeric	TRUE	TRUE	1	1	1	ASCProject_0084_SALIVA	ASCProject_0084_T1/ASCProject_0084_SALIVA	ASCProject_0084_T1	ASCProject_0084_T1	RP-1447_ASCProject_0084_T1_v1_Exome_OnPrem	ASCProject_0084_SALIVA	RP-1447_ASCProject_0084_SALIVA_v1_Exome_OnPrem	ASCProject_0084_T1	G141042_ASCProject_0084_T1_v1_RNA_OnPrem		
ASCProject_0086	PKK4YZ	legacy_numeric	TRUE	TRUE	0	1	0	ASCProject_0086_SALIVA					ASCProject_0086_SALIVA	RP-1447_ASCProject_0086_SALIVA_v1_Exome_OnPrem				
ASCProject_0088	PHH637	legacy_numeric	TRUE	TRUE	2	1	1	ASCProject_0088_SALIVA	ASCProject_0088_T3/ASCProject_0088_SALIVA;ASCProject_0088_BLOOD_2_P/ASCProject_0088_SALIVA	ASCProject_0088_T3	ASCProject_0088_T3;ASCProject_0088_BLOOD_2_P	RP-1447_ASCProject_0088_T3_v2_Exome_OnPrem;RP-1447_ASCProject_0088_BLOOD_2_P_v1_Exome_OnPrem	ASCProject_0088_SALIVA	RP-1447_ASCProject_0088_SALIVA_v1_Exome_OnPrem	ASCProject_0088_T3	RP-1447_ASCProject_0088_T3_v1_RNA_OnPrem		
ASCProject_0089	P8UK7Z	legacy_numeric	TRUE	TRUE	1	1	1	ASCProject_0089_SALIVA	ASCProject_0089_T1/ASCProject_0089_SALIVA	ASCProject_0089_T1	ASCProject_0089_T1	RP-1447_ASCProject_0089_T1_v3_Exome_OnPrem	ASCProject_0089_SALIVA	RP-1447_ASCProject_0089_SALIVA_v2_Exome_OnPrem	ASCProject_0089_T1	RP-1447_ASCProject_0089_T1_v1_RNA_OnPrem		
ASCProject_0090	PF93AN	legacy_numeric	TRUE	TRUE	0	1	0	ASCProject_0090_SALIVA					ASCProject_0090_SALIVA	RP-1447_ASCProject_0090_SALIVA_v1_Exome_OnPrem				
ASCProject_0091	PGABLX	legacy_numeric	TRUE	TRUE	0	1	0	ASCProject_0091_SALIVA					ASCProject_0091_SALIVA	RP-1447_ASCProject_0091_SALIVA_v1_Exome_OnPrem				
ASCProject_0092	PZPH6Z	legacy_numeric	TRUE	TRUE	0	1	1	ASCProject_0092_SALIVA					ASCProject_0092_SALIVA	RP-1447_ASCProject_0092_SALIVA_v1_Exome_OnPrem	ASCProject_0092_T1	RP-1447_ASCProject_0092_T1_v1_RNA_OnPrem		
ASCProject_0093	P8TGV9	legacy_numeric	TRUE	TRUE	0	1	0	ASCProject_0093_SALIVA					ASCProject_0093_SALIVA	RP-1447_ASCProject_0093_SALIVA_v1_Exome_OnPrem				
ASCProject_0094	PD4KK7	legacy_numeric	TRUE	TRUE	2	1	0	ASCProject_0094_NORMAL	ASCProject_0094_T1/ASCProject_0094_NORMAL;ASCProject_0094_T2/ASCProject_0094_NORMAL		ASCProject_0094_T1;ASCProject_0094_T2	RP-1447_ASCProject_0094_T1_v2_Exome_OnPrem;RP-1447_ASCProject_0094_T2_v2_Exome_OnPrem	ASCProject_0094_NORMAL	RP-1447_ASCProject_0094_NORMAL_v2_Exome_OnPrem				
ASCProject_0095	P78CVV	legacy_numeric	TRUE	TRUE	0	1	0	ASCProject_0095_BLOOD_BC					ASCProject_0095_BLOOD_BC	RP-1447_ASCProject_0095_BLOOD_BC_v1_Exome_OnPrem				
ASCProject_0096		legacy_numeric	TRUE	TRUE	0	1	0	ASCProject_0096_BLOOD_BC					ASCProject_0096_BLOOD_BC	RP-1447_ASCProject_0096_BLOOD_BC_v1_Exome_OnPrem			Not in the cBioPortal release	
ASCProject_0097	PEUKQZ	legacy_numeric	TRUE	TRUE	3	2	3	ASCProject_0097_BLOOD_Normal		ASCProject_0097_T3;ASCProject_0097_T4	ASCProject_0097_T2;ASCProject_0097_T3;ASCProject_0097_T4	RP-1447_ASCProject_0097_T2_v2_Exome_OnPrem;RP-1447_ASCProject_0097_T3_v2_Exome_OnPrem;RP-1447_ASCProject_0097_T4_v2_Exome_OnPrem	ASCProject_0097_BLOOD_Normal;ASCProject_0097_SALIVA_2	RP-1447_ASCProject_0097_BLOOD_Normal_v1_Exome_OnPrem;RP-1447_ASCProject_0097_SALIVA_2_v3_Exome_OnPrem	ASCProject_0097_T2;ASCProject_0097_T3;ASCProject_0097_T4	RP-1447_ASCProject_0097_T2_v1_RNA_OnPrem;RP-1447_ASCProject_0097_T3_v1_RNA_OnPrem;RP-1447_ASCProject_0097_T4_v1_RNA_OnPrem		ASCProject_0097_T2: Multiple matched normals and none passed QC; all are listed; ASCProject_0097_T3: Multiple matched normals and none passed QC; all are listed; ASCProject_0097_T4: Multiple matched normals and none passed QC; all are listed
ASCProject_0098	PPEVAZ	legacy_numeric	TRUE	TRUE	1	1	1	ASCProject_0098_SALIVA	ASCProject_0098_T1/ASCProject_0098_SALIVA	ASCProject_0098_T1	ASCProject_0098_T1	RP-1447_ASCProject_0098_T1_v2_Exome_OnPrem	ASCProject_0098_SALIVA	RP-1447_ASCProject_0098_SALIVA_v1_Exome_OnPrem	ASCProject_0098_T1	G136942_ASCProject_0098_T1_v1_RNA_OnPrem		
ASCProject_0099	PXGQNL	legacy_numeric	TRUE	TRUE	0	1	1	ASCProject_0099_SALIVA		ASCProject_0099_T1A			ASCProject_0099_SALIVA	RP-1447_ASCProject_0099_SALIVA_v1_Exome_OnPrem	ASCProject_0099_T1A	RP-1447_ASCProject_0099_T1A_v1_RNA_OnPrem		
ASCProject_0100	PYC39N	legacy_numeric	TRUE	TRUE	0	1	0	ASCProject_0100_SALIVA					ASCProject_0100_SALIVA	RP-1447_ASCProject_0100_SALIVA_v1_Exome_OnPrem				
ASCProject_0101	P3VEWK	legacy_numeric	TRUE	TRUE	2	1	1	ASCProject_0101_SALIVA	ASCProject_0101_T1/ASCProject_0101_SALIVA;ASCProject_0101_T2/ASCProject_0101_SALIVA		ASCProject_0101_T1;ASCProject_0101_T2	RP-1447_ASCProject_0101_T1_v1_Exome_OnPrem;RP-1447_ASCProject_0101_T2_v2_Exome_OnPrem	ASCProject_0101_SALIVA	RP-1447_ASCProject_0101_SALIVA_v2_Exome_OnPrem	ASCProject_0101_T1	RP-1447_ASCProject_0101_T1_v1_RNA_OnPrem		
ASCProject_0102	P2TRUP	legacy_numeric	TRUE	TRUE	2	1	2	ASCProject_0102_SALIVA	ASCProject_0102_T1/ASCProject_0102_SALIVA;ASCProject_0102_T2/ASCProject_0102_SALIVA	ASCProject_0102_T1;ASCProject_0102_T2	ASCProject_0102_T1;ASCProject_0102_T2	RP-1447_ASCProject_0102_T1_v1_Exome_OnPrem;RP-1447_ASCProject_0102_T2_v1_Exome_OnPrem	ASCProject_0102_SALIVA	RP-1447_ASCProject_0102_SALIVA_v1_Exome_OnPrem	ASCProject_0102_T1;ASCProject_0102_T2	RP-1447_ASCProject_0102_T1_v1_RNA_OnPrem;RP-1447_ASCProject_0102_T2_v2_RNA_OnPrem		
ASCProject_0103	PN382B	legacy_numeric	TRUE	TRUE	0	1	0	ASCProject_0103_SALIVA					ASCProject_0103_SALIVA	RP-1447_ASCProject_0103_SALIVA_v1_Exome_OnPrem				
ASCProject_0105	P7TDR9	legacy_numeric	TRUE	TRUE	0	1	1	ASCProject_0105_SALIVA		ASCProject_0105_T1			ASCProject_0105_SALIVA	RP-1447_ASCProject_0105_SALIVA_v1_Exome_OnPrem	ASCProject_0105_T1	RP-1447_ASCProject_0105_T1_v1_RNA_OnPrem		
ASCProject_0108	PHD4CR	legacy_numeric	TRUE	TRUE	0	1	0	ASCProject_0108_SALIVA					ASCProject_0108_SALIVA	RP-1447_ASCProject_0108_SALIVA_v1_Exome_OnPrem				
ASCProject_0109	PD8N6L	legacy_numeric	TRUE	TRUE	0	1	1	ASCProject_0109_SALIVA		ASCProject_0109_T2			ASCProject_0109_SALIVA	RP-1447_ASCProject_0109_SALIVA_v1_Exome_OnPrem	ASCProject_0109_T2	RP-1447_ASCProject_0109_T2_v1_RNA_OnPrem		
ASCProject_0113	PF7PTC	legacy_numeric	TRUE	TRUE	1	1	1	ASCProject_0113_SALIVA	ASCProject_0113_T1/ASCProject_0113_SALIVA	ASCProject_0113_T1	ASCProject_0113_T1	RP-1447_ASCProject_0113_T1_v1_Exome_OnPrem	ASCProject_0113_SALIVA	RP-1447_ASCProject_0113_SALIVA_v2_Exome_OnPrem	ASCProject_0113_T1	G141042_ASCProject_0113_T1_v1_RNA_OnPrem		
ASCProject_0116		legacy_numeric	TRUE	TRUE	0	1	0	ASCProject_0116_SALIVA					ASCProject_0116_SALIVA	RP-1447_ASCProject_0116_SALIVA_v1_Exome_OnPrem			Not in the cBioPortal release	
ASCProject_0117	PRW8WL	legacy_numeric	TRUE	TRUE	0	1	1	ASCProject_0117_SALIVA		ASCProject_0117_T1			ASCProject_0117_SALIVA	RP-1447_ASCProject_0117_SALIVA_v1_Exome_OnPrem	ASCProject_0117_T1	RP-1447_ASCProject_0117_T1_v1_RNA_OnPrem		
ASCProject_0118	PFVV9F	legacy_numeric	TRUE	TRUE	0	1	2	ASCProject_0118_SALIVA		ASCProject_0118_T1;ASCProject_0118_T2			ASCProject_0118_SALIVA	RP-1447_ASCProject_0118_SALIVA_v1_Exome_OnPrem	ASCProject_0118_T1;ASCProject_0118_T2	RP-1447_ASCProject_0118_T1_v1_RNA_OnPrem;G141042_ASCProject_0118_T2_v1_RNA_OnPrem		
ASCProject_0119	PB9T8W	legacy_numeric	TRUE	TRUE	0	1	0	ASCProject_0119_SALIVA					ASCProject_0119_SALIVA	RP-1447_ASCProject_0119_SALIVA_v1_Exome_OnPrem				
ASCProject_0120	P3XDKP	legacy_numeric	TRUE	TRUE	0	1	0	ASCProject_0120_SALIVA					ASCProject_0120_SALIVA	RP-1447_ASCProject_0120_SALIVA_v1_Exome_OnPrem				
ASCProject_0121	PB2L2C	legacy_numeric	TRUE	TRUE	1	1	1	ASCProject_0121_SALIVA	ASCProject_0121_T2A/ASCProject_0121_SALIVA	ASCProject_0121_T2A	ASCProject_0121_T2A	RP-1447_ASCProject_0121_T2A_v4_Exome_OnPrem	ASCProject_0121_SALIVA	RP-1447_ASCProject_0121_SALIVA_v2_Exome_OnPrem	ASCProject_0121_T2A	RP-1447_ASCProject_0121_T2A_v1_RNA_OnPrem		
ASCProject_0122	P8HG7L	legacy_numeric	FALSE	FALSE	0	0	0											
ASCProject_0123	P4YYDK	legacy_numeric	TRUE	TRUE	0	1	0	ASCProject_0123_SALIVA					ASCProject_0123_SALIVA	RP-1447_ASCProject_0123_SALIVA_v1_Exome_OnPrem				
ASCProject_0130	PNLYWZ	legacy_numeric	TRUE	FALSE	0	0	0											
ASCProject_0131		legacy_numeric	TRUE	TRUE	0	1	0	ASCProject_0131_SALIVA					ASCProject_0131_SALIVA	RP-1447_ASCProject_0131_SALIVA_v1_Exome_OnPrem			Not in the cBioPortal release	
ASCProject_0132		legacy_numeric	TRUE	TRUE	0	1	0	ASCProject_0132_SALIVA					ASCProject_0132_SALIVA	RP-1447_ASCProject_0132_SALIVA_v1_Exome_OnPrem			Not in the cBioPortal release	
ASCProject_0134	PEYD2T	legacy_numeric	TRUE	TRUE	2	1	2	ASCProject_0134_SALIVA	ASCProject_0134_T2/ASCProject_0134_SALIVA	ASCProject_0134_T1;ASCProject_0134_T2	ASCProject_0134_T1;ASCProject_0134_T2	RP-1447_ASCProject_0134_T1_v1_Exome_OnPrem;RP-1447_ASCProject_0134_T2_v2_Exome_OnPrem	ASCProject_0134_SALIVA	RP-1447_ASCProject_0134_SALIVA_v1_Exome_OnPrem	ASCProject_0134_T1;ASCProject_0134_T2	RP-1447_ASCProject_0134_T1_v1_RNA_OnPrem;G136942_ASCProject_0134_T2_v1_RNA_OnPrem		
ASCProject_0135	PBMM28	legacy_numeric	TRUE	TRUE	1	1	1	ASCProject_0135_SALIVA	ASCProject_0135_T2/ASCProject_0135_SALIVA		ASCProject_0135_T2	RP-1447_ASCProject_0135_T2_v3_Exome_OnPrem	ASCProject_0135_SALIVA	RP-1447_ASCProject_0135_SALIVA_v1_Exome_OnPrem	ASCProject_0135_T2	RP-1447_ASCProject_0135_T2_v1_RNA_OnPrem		
ASCProject_0136	P33DPW	legacy_numeric	TRUE	TRUE	0	1	0	ASCProject_0136_SALIVA					ASCProject_0136_SALIVA	RP-1447_ASCProject_0136_SALIVA_v1_Exome_OnPrem				
ASCProject_0145	PMVHBY	legacy_numeric	TRUE	TRUE	2	2	1	ASCProject_0145_BLOOD_Normal	ASCProject_0145_T2/ASCProject_0145_BLOOD_Normal;ASCProject_0145_BLOOD/ASCProject_0145_BLOOD_Normal	ASCProject_0145_T2	ASCProject_0145_T2;ASCProject_0145_BLOOD	RP-1447_ASCProject_0145_T2_v2_Exome_OnPrem;RP-1447_ASCProject_0145_BLOOD_v1_Exome_OnPrem	ASCProject_0145_BLOOD_Normal;ASCProject_0145_SALIVA	RP-1447_ASCProject_0145_BLOOD_Normal_v2_Exome_OnPrem;RP-1447_ASCProject_0145_SALIVA_v4_Exome_OnPrem	ASCProject_0145_T2	RP-1447_ASCProject_0145_T2_v1_RNA_OnPrem		
ASCProject_0146	P9GHC4	legacy_numeric	TRUE	TRUE	2	1	2	ASCProject_0146_SALIVA		ASCProject_0146_T1;ASCProject_0146_T1A	ASCProject_0146_T1;ASCProject_0146_T1A	RP-1447_ASCProject_0146_T1_v1_Exome_OnPrem;RP-1447_ASCProject_0146_T1A_v1_Exome_OnPrem	ASCProject_0146_SALIVA	RP-1447_ASCProject_0146_SALIVA_v2_Exome_OnPrem	ASCProject_0146_T1;ASCProject_0146_T1A	G141042_ASCProject_0146_T1_v1_RNA_OnPrem;RP-1447_ASCProject_0146_T1A_v1_RNA_OnPrem		
ASCProject_0148	PDQURJ	legacy_numeric	TRUE	TRUE	0	1	1	ASCProject_0148_SALIVA_2		ASCProject_0148_T0			ASCProject_0148_SALIVA_2	RP-1447_ASCProject_0148_SALIVA_2_v1_Exome_OnPrem	ASCProject_0148_T0	RP-1447_ASCProject_0148_T0_v1_RNA_OnPrem		
ASCProject_0149	PTZY99	legacy_numeric	TRUE	FALSE	0	0	0											
ASCProject_0153	P9N384	legacy_numeric	TRUE	TRUE	1	1	1	ASCProject_0153_SALIVA	ASCProject_0153_T2/ASCProject_0153_SALIVA	ASCProject_0153_T2	ASCProject_0153_T2	RP-1447_ASCProject_0153_T2_v3_Exome_OnPrem	ASCProject_0153_SALIVA	RP-1447_ASCProject_0153_SALIVA_v1_Exome_OnPrem	ASCProject_0153_T2	RP-1447_ASCProject_0153_T2_v1_RNA_OnPrem		
ASCProject_0157	PARJAK	legacy_numeric	TRUE	TRUE	0	1	1	ASCProject_0157_SALIVA					ASCProject_0157_SALIVA	RP-1447_ASCProject_0157_SALIVA_v1_Exome_OnPrem	ASCProject_0157_T1	RP-1447_ASCProject_0157_T1_v1_RNA_OnPrem		
ASCProject_0158	PU2K4Q	legacy_numeric	TRUE	TRUE	0	1	1	ASCProject_0158_SALIVA					ASCProject_0158_SALIVA	RP-1447_ASCProject_0158_SALIVA_v1_Exome_OnPrem	ASCProject_0158_T1B	RP-1447_ASCProject_0158_T1B_v1_RNA_OnPrem		
ASCProject_0159	P2PMTJ	legacy_numeric	TRUE	TRUE	1	1	0	ASCProject_0159_SALIVA	ASCProject_0159_T1/ASCProject_0159_SALIVA		ASCProject_0159_T1	RP-1447_ASCProject_0159_T1_v4_Exome_OnPrem	ASCProject_0159_SALIVA	RP-1447_ASCProject_0159_SALIVA_v2_Exome_OnPrem				
ASCProject_0164	PCZKYD	legacy_numeric	TRUE	TRUE	1	1	2	ASCProject_0164_SALIVA	ASCProject_0164_T1/ASCProject_0164_SALIVA	ASCProject_0164_T1;ASCProject_0164_T0_Whitelisted	ASCProject_0164_T1	RP-1447_ASCProject_0164_T1_v1_Exome_OnPrem	ASCProject_0164_SALIVA	RP-1447_ASCProject_0164_SALIVA_v1_Exome_OnPrem	ASCProject_0164_T1;ASCProject_0164_T0_Whitelisted	G141042_ASCProject_0164_T1_v1_RNA_OnPrem;RP-1447_ASCProject_0164_T0_Whitelisted_v1_RNA_OnPrem		
ASCProject_0165	PEENDG	legacy_numeric	TRUE	TRUE	1	1	1	ASCProject_0165_BLOOD_BC	ASCProject_0165_T2/ASCProject_0165_BLOOD_BC	ASCProject_0165_T2	ASCProject_0165_T2	RP-1447_ASCProject_0165_T2_v3_Exome_OnPrem	ASCProject_0165_BLOOD_BC	RP-1447_ASCProject_0165_BLOOD_BC_v1_Exome_OnPrem	ASCProject_0165_T2	RP-1447_ASCProject_0165_T2_v1_RNA_OnPrem		
ASCProject_0166	PDQ92X	legacy_numeric	TRUE	TRUE	1	1	1	ASCProject_0166_SALIVA_2	ASCProject_0166_T1/ASCProject_0166_SALIVA_2	ASCProject_0166_T1	ASCProject_0166_T1	RP-1447_ASCProject_0166_T1_v2_Exome_OnPrem	ASCProject_0166_SALIVA_2	RP-1447_ASCProject_0166_SALIVA_2_v1_Exome_OnPrem	ASCProject_0166_T1	RP-1447_ASCProject_0166_T1_v1_RNA_OnPrem		
ASCProject_0167	P3AMZF	legacy_numeric	TRUE	TRUE	3	1	3	ASCProject_0167_SALIVA	ASCProject_0167_T3/ASCProject_0167_SALIVA	ASCProject_0167_T1;ASCProject_0167_T2;ASCProject_0167_T3	ASCProject_0167_T1;ASCProject_0167_T2;ASCProject_0167_T3	RP-1447_ASCProject_0167_T1_v2_Exome_OnPrem;RP-1447_ASCProject_0167_T2_v2_Exome_OnPrem;RP-1447_ASCProject_0167_T3_v1_Exome_OnPrem	ASCProject_0167_SALIVA	RP-1447_ASCProject_0167_SALIVA_v2_Exome_OnPrem	ASCProject_0167_T1;ASCProject_0167_T2;ASCProject_0167_T3	G141042_ASCProject_0167_T1_v1_RNA_OnPrem;G141042_ASCProject_0167_T2_v1_RNA_OnPrem;G141042_ASCProject_0167_T3_v1_RNA_OnPrem		
ASCProject_0168	P8RLAH	legacy_numeric	TRUE	TRUE	0	1	0	ASCProject_0168_SALIVA					ASCProject_0168_SALIVA	RP-1447_ASCProject_0168_SALIVA_v1_Exome_OnPrem				
ASCProject_0169	PUJKPK	legacy_numeric	FALSE	FALSE	0	0	0											
ASCProject_0170	PVFAQQ	legacy_numeric	TRUE	TRUE	1	1	2	ASCProject_0170_SALIVA		ASCProject_0170_T1;ASCProject_0170_T2	ASCProject_0170_T1	RP-1447_ASCProject_0170_T1_v4_Exome_OnPrem	ASCProject_0170_SALIVA	RP-1447_ASCProject_0170_SALIVA_v1_Exome_OnPrem	ASCProject_0170_T1;ASCProject_0170_T2	RP-1447_ASCProject_0170_T1_v1_RNA_OnPrem;RP-1447_ASCProject_0170_T2_v1_RNA_OnPrem		
ASCProject_0171		legacy_numeric	TRUE	FALSE	0	0	0										No cBioPortal ID assigned	
ASCProject_0172	PBBWV6	legacy_numeric	TRUE	TRUE	1	1	1	ASCProject_0172_SALIVA	ASCProject_0172_T1/ASCProject_0172_SALIVA	ASCProject_0172_T1	ASCProject_0172_T1	RP-1447_ASCProject_0172_T1_v3_Exome_OnPrem	ASCProject_0172_SALIVA	RP-1447_ASCProject_0172_SALIVA_v1_Exome_OnPrem	ASCProject_0172_T1	RP-1447_ASCProject_0172_T1_v1_RNA_OnPrem		
ASCProject_0173	P376RW	legacy_numeric	TRUE	TRUE	1	1	1	ASCProject_0173_SALIVA		ASCProject_0173_T1	ASCProject_0173_T1	RP-1447_ASCProject_0173_T1_v1_Exome_OnPrem	ASCProject_0173_SALIVA	RP-1447_ASCProject_0173_SALIVA_v1_Exome_OnPrem	ASCProject_0173_T1	RP-1447_ASCProject_0173_T1_v1_RNA_OnPrem		
ASCProject_0175	PQJ4ZC	legacy_numeric	TRUE	TRUE	1	1	1	ASCProject_0175_SALIVA			ASCProject_0175_T1	RP-1447_ASCProject_0175_T1_v1_Exome_OnPrem	ASCProject_0175_SALIVA	RP-1447_ASCProject_0175_SALIVA_v1_Exome_OnPrem	ASCProject_0175_T1	RP-1447_ASCProject_0175_T1_v1_RNA_OnPrem		
ASCProject_0176	PTULAU	legacy_numeric	TRUE	TRUE	0	1	0	ASCProject_0176_SALIVA					ASCProject_0176_SALIVA	RP-1447_ASCProject_0176_SALIVA_v1_Exome_OnPrem				
ASCProject_0177		legacy_numeric	TRUE	TRUE	0	1	0	ASCProject_0177_SALIVA					ASCProject_0177_SALIVA	RP-1447_ASCProject_0177_SALIVA_v1_Exome_OnPrem			Not in the cBioPortal release	
ASCProject_0179	PGRY6A	legacy_numeric	TRUE	TRUE	1	1	2	ASCProject_0179_SALIVA		ASCProject_0179_T1;ASCProject_0179_T1A	ASCProject_0179_T1	RP-1447_ASCProject_0179_T1_v1_Exome_OnPrem	ASCProject_0179_SALIVA	RP-1447_ASCProject_0179_SALIVA_v2_Exome_OnPrem	ASCProject_0179_T1;ASCProject_0179_T1A	G141042_ASCProject_0179_T1_v1_RNA_OnPrem;RP-1447_ASCProject_0179_T1A_v1_RNA_OnPrem		
ASCProject_0180	PP76A8	legacy_numeric	TRUE	TRUE	0	1	0	ASCProject_0180_SALIVA					ASCProject_0180_SALIVA	RP-1447_ASCProject_0180_SALIVA_v1_Exome_OnPrem				
ASCProject_0182	PFECWL	legacy_numeric	TRUE	TRUE	1	1	1	ASCProject_0182_SALIVA	ASCProject_0182_T1/ASCProject_0182_SALIVA	ASCProject_0182_T1	ASCProject_0182_T1	RP-1447_ASCProject_0182_T1_v3_Exome_OnPrem	ASCProject_0182_SALIVA	RP-1447_ASCProject_0182_SALIVA_v1_Exome_OnPrem	ASCProject_0182_T1	RP-1447_ASCProject_0182_T1_v1_RNA_OnPrem		
ASCProject_0184	P4TTRZ	legacy_numeric	TRUE	TRUE	1	0	2			ASCProject_0184_T1B	ASCProject_0184_T1	RP-1447_ASCProject_0184_T1_v1_Exome_OnPrem			ASCProject_0184_T1;ASCProject_0184_T1B	G141042_ASCProject_0184_T1_v1_RNA_OnPrem;RP-1447_ASCProject_0184_T1B_v1_RNA_OnPrem		
ASCProject_0187	P393RN	legacy_numeric	TRUE	TRUE	0	1	0	ASCProject_0187_SALIVA					ASCProject_0187_SALIVA	RP-1447_ASCProject_0187_SALIVA_v1_Exome_OnPrem				
ASCProject_0189	PW2AVQ	legacy_numeric	TRUE	TRUE	0	1	0	ASCProject_0189_SALIVA					ASCProject_0189_SALIVA	RP-1447_ASCProject_0189_SALIVA_v1_Exome_OnPrem				
ASCProject_0192	PECA4C	legacy_numeric	FALSE	FALSE	0	0	0											
ASCProject_0193	P37JRR	legacy_numeric	TRUE	TRUE	0	1	0	ASCProject_0193_SALIVA					ASCProject_0193_SALIVA	RP-1447_ASCProject_0193_SALIVA_v1_Exome_OnPrem				
ASCProject_0194	PMJ2YA	legacy_numeric	TRUE	TRUE	2	1	0	ASCProject_0194_SALIVA	ASCProject_0194_T1/ASCProject_0194_SALIVA;ASCProject_0194_T2/ASCProject_0194_SALIVA		ASCProject_0194_T1;ASCProject_0194_T2	RP-1447_ASCProject_0194_T1_v3_Exome_OnPrem;RP-1447_ASCProject_0194_T2_v3_Exome_OnPrem	ASCProject_0194_SALIVA	RP-1447_ASCProject_0194_SALIVA_v3_Exome_OnPrem				ASCProject_0194_T1: Terra barcode has a typo (double underscore): RP-1447_ASCProject_0194__T1_v3_Exome_OnPrem
ASCProject_0196		legacy_numeric	TRUE	TRUE	0	1	0	ASCProject_0196_SALIVA					ASCProject_0196_SALIVA	RP-1447_ASCProject_0196_SALIVA_v1_Exome_OnPrem			Not in the cBioPortal release	
ASCProject_0197	PGR6XA	legacy_numeric	TRUE	TRUE	2	1	2	ASCProject_0197_SALIVA	ASCProject_0197_T1A/ASCProject_0197_SALIVA;ASCProject_0197_T1B/ASCProject_0197_SALIVA	ASCProject_0197_T1A;ASCProject_0197_T1B	ASCProject_0197_T1A;ASCProject_0197_T1B	RP-1447_ASCProject_0197_T1A_v4_Exome_OnPrem;RP-1447_ASCProject_0197_T1B_v4_Exome_OnPrem	ASCProject_0197_SALIVA	RP-1447_ASCProject_0197_SALIVA_v2_Exome_OnPrem	ASCProject_0197_T1A;ASCProject_0197_T1B	RP-1447_ASCProject_0197_T1A_v1_RNA_OnPrem;RP-1447_ASCProject_0197_T1B_v1_RNA_OnPrem		
ASCProject_0201	P49A6K	legacy_numeric	TRUE	TRUE	2	1	2	ASCProject_0201_SALIVA		ASCProject_0201_T1;ASCProject_0201_T2	ASCProject_0201_T1;ASCProject_0201_T2	RP-1447_ASCProject_0201_T1_v1_Exome_OnPrem;RP-1447_ASCProject_0201_T2_v1_Exome_OnPrem	ASCProject_0201_SALIVA	RP-1447_ASCProject_0201_SALIVA_v1_Exome_OnPrem	ASCProject_0201_T1;ASCProject_0201_T2	RP-1447_ASCProject_0201_T1_v1_RNA_OnPrem;RP-1447_ASCProject_0201_T2_v1_RNA_OnPrem		
ASCProject_0202	PEZ7ZR	legacy_numeric	TRUE	TRUE	1	1	1	ASCProject_0202_SALIVA	ASCProject_0202_T1/ASCProject_0202_SALIVA	ASCProject_0202_T1	ASCProject_0202_T1	RP-1447_ASCProject_0202_T1_v3_Exome_OnPrem	ASCProject_0202_SALIVA	RP-1447_ASCProject_0202_SALIVA_v3_Exome_OnPrem	ASCProject_0202_T1	RP-1447_ASCProject_0202_T1_v1_RNA_OnPrem		
ASCProject_0205	P8ADGQ	legacy_numeric	TRUE	TRUE	0	1	1	ASCProject_0205_SALIVA					ASCProject_0205_SALIVA	RP-1447_ASCProject_0205_SALIVA_v1_Exome_OnPrem	ASCProject_0205_T1	RP-1447_ASCProject_0205_T1_v1_RNA_OnPrem		
ASCProject_0207	P78Y47	legacy_numeric	TRUE	TRUE	2	0	2				ASCProject_0207_T1;ASCProject_0207_T2	RP-1447_ASCProject_0207_T1_v4_Exome_OnPrem;RP-1447_ASCProject_0207_T2_v4_Exome_OnPrem			ASCProject_0207_T1;ASCProject_0207_T2	RP-1447_ASCProject_0207_T1_v1_RNA_OnPrem;RP-1447_ASCProject_0207_T2_v1_RNA_OnPrem		
ASCProject_0208	PGW7KE	legacy_numeric	TRUE	TRUE	0	1	0	ASCProject_0208_SALIVA					ASCProject_0208_SALIVA	RP-1447_ASCProject_0208_SALIVA_v1_Exome_OnPrem				
ASCProject_0212	PWWWTB	legacy_numeric	TRUE	TRUE	1	1	1	ASCProject_0212_SALIVA	ASCProject_0212_T1/ASCProject_0212_SALIVA	ASCProject_0212_T1	ASCProject_0212_T1	RP-1447_ASCProject_0212_T1_v3_Exome_OnPrem	ASCProject_0212_SALIVA	RP-1447_ASCProject_0212_SALIVA_v2_Exome_OnPrem	ASCProject_0212_T1	RP-1447_ASCProject_0212_T1_v1_RNA_OnPrem		
ASCProject_0214	PHXAQM	legacy_numeric	TRUE	TRUE	0	1	0	ASCProject_0214_SALIVA					ASCProject_0214_SALIVA	RP-1447_ASCProject_0214_SALIVA_v1_Exome_OnPrem				
ASCProject_0216	PLHYAN	legacy_numeric	TRUE	TRUE	0	1	0	ASCProject_0216_SALIVA					ASCProject_0216_SALIVA	RP-1447_ASCProject_0216_SALIVA_v1_Exome_OnPrem				
ASCProject_0217	PL4WR3	legacy_numeric	TRUE	TRUE	0	1	0	ASCProject_0217_SALIVA					ASCProject_0217_SALIVA	RP-1447_ASCProject_0217_SALIVA_v1_Exome_OnPrem				
ASCProject_0218	P32UZE	legacy_numeric	TRUE	TRUE	0	1	1	ASCProject_0218_SALIVA		ASCProject_0218_T1			ASCProject_0218_SALIVA	RP-1447_ASCProject_0218_SALIVA_v1_Exome_OnPrem	ASCProject_0218_T1	RP-1447_ASCProject_0218_T1_v1_RNA_OnPrem		
ASCProject_0219	PM3Z76	legacy_numeric	TRUE	TRUE	2	1	2	ASCProject_0219_SALIVA	ASCProject_0219_T1/ASCProject_0219_SALIVA;ASCProject_0219_T3/ASCProject_0219_SALIVA	ASCProject_0219_T1;ASCProject_0219_T3	ASCProject_0219_T1;ASCProject_0219_T3	RP-1447_ASCProject_0219_T1_v2_Exome_OnPrem;RP-1447_ASCProject_0219_T3_v2_Exome_OnPrem	ASCProject_0219_SALIVA	RP-1447_ASCProject_0219_SALIVA_v2_Exome_OnPrem	ASCProject_0219_T1;ASCProject_0219_T3	RP-1447_ASCProject_0219_T1_v1_RNA_OnPrem;RP-1447_ASCProject_0219_T3_v1_RNA_OnPrem		
ASCProject_0220	PNN3PN	legacy_numeric	TRUE	TRUE	2	1	1	ASCProject_0220_SALIVA	ASCProject_0220_T1/ASCProject_0220_SALIVA;ASCProject_0220_T3/ASCProject_0220_SALIVA	ASCProject_0220_T3	ASCProject_0220_T1;ASCProject_0220_T3	RP-1447_ASCProject_0220_T1_v1_Exome_OnPrem;RP-1447_ASCProject_0220_T3_v1_Exome_OnPrem	ASCProject_0220_SALIVA	RP-1447_ASCProject_0220_SALIVA_v1_Exome_OnPrem	ASCProject_0220_T3	RP-1447_ASCProject_0220_T3_v1_RNA_OnPrem		
ASCProject_0221	PBMCTJ	legacy_numeric	TRUE	TRUE	2	1	2	ASCProject_0221_SALIVA	ASCProject_0221_T1/ASCProject_0221_SALIVA;ASCProject_0221_T2/ASCProject_0221_SALIVA	ASCProject_0221_T1;ASCProject_0221_T2	ASCProject_0221_T1;ASCProject_0221_T2	RP-1447_ASCProject_0221_T1_v3_Exome_OnPrem;RP-1447_ASCProject_0221_T2_v3_Exome_OnPrem	ASCProject_0221_SALIVA	RP-1447_ASCProject_0221_SALIVA_v3_Exome_OnPrem	ASCProject_0221_T1;ASCProject_0221_T2	RP-1447_ASCProject_0221_T1_v2_RNA_OnPrem;RP-1447_ASCProject_0221_T2_v1_RNA_OnPrem		
ASCProject_0222	PBFXN9	legacy_numeric	TRUE	TRUE	1	1	1	ASCProject_0222_SALIVA		ASCProject_0222_T2	ASCProject_0222_T2	RP-1447_ASCProject_0222_T2_v3_Exome_OnPrem	ASCProject_0222_SALIVA	RP-1447_ASCProject_0222_SALIVA_v3_Exome_OnPrem	ASCProject_0222_T2	RP-1447_ASCProject_0222_T2_v1_RNA_OnPrem		
ASCProject_0223	P86YRP	legacy_numeric	TRUE	TRUE	0	1	0	ASCProject_0223_SALIVA					ASCProject_0223_SALIVA	RP-1447_ASCProject_0223_SALIVA_v1_Exome_OnPrem				
ASCProject_0225	PWTHG7	legacy_numeric	TRUE	TRUE	0	1	0	ASCProject_0225_SALIVA					ASCProject_0225_SALIVA	RP-1447_ASCProject_0225_SALIVA_v1_Exome_OnPrem				
ASCProject_0226	PWPVGV	legacy_numeric	TRUE	TRUE	0	1	1	ASCProject_0226_SALIVA					ASCProject_0226_SALIVA	RP-1447_ASCProject_0226_SALIVA_v1_Exome_OnPrem	ASCProject_0226_T1C	RP-1447_ASCProject_0226_T1C_v1_RNA_OnPrem		
ASCProject_0235	PJTX4B	legacy_numeric	TRUE	TRUE	0	1	0	ASCProject_0235_BLOOD_BC					ASCProject_0235_BLOOD_BC	RP-1447_ASCProject_0235_BLOOD_BC_v1_Exome_OnPrem				
ASCProject_0237	PEPZEF	legacy_numeric	TRUE	TRUE	0	1	0	ASCProject_0237_SALIVA					ASCProject_0237_SALIVA	RP-1447_ASCProject_0237_SALIVA_v1_Exome_OnPrem				
ASCProject_0241	PMMUGU	legacy_numeric	TRUE	TRUE	0	1	0	ASCProject_0241_SALIVA					ASCProject_0241_SALIVA	RP-1447_ASCProject_0241_SALIVA_v1_Exome_OnPrem				
ASCProject_0243	P3FJAL	legacy_numeric	TRUE	TRUE	0	1	0	ASCProject_0243_SALIVA					ASCProject_0243_SALIVA	RP-1447_ASCProject_0243_SALIVA_v1_Exome_OnPrem				
ASCProject_0247	P962GX	legacy_numeric	TRUE	TRUE	1	1	2	ASCProject_0247_SALIVA		ASCProject_0247_T1;ASCProject_0247_T2	ASCProject_0247_T1	RP-1447_ASCProject_0247_T1_v1_Exome_OnPrem	ASCProject_0247_SALIVA	RP-1447_ASCProject_0247_SALIVA_v1_Exome_OnPrem	ASCProject_0247_T1;ASCProject_0247_T2	RP-1447_ASCProject_0247_T1_v1_RNA_OnPrem;RP-1447_ASCProject_0247_T2_v1_RNA_OnPrem		
ASCProject_0251	P9A3F3	legacy_numeric	FALSE	FALSE	0	0	0											
ASCProject_0252	PQ7WR9	legacy_numeric	TRUE	TRUE	0	1	0	ASCProject_0252_SALIVA					ASCProject_0252_SALIVA	RP-1447_ASCProject_0252_SALIVA_v1_Exome_OnPrem				
ASCProject_0255	P83ALT	legacy_numeric	FALSE	FALSE	0	0	0											
ASCProject_0257	PGGNTU	legacy_numeric	TRUE	TRUE	0	1	0	ASCProject_0257_SALIVA					ASCProject_0257_SALIVA	RP-1447_ASCProject_0257_SALIVA_v1_Exome_OnPrem				
ASCProject_0258	PQAQU4	legacy_numeric	TRUE	TRUE	1	1	0	ASCProject_0258_SALIVA	ASCProject_0258_T1/ASCProject_0258_SALIVA		ASCProject_0258_T1	RP-1447_ASCProject_0258_T1_v1_Exome_OnPrem	ASCProject_0258_SALIVA	RP-1447_ASCProject_0258_SALIVA_v1_Exome_OnPrem				
ASCProject_0259	P6EY8T	legacy_numeric	TRUE	TRUE	0	1	0	ASCProject_0259_SALIVA					ASCProject_0259_SALIVA	RP-1447_ASCProject_0259_SALIVA_v1_Exome_OnPrem				
ASCProject_0261	PDRL9K	legacy_numeric	TRUE	TRUE	1	1	0	ASCProject_0261_SALIVA	ASCProject_0261_T1/ASCProject_0261_SALIVA		ASCProject_0261_T1	RP-1447_ASCProject_0261_T1_v1_Exome_OnPrem	ASCProject_0261_SALIVA	RP-1447_ASCProject_0261_SALIVA_v2_Exome_OnPrem				
ASCProject_0264	PUWB3Y	legacy_numeric	TRUE	TRUE	0	1	2	ASCProject_0264_BLOOD_BC		ASCProject_0264_T1A;ASCProject_0264_T1B			ASCProject_0264_BLOOD_BC	RP-1447_ASCProject_0264_BLOOD_BC_v1_Exome_OnPrem	ASCProject_0264_T1A;ASCProject_0264_T1B	RP-1447_ASCProject_0264_T1A_v1_RNA_OnPrem;RP-1447_ASCProject_0264_T1B_v1_RNA_OnPrem		
ASCProject_0266	PBDY49	legacy_numeric	TRUE	TRUE	0	1	0	ASCProject_0266_SALIVA					ASCProject_0266_SALIVA	RP-1447_ASCProject_0266_SALIVA_v1_Exome_OnPrem				
ASCProject_0267	PQNA3A	legacy_numeric	TRUE	TRUE	0	1	0	ASCProject_0267_SALIVA					ASCProject_0267_SALIVA	RP-1447_ASCProject_0267_SALIVA_v1_Exome_OnPrem				
ASCProject_0268	PMYW6F	legacy_numeric	TRUE	TRUE	0	1	1	ASCProject_0268_SALIVA		ASCProject_0268_T1B			ASCProject_0268_SALIVA	RP-1447_ASCProject_0268_SALIVA_v1_Exome_OnPrem	ASCProject_0268_T1B	RP-1447_ASCProject_0268_T1B_v1_RNA_OnPrem		
ASCProject_0270	PXK8DH	legacy_numeric	TRUE	TRUE	0	1	0	ASCProject_0270_BLOOD_BC					ASCProject_0270_BLOOD_BC	RP-1447_ASCProject_0270_BLOOD_BC_v1_Exome_OnPrem				
ASCProject_0273	PBRTV8	legacy_numeric	TRUE	FALSE	0	0	0											
ASCProject_0275	PKWB2B	legacy_numeric	TRUE	TRUE	0	1	1	ASCProject_0275_SALIVA		ASCProject_0275_T1			ASCProject_0275_SALIVA	RP-1447_ASCProject_0275_SALIVA_v1_Exome_OnPrem	ASCProject_0275_T1	RP-1447_ASCProject_0275_T1_v1_RNA_OnPrem		
ASCProject_0277	PCEDFV	legacy_numeric	TRUE	TRUE	2	1	2	ASCProject_0277_SALIVA	ASCProject_0277_T2/ASCProject_0277_SALIVA	ASCProject_0277_T1;ASCProject_0277_T2	ASCProject_0277_T1;ASCProject_0277_T2	RP-1447_ASCProject_0277_T1_v3_Exome_OnPrem;RP-1447_ASCProject_0277_T2_v2_Exome_OnPrem	ASCProject_0277_SALIVA	RP-1447_ASCProject_0277_SALIVA_v3_Exome_OnPrem	ASCProject_0277_T1;ASCProject_0277_T2	RP-1447_ASCProject_0277_T1_v1_RNA_OnPrem;RP-1447_ASCProject_0277_T2_v2_RNA_OnPrem		
ASCProject_0278	PGLA4G	legacy_numeric	TRUE	TRUE	0	1	0	ASCProject_0278_SALIVA					ASCProject_0278_SALIVA	RP-1447_ASCProject_0278_SALIVA_v1_Exome_OnPrem				
ASCProject_0285		legacy_numeric	TRUE	TRUE	0	1	0	ASCProject_0285_SALIVA					ASCProject_0285_SALIVA	RP-1447_ASCProject_0285_SALIVA_v1_Exome_OnPrem			Not in the cBioPortal release	
ASCProject_0288		legacy_numeric	TRUE	TRUE	0	1	0	ASCProject_0288_SALIVA					ASCProject_0288_SALIVA	RP-1447_ASCProject_0288_SALIVA_v1_Exome_OnPrem			Not in the cBioPortal release	
ASCProject_0289	P48WUU	legacy_numeric	TRUE	TRUE	3	1	3	ASCProject_0289_SALIVA	ASCProject_0289_T3/ASCProject_0289_SALIVA	ASCProject_0289_T1;ASCProject_0289_T2;ASCProject_0289_T3	ASCProject_0289_T1;ASCProject_0289_T2;ASCProject_0289_T3	RP-1447_ASCProject_0289_T1_v3_Exome_OnPrem;RP-1447_ASCProject_0289_T2_v3_Exome_OnPrem;RP-1447_ASCProject_0289_T3_v3_Exome_OnPrem	ASCProject_0289_SALIVA	RP-1447_ASCProject_0289_SALIVA_v3_Exome_OnPrem	ASCProject_0289_T1;ASCProject_0289_T2;ASCProject_0289_T3	RP-1447_ASCProject_0289_T1_v1_RNA_OnPrem;RP-1447_ASCProject_0289_T2_v1_RNA_OnPrem;RP-1447_ASCProject_0289_T3_v1_RNA_OnPrem		
ASCProject_0290	PPGPFJ	legacy_numeric	TRUE	TRUE	1	1	0	ASCProject_0290_SALIVA	ASCProject_0290_T1/ASCProject_0290_SALIVA		ASCProject_0290_T1	RP-1447_ASCProject_0290_T1_v4_Exome_OnPrem	ASCProject_0290_SALIVA	RP-1447_ASCProject_0290_SALIVA_v2_Exome_OnPrem				
ASCProject_0293	PNML4F	legacy_numeric	TRUE	TRUE	1	1	0	ASCProject_0293_BLOOD_BC	ASCProject_0293_BLOOD_P/ASCProject_0293_BLOOD_BC		ASCProject_0293_BLOOD_P	RP-1447_ASCProject_0293_BLOOD_P_v1_Exome_OnPrem	ASCProject_0293_BLOOD_BC	RP-1447_ASCProject_0293_BLOOD_BC_v1_Exome_OnPrem				
ASCProject_0294	PMP4R2	legacy_numeric	TRUE	TRUE	1	1	0	ASCProject_0294_BLOOD_BC	ASCProject_0294_BLOOD_P/ASCProject_0294_BLOOD_BC		ASCProject_0294_BLOOD_P	RP-1447_ASCProject_0294_BLOOD_P_v1_Exome_OnPrem	ASCProject_0294_BLOOD_BC	RP-1447_ASCProject_0294_BLOOD_BC_v1_Exome_OnPrem				
ASCProject_0299		legacy_numeric	TRUE	TRUE	0	1	0	ASCProject_0299_SALIVA					ASCProject_0299_SALIVA	RP-1447_ASCProject_0299_SALIVA_v1_Exome_OnPrem			Not in the cBioPortal release	
ASCProject_0300		legacy_numeric	TRUE	TRUE	0	1	0	ASCProject_0300_BLOOD_BC					ASCProject_0300_BLOOD_BC	RP-1447_ASCProject_0300_BLOOD_BC_v1_Exome_OnPrem			Not in the cBioPortal release	
ASCProject_0301	PY6FJH	legacy_numeric	TRUE	FALSE	0	0	0										Same patient as ASCProject_PY6FJH	
ASCProject_0303	P8D6QK	legacy_numeric	TRUE	TRUE	0	1	0	ASCProject_0303_SALIVA					ASCProject_0303_SALIVA	RP-1447_ASCProject_0303_SALIVA_v1_Exome_OnPrem				
ASCProject_0304		legacy_numeric	TRUE	TRUE	0	1	0	ASCProject_0304_SALIVA					ASCProject_0304_SALIVA	RP-1447_ASCProject_0304_SALIVA_v1_Exome_OnPrem			Not in the cBioPortal release	
ASCProject_0305		legacy_numeric	TRUE	TRUE	0	1	0	ASCProject_0305_SALIVA					ASCProject_0305_SALIVA	RP-1447_ASCProject_0305_SALIVA_v1_Exome_OnPrem			Not in the cBioPortal release	
ASCProject_0306	P36LVY	legacy_numeric	TRUE	TRUE	0	1	0	ASCProject_0306_SALIVA					ASCProject_0306_SALIVA	RP-1447_ASCProject_0306_SALIVA_v1_Exome_OnPrem				
ASCProject_0309	PN9U4J	legacy_numeric	TRUE	TRUE	1	1	0	ASCProject_0309_BLOOD_BC			ASCProject_0309_BLOOD_P	RP-1447_ASCProject_0309_BLOOD_P_v2_Exome_OnPrem	ASCProject_0309_BLOOD_BC	RP-1447_ASCProject_0309_BLOOD_BC_v2_Exome_OnPrem				
ASCProject_0310	P6XEAC	legacy_numeric	TRUE	TRUE	0	1	0	ASCProject_0310_SALIVA					ASCProject_0310_SALIVA	RP-1447_ASCProject_0310_SALIVA_v1_Exome_OnPrem				
ASCProject_0321	P6X93C	legacy_numeric	TRUE	TRUE	1	1	0	ASCProject_0321_BLOOD_BC	ASCProject_0321_BLOOD_P/ASCProject_0321_BLOOD_BC		ASCProject_0321_BLOOD_P	RP-1447_ASCProject_0321_BLOOD_P_v1_Exome_OnPrem	ASCProject_0321_BLOOD_BC	RP-1447_ASCProject_0321_BLOOD_BC_v1_Exome_OnPrem				
ASCProject_0322	PPT3Q7	legacy_numeric	TRUE	TRUE	0	1	0	ASCProject_0322_SALIVA					ASCProject_0322_SALIVA	RP-1447_ASCProject_0322_SALIVA_v1_Exome_OnPrem				
ASCProject_0325	PL37HA	legacy_numeric	TRUE	TRUE	1	1	1	ASCProject_0325_SALIVA	ASCProject_0325_T1/ASCProject_0325_SALIVA	ASCProject_0325_T1	ASCProject_0325_T1	RP-1447_ASCProject_0325_T1_v4_Exome_OnPrem	ASCProject_0325_SALIVA	RP-1447_ASCProject_0325_SALIVA_v2_Exome_OnPrem	ASCProject_0325_T1	RP-1447_ASCProject_0325_T1_v1_RNA_OnPrem		
ASCProject_0332	PD3A7Q	legacy_numeric	TRUE	TRUE	0	1	1	ASCProject_0332_SALIVA					ASCProject_0332_SALIVA	RP-1447_ASCProject_0332_SALIVA_v1_Exome_OnPrem	ASCProject_0332_T2	RP-1447_ASCProject_0332_T2_v1_RNA_OnPrem		
ASCProject_0335	PLXJQ9	legacy_numeric	TRUE	TRUE	1	1	0	ASCProject_0335_BLOOD_BC	ASCProject_0335_BLOOD_P/ASCProject_0335_BLOOD_BC		ASCProject_0335_BLOOD_P	RP-1447_ASCProject_0335_BLOOD_P_v1_Exome_OnPrem	ASCProject_0335_BLOOD_BC	RP-1447_ASCProject_0335_BLOOD_BC_v1_Exome_OnPrem				
ASCProject_0340	PTZTLP	legacy_numeric	TRUE	TRUE	1	1	0	ASCProject_0340_SALIVA	ASCProject_0340_T1/ASCProject_0340_SALIVA		ASCProject_0340_T1	RP-1447_ASCProject_0340_T1_v2_Exome_OnPrem	ASCProject_0340_SALIVA	RP-1447_ASCProject_0340_SALIVA_v2_Exome_OnPrem				
ASCProject_0341	PPXHP3	legacy_numeric	TRUE	TRUE	0	1	1	ASCProject_0341_SALIVA		ASCProject_0341_T1			ASCProject_0341_SALIVA	RP-1447_ASCProject_0341_SALIVA_v1_Exome_OnPrem	ASCProject_0341_T1	RP-1447_ASCProject_0341_T1_v1_RNA_OnPrem		
ASCProject_0342	PNKJ4A	legacy_numeric	TRUE	TRUE	1	1	1	ASCProject_0342_SALIVA	ASCProject_0342_T1/ASCProject_0342_SALIVA	ASCProject_0342_T1	ASCProject_0342_T1	RP-1447_ASCProject_0342_T1_v1_Exome_OnPrem	ASCProject_0342_SALIVA	RP-1447_ASCProject_0342_SALIVA_v1_Exome_OnPrem	ASCProject_0342_T1	RP-1447_ASCProject_0342_T1_v1_RNA_OnPrem		
ASCProject_0343	PLQ8NR	legacy_numeric	TRUE	TRUE	1	1	0	ASCProject_0343_BLOOD_BC	ASCProject_0343_BLOOD_P/ASCProject_0343_BLOOD_BC		ASCProject_0343_BLOOD_P	RP-1447_ASCProject_0343_BLOOD_P_v1_Exome_OnPrem	ASCProject_0343_BLOOD_BC	RP-1447_ASCProject_0343_BLOOD_BC_v1_Exome_OnPrem				
ASCProject_0345	PCRDWY	legacy_numeric	TRUE	TRUE	0	1	0	ASCProject_0345_SALIVA					ASCProject_0345_SALIVA	RP-1447_ASCProject_0345_SALIVA_v1_Exome_OnPrem				
ASCProject_0351	PXCNFJ	legacy_numeric	TRUE	TRUE	1	1	0	ASCProject_0351_BLOOD_BC	ASCProject_0351_BLOOD_P/ASCProject_0351_BLOOD_BC		ASCProject_0351_BLOOD_P	RP-1447_ASCProject_0351_BLOOD_P_v1_Exome_OnPrem	ASCProject_0351_BLOOD_BC	RP-1447_ASCProject_0351_BLOOD_BC_v1_Exome_OnPrem				
ASCProject_0353	PRJCV3	legacy_numeric	TRUE	TRUE	1	1	0	ASCProject_0353_BLOOD_BC	ASCProject_0353_BLOOD_P/ASCProject_0353_BLOOD_BC		ASCProject_0353_BLOOD_P	RP-1447_ASCProject_0353_BLOOD_P_v1_Exome_OnPrem	ASCProject_0353_BLOOD_BC	RP-1447_ASCProject_0353_BLOOD_BC_v1_Exome_OnPrem				
ASCProject_0354	P6L6XL	legacy_numeric	FALSE	FALSE	0	0	0											
ASCProject_0355	P6ADCF	legacy_numeric	TRUE	TRUE	0	1	0	ASCProject_0355_SALIVA					ASCProject_0355_SALIVA	RP-1447_ASCProject_0355_SALIVA_v1_Exome_OnPrem				
ASCProject_0356	PY8QY9	legacy_numeric	TRUE	TRUE	1	1	2	ASCProject_0356_SALIVA	ASCProject_0356_T2/ASCProject_0356_SALIVA	ASCProject_0356_T1;ASCProject_0356_T2	ASCProject_0356_T2	RP-1447_ASCProject_0356_T2_v1_Exome_OnPrem	ASCProject_0356_SALIVA	RP-1447_ASCProject_0356_SALIVA_v1_Exome_OnPrem	ASCProject_0356_T1;ASCProject_0356_T2	RP-1447_ASCProject_0356_T1_v1_RNA_OnPrem;RP-1447_ASCProject_0356_T2_v1_RNA_OnPrem		
ASCProject_0357	PDWCNE	legacy_numeric	TRUE	TRUE	1	1	1	ASCProject_0357_SALIVA_2	ASCProject_0357_T1/ASCProject_0357_SALIVA_2	ASCProject_0357_T1	ASCProject_0357_T1	RP-1447_ASCProject_0357_T1_v2_Exome_OnPrem	ASCProject_0357_SALIVA_2	RP-1447_ASCProject_0357_SALIVA_2_v2_Exome_OnPrem	ASCProject_0357_T1	RP-1447_ASCProject_0357_T1_v1_RNA_OnPrem		
ASCProject_0361	PXY7T4	legacy_numeric	TRUE	TRUE	0	1	0	ASCProject_0361_SALIVA					ASCProject_0361_SALIVA	RP-1447_ASCProject_0361_SALIVA_v1_Exome_OnPrem				
ASCProject_0365	PHX3AE	legacy_numeric	TRUE	FALSE	0	0	0											
ASCProject_0367	P3KWY4	legacy_numeric	TRUE	TRUE	1	1	1	ASCProject_0367_SALIVA	ASCProject_0367_T1/ASCProject_0367_SALIVA	ASCProject_0367_T1	ASCProject_0367_T1	RP-1447_ASCProject_0367_T1_v2_Exome_OnPrem	ASCProject_0367_SALIVA	RP-1447_ASCProject_0367_SALIVA_v2_Exome_OnPrem	ASCProject_0367_T1	RP-1447_ASCProject_0367_T1_v1_RNA_OnPrem		
ASCProject_0368	PEB62T	legacy_numeric	TRUE	TRUE	0	1	1	ASCProject_0368_BLOOD_BC		ASCProject_0368_T1			ASCProject_0368_BLOOD_BC	RP-1447_ASCProject_0368_BLOOD_BC_v1_Exome_OnPrem	ASCProject_0368_T1	RP-1447_ASCProject_0368_T1_v1_RNA_OnPrem		
ASCProject_0369	P7Q2ZT	legacy_numeric	TRUE	TRUE	0	1	1	ASCProject_0369_BLOOD_BC		ASCProject_0369_UNKNOWN_T1			ASCProject_0369_BLOOD_BC	RP-1447_ASCProject_0369_BLOOD_BC_v1_Exome_OnPrem	ASCProject_0369_UNKNOWN_T1	RP-1447_ASCProject_0369_UNKNOWN_T1_v2_RNA_OnPrem		ASCProject_0369_UNKNOWN_T1: RNA sequenced twice; latest version shown, older: RP-1447_ASCProject_0369_UNKNOWN_T1_v1_RNA_OnPrem
ASCProject_0371		legacy_numeric	TRUE	TRUE	0	1	0	ASCProject_0371_SALIVA					ASCProject_0371_SALIVA	RP-1447_ASCProject_0371_SALIVA_v1_Exome_OnPrem			Not in the cBioPortal release	
ASCProject_0372	PUKND7	legacy_numeric	TRUE	TRUE	1	1	1	ASCProject_0372_SALIVA		ASCProject_0372_T1	ASCProject_0372_T1	RP-1447_ASCProject_0372_T1_v1_Exome_OnPrem	ASCProject_0372_SALIVA	RP-1447_ASCProject_0372_SALIVA_v1_Exome_OnPrem	ASCProject_0372_T1	RP-1447_ASCProject_0372_T1_v1_RNA_OnPrem		
ASCProject_0373	PYG9PB	legacy_numeric	TRUE	TRUE	1	1	0	ASCProject_0373_BLOOD_BC			ASCProject_0373_BLOOD_P	RP-1447_ASCProject_0373_BLOOD_P_v2_Exome_OnPrem	ASCProject_0373_BLOOD_BC	RP-1447_ASCProject_0373_BLOOD_BC_v2_Exome_OnPrem				
ASCProject_0375	PRFNJY	legacy_numeric	TRUE	TRUE	2	1	2	ASCProject_0375_SALIVA	ASCProject_0375_T1/ASCProject_0375_SALIVA;ASCProject_0375_T2/ASCProject_0375_SALIVA	ASCProject_0375_T1;ASCProject_0375_T2	ASCProject_0375_T1;ASCProject_0375_T2	RP-1447_ASCProject_0375_T1_v2_Exome_OnPrem;RP-1447_ASCProject_0375_T2_v2_Exome_OnPrem	ASCProject_0375_SALIVA	RP-1447_ASCProject_0375_SALIVA_v2_Exome_OnPrem	ASCProject_0375_T1;ASCProject_0375_T2	RP-1447_ASCProject_0375_T1_v2_RNA_OnPrem;RP-1447_ASCProject_0375_T2_v1_RNA_OnPrem		
ASCProject_0378		legacy_numeric	TRUE	TRUE	0	1	0						ASCProject_0378_SALIVA	RP-1447_ASCProject_0378_SALIVA_v1_Exome_OnPrem			Not in the cBioPortal release	
ASCProject_0381		legacy_numeric	TRUE	FALSE	0	0	0										No cBioPortal ID assigned	
ASCProject_0382	P3Z3KT	legacy_numeric	TRUE	TRUE	0	1	0	ASCProject_0382_SALIVA					ASCProject_0382_SALIVA	RP-1447_ASCProject_0382_SALIVA_v1_Exome_OnPrem				
ASCProject_0385	PQRZPC	legacy_numeric	TRUE	TRUE	2	1	3	ASCProject_0385_BLOOD_BC	ASCProject_0385_T3/ASCProject_0385_BLOOD_BC	ASCProject_0385_T2;ASCProject_0385_T3	ASCProject_0385_T2;ASCProject_0385_T3	RP-1447_ASCProject_0385_T2_v1_Exome_OnPrem;RP-1447_ASCProject_0385_T3_v1_Exome_OnPrem	ASCProject_0385_BLOOD_BC	RP-1447_ASCProject_0385_BLOOD_BC_v1_Exome_OnPrem	ASCProject_0385_T1;ASCProject_0385_T2;ASCProject_0385_T3	RP-1447_ASCProject_0385_T1_v1_RNA_OnPrem;RP-1447_ASCProject_0385_T2_v1_RNA_OnPrem;RP-1447_ASCProject_0385_T3_v1_RNA_OnPrem		
ASCProject_0387	PLMWG2	legacy_numeric	TRUE	TRUE	1	1	1	ASCProject_0387_SALIVA	ASCProject_0387_T1/ASCProject_0387_SALIVA	ASCProject_0387_T1	ASCProject_0387_T1	RP-1447_ASCProject_0387_T1_v1_Exome_OnPrem	ASCProject_0387_SALIVA	RP-1447_ASCProject_0387_SALIVA_v1_Exome_OnPrem	ASCProject_0387_T1	RP-1447_ASCProject_0387_T1_v1_RNA_OnPrem		
ASCProject_0388		legacy_numeric	TRUE	TRUE	0	1	0	ASCProject_0388_SALIVA					ASCProject_0388_SALIVA	RP-1447_ASCProject_0388_SALIVA_v1_Exome_OnPrem			Not in the cBioPortal release	
ASCProject_0389	PAKHAN	legacy_numeric	TRUE	TRUE	0	1	0	ASCProject_0389_BLOOD_BC					ASCProject_0389_BLOOD_BC	RP-1447_ASCProject_0389_BLOOD_BC_v1_Exome_OnPrem				
ASCProject_0393	PFDNLX	legacy_numeric	TRUE	TRUE	0	1	1	ASCProject_0393_SALIVA		ASCProject_0393_T1			ASCProject_0393_SALIVA	RP-1447_ASCProject_0393_SALIVA_v1_Exome_OnPrem	ASCProject_0393_T1	RP-1447_ASCProject_0393_T1_v1_RNA_OnPrem		
ASCProject_0394	P6C762	legacy_numeric	TRUE	TRUE	0	1	0	ASCProject_0394_SALIVA					ASCProject_0394_SALIVA	RP-1447_ASCProject_0394_SALIVA_v1_Exome_OnPrem				
ASCProject_0397	PDG2LP	legacy_numeric	TRUE	FALSE	0	0	0											
ASCProject_0398	PFHCKX	legacy_numeric	TRUE	TRUE	0	0	1			ASCProject_0398_T1					ASCProject_0398_T1	RP-1447_ASCProject_0398_T1_v1_RNA_OnPrem		
ASCProject_0401	PRCZRT	legacy_numeric	TRUE	TRUE	1	1	2	ASCProject_0401_SALIVA	ASCProject_0401_T1A/ASCProject_0401_SALIVA		ASCProject_0401_T1A	RP-1447_ASCProject_0401_T1A_v2_Exome_OnPrem	ASCProject_0401_SALIVA	RP-1447_ASCProject_0401_SALIVA_v2_Exome_OnPrem	ASCProject_0401_T1A;ASCProject_0401_T1B	RP-1447_ASCProject_0401_T1A_v1_RNA_OnPrem;RP-1447_ASCProject_0401_T1B_v1_RNA_OnPrem		
ASCProject_0403	PGEYYK	legacy_numeric	TRUE	TRUE	0	1	1	ASCProject_0403_SALIVA					ASCProject_0403_SALIVA	RP-1447_ASCProject_0403_SALIVA_v1_Exome_OnPrem	ASCProject_0403_T1	RP-1447_ASCProject_0403_T1_v1_RNA_OnPrem		
ASCProject_0411	PNCJ2Y	legacy_numeric	TRUE	TRUE	0	1	0	ASCProject_0411_SALIVA					ASCProject_0411_SALIVA	RP-1447_ASCProject_0411_SALIVA_v1_Exome_OnPrem				
ASCProject_0412	PCL6ZJ	legacy_numeric	TRUE	TRUE	0	1	0	ASCProject_0412_SALIVA					ASCProject_0412_SALIVA	RP-1447_ASCProject_0412_SALIVA_v1_Exome_OnPrem				
ASCProject_0413		legacy_numeric	TRUE	TRUE	0	1	0	ASCProject_0413_BLOOD_BC					ASCProject_0413_BLOOD_BC	RP-1447_ASCProject_0413_BLOOD_BC_v1_Exome_OnPrem			Not in the cBioPortal release	
ASCProject_0414	PDQ7ZZ	legacy_numeric	TRUE	TRUE	0	1	1	ASCProject_0414_SALIVA		ASCProject_0414_T1			ASCProject_0414_SALIVA	RP-1447_ASCProject_0414_SALIVA_v1_Exome_OnPrem	ASCProject_0414_T1	RP-1447_ASCProject_0414_T1_v1_RNA_OnPrem		
ASCProject_0415	PX6MEL	legacy_numeric	TRUE	TRUE	0	1	0	ASCProject_0415_SALIVA					ASCProject_0415_SALIVA	RP-1447_ASCProject_0415_SALIVA_v1_Exome_OnPrem				
ASCProject_0417	P9TVXH	legacy_numeric	TRUE	TRUE	0	1	0	ASCProject_0417_SALIVA					ASCProject_0417_SALIVA	RP-1447_ASCProject_0417_SALIVA_v1_Exome_OnPrem				
ASCProject_0418	PF9X9N	legacy_numeric	TRUE	TRUE	0	1	1	ASCProject_0418_SALIVA					ASCProject_0418_SALIVA	RP-1447_ASCProject_0418_SALIVA_v1_Exome_OnPrem	ASCProject_0418_T1	RP-1447_ASCProject_0418_T1_v1_RNA_OnPrem		
ASCProject_0420	P7RK7E	legacy_numeric	TRUE	TRUE	0	1	1	ASCProject_0420_SALIVA					ASCProject_0420_SALIVA	RP-1447_ASCProject_0420_SALIVA_v1_Exome_OnPrem	ASCProject_0420_T1	RP-1447_ASCProject_0420_T1_v1_RNA_OnPrem		
ASCProject_0422	PH6DQT	legacy_numeric	TRUE	TRUE	0	1	1	ASCProject_0422_BLOOD_BC		ASCProject_0422_T3			ASCProject_0422_BLOOD_BC	RP-1447_ASCProject_0422_BLOOD_BC_v1_Exome_OnPrem	ASCProject_0422_T3	RP-1447_ASCProject_0422_T3_v1_RNA_OnPrem		
ASCProject_0427	PXE776	legacy_numeric	TRUE	TRUE	0	1	2	ASCProject_0427_SALIVA		ASCProject_0427_T2			ASCProject_0427_SALIVA	RP-1447_ASCProject_0427_SALIVA_v1_Exome_OnPrem	ASCProject_0427_T2;ASCProject_0427_T5	RP-1447_ASCProject_0427_T2_v1_RNA_OnPrem;RP-1447_ASCProject_0427_T5_v1_RNA_OnPrem		
ASCProject_0428		legacy_numeric	TRUE	TRUE	0	1	0	ASCProject_0428_SALIVA					ASCProject_0428_SALIVA	RP-1447_ASCProject_0428_SALIVA_v1_Exome_OnPrem			Not in the cBioPortal release	
ASCProject_0430		legacy_numeric	TRUE	TRUE	0	1	0						ASCProject_0430_SALIVA	RP-1447_ASCProject_0430_SALIVA_v1_Exome_OnPrem			Not in the cBioPortal release	
ASCProject_0432	PBFXLR	legacy_numeric	TRUE	TRUE	0	1	0	ASCProject_0432_SALIVA					ASCProject_0432_SALIVA	RP-1447_ASCProject_0432_SALIVA_v1_Exome_OnPrem				
ASCProject_0434	PLW6HD	legacy_numeric	TRUE	FALSE	0	0	0											
ASCProject_0435	PX86V9	legacy_numeric	TRUE	TRUE	0	1	0	ASCProject_0435_SALIVA					ASCProject_0435_SALIVA	RP-1447_ASCProject_0435_SALIVA_v1_Exome_OnPrem				
ASCProject_P24LBA	P24LBA	same_as_cbioportal	FALSE	FALSE	0	0	0											
ASCProject_P2HVYU	P2HVYU	same_as_cbioportal	TRUE	TRUE	0	0	1			ASCProject_P2HVYU_T1					ASCProject_P2HVYU_T1	RP-1447_ASCProject_P2HVYU_T1_v1_RNA_OnPrem		
ASCProject_P2Y46D	P2Y46D	same_as_cbioportal	FALSE	FALSE	0	0	0											
ASCProject_P3EXLP	P3EXLP	same_as_cbioportal	FALSE	FALSE	0	0	0											
ASCProject_P47D8Z	P47D8Z	same_as_cbioportal	TRUE	TRUE	0	1	0	ASCProject_P47D8Z_SALIVA					ASCProject_P47D8Z_SALIVA	RP-1447_ASCProject_P47D8Z_SALIVA_v1_Exome_OnPrem				
ASCProject_P4JYLY	P4JYLY	same_as_cbioportal	FALSE	FALSE	0	0	0											
ASCProject_P68AP7	P68AP7	same_as_cbioportal	TRUE	TRUE	0	1	0	ASCProject_P68AP7_SALIVA					ASCProject_P68AP7_SALIVA	RP-1447_ASCProject_P68AP7_SALIVA_v1_Exome_OnPrem				
ASCProject_P6WZK7	P6WZK7	same_as_cbioportal	FALSE	FALSE	0	0	0											
ASCProject_P6YLY10		same_as_cbioportal	TRUE	FALSE	0	0	0										Not in the cBioPortal release; Possibly a duplicate of ASCProject_P6YLY9 (same age and primary site); not a valid cBioPortal ID	
ASCProject_P6YLY9	P6YLY9	same_as_cbioportal	TRUE	TRUE	0	1	0	ASCProject_P6YLY9_SALIVA					ASCProject_P6YLY9_SALIVA	RP-1447_ASCProject_P6YLY9_SALIVA_v1_Exome_OnPrem				
ASCProject_P739VX	P739VX	same_as_cbioportal	TRUE	TRUE	0	1	0	ASCProject_P739VX_SALIVA					ASCProject_P739VX_SALIVA	RP-1447_ASCProject_P739VX_SALIVA_v1_Exome_OnPrem				
ASCProject_P7938V	P7938V	same_as_cbioportal	FALSE	FALSE	0	0	0											
ASCProject_P79RG8	P79RG8	same_as_cbioportal	FALSE	FALSE	0	0	0											
ASCProject_P7MYLP	P7MYLP	same_as_cbioportal	FALSE	FALSE	0	0	0											
ASCProject_P842QL	P842QL	same_as_cbioportal	FALSE	FALSE	0	0	0											
ASCProject_P8B8WN	P8B8WN	same_as_cbioportal	TRUE	TRUE	0	1	1	ASCProject_P8B8WN_SALIVA		ASCProject_P8B8WN_T2			ASCProject_P8B8WN_SALIVA	RP-1447_ASCProject_P8B8WN_SALIVA_v1_Exome_OnPrem	ASCProject_P8B8WN_T2	RP-1447_ASCProject_P8B8WN_T2_v1_RNA_OnPrem		
ASCProject_PA2AMK	PA2AMK	same_as_cbioportal	FALSE	FALSE	0	0	0											
ASCProject_PAJVKP	PAJVKP	same_as_cbioportal	FALSE	FALSE	0	0	0											
ASCProject_PAMWDK	PAMWDK	same_as_cbioportal	TRUE	TRUE	0	1	0	ASCProject_PAMWDK_BLOOD_BC					ASCProject_PAMWDK_BLOOD_BC	RP-1447_ASCProject_PAMWDK_BLOOD_BC_v1_Exome_OnPrem				
ASCProject_PBHQJN	PBHQJN	same_as_cbioportal	TRUE	TRUE	0	1	0	ASCProject_PBHQJN_SALIVA					ASCProject_PBHQJN_SALIVA	RP-1447_ASCProject_PBHQJN_SALIVA_v1_Exome_OnPrem				
ASCProject_PBPCT2	PBPCT2	same_as_cbioportal	TRUE	TRUE	0	1	0	ASCProject_PBPCT2_SALIVA					ASCProject_PBPCT2_SALIVA	RP-1447_ASCProject_PBPCT2_SALIVA_v1_Exome_OnPrem				
ASCProject_PBUW6E	PBUW6E	same_as_cbioportal	FALSE	FALSE	0	0	0											
ASCProject_PDHLYR	PDHLYR	same_as_cbioportal	FALSE	FALSE	0	0	0											
ASCProject_PE46M9	PE46M9	same_as_cbioportal	TRUE	TRUE	0	1	0	ASCProject_PE46M9_SALIVA					ASCProject_PE46M9_SALIVA	RP-1447_ASCProject_PE46M9_SALIVA_v1_Exome_OnPrem				
ASCProject_PGUJKF	PGUJKF	same_as_cbioportal	FALSE	FALSE	0	0	0											
ASCProject_PGXPR8	PGXPR8	same_as_cbioportal	TRUE	TRUE	0	0	1								ASCProject_PGXPR8_T2	RP-1447_ASCProject_PGXPR8_T2_v1_RNA_OnPrem		
ASCProject_PGY8CM	PGY8CM	same_as_cbioportal	FALSE	FALSE	0	0	0											
ASCProject_PHCG7A	PHCG7A	same_as_cbioportal	FALSE	TRUE	0	0	1								ASCProject_PHCG7A_T1	RP-1447_ASCProject_PHCG7A_T1_v1_RNA_OnPrem		
ASCProject_PHV2UZ	PHV2UZ	same_as_cbioportal	FALSE	FALSE	0	0	0											
ASCProject_PJH7YF	PJH7YF	same_as_cbioportal	FALSE	FALSE	0	0	0											
ASCProject_PJT8MW	PJT8MW	same_as_cbioportal	TRUE	TRUE	0	1	0	ASCProject_PJT8MW_SALIVA					ASCProject_PJT8MW_SALIVA	RP-1447_ASCProject_PJT8MW_SALIVA_v1_Exome_OnPrem				
ASCProject_PK92KU	PK92KU	same_as_cbioportal	FALSE	FALSE	0	0	0											
ASCProject_PKDW2V	PKDW2V	same_as_cbioportal	TRUE	FALSE	0	0	0											
ASCProject_PKGJBY	PKGJBY	same_as_cbioportal	FALSE	FALSE	0	0	0											
ASCProject_PKGZN6	PKGZN6	same_as_cbioportal	TRUE	FALSE	0	0	0											
ASCProject_PKUUAC	PKUUAC	same_as_cbioportal	FALSE	FALSE	0	0	0											
ASCProject_PKVR6G	PKVR6G	same_as_cbioportal	FALSE	FALSE	0	0	0											
ASCProject_PKWACM	PKWACM	same_as_cbioportal	FALSE	FALSE	0	0	0											
ASCProject_PKYCDL	PKYCDL	same_as_cbioportal	TRUE	TRUE	0	1	0	ASCProject_PKYCDL_SALIVA					ASCProject_PKYCDL_SALIVA	RP-1447_ASCProject_PKYCDL_SALIVA_v1_Exome_OnPrem				
ASCProject_PMBKPU	PMBKPU	same_as_cbioportal	FALSE	FALSE	0	0	0											
ASCProject_PMGVWU	PMGVWU	same_as_cbioportal	TRUE	FALSE	0	0	0											
ASCProject_PMTPQM	PMTPQM	same_as_cbioportal	FALSE	FALSE	0	0	0											
ASCProject_PN38F9	PN38F9	same_as_cbioportal	TRUE	TRUE	0	1	0	ASCProject_PN38F9_SALIVA					ASCProject_PN38F9_SALIVA	RP-1447_ASCProject_PN38F9_SALIVA_v1_Exome_OnPrem				
ASCProject_PN4GH4	PN4GH4	same_as_cbioportal	FALSE	FALSE	0	0	0											
ASCProject_PNMVM4	PNMVM4	same_as_cbioportal	FALSE	FALSE	0	0	0											
ASCProject_PNNKT9	PNNKT9	same_as_cbioportal	FALSE	FALSE	0	0	0											
ASCProject_PQGFUK	PQGFUK	same_as_cbioportal	FALSE	FALSE	0	0	0											
ASCProject_PQHM2E	PQHM2E	same_as_cbioportal	TRUE	TRUE	0	1	0	ASCProject_PQHM2E_SALIVA					ASCProject_PQHM2E_SALIVA	RP-1447_ASCProject_PQHM2E_SALIVA_v1_Exome_OnPrem				
ASCProject_PRBW2L	PRBW2L	same_as_cbioportal	FALSE	FALSE	0	0	0											
ASCProject_PRCTTZ	PRCTTZ	same_as_cbioportal	FALSE	FALSE	0	0	0											
ASCProject_PRDZ3M	PRDZ3M	same_as_cbioportal	TRUE	TRUE	0	0	1								ASCProject_PRDZ3M_T2	RP-1447_ASCProject_PRDZ3M_T2_v1_RNA_OnPrem		
ASCProject_PTB8PF	PTB8PF	same_as_cbioportal	FALSE	FALSE	0	0	0											
ASCProject_PTLPDP	PTLPDP	same_as_cbioportal	TRUE	TRUE	0	1	0	ASCProject_PTLPDP_SALIVA					ASCProject_PTLPDP_SALIVA	RP-1447_ASCProject_PTLPDP_SALIVA_v1_Exome_OnPrem				
ASCProject_PTMM6Y	PTMM6Y	same_as_cbioportal	FALSE	FALSE	0	0	0											
ASCProject_PUXC3Q	PUXC3Q	same_as_cbioportal	FALSE	FALSE	0	0	0											
ASCProject_PVKXV6	PVKXV6	same_as_cbioportal	FALSE	FALSE	0	0	0											
ASCProject_PWNLUF	PWNLUF	same_as_cbioportal	TRUE	TRUE	0	0	1			ASCProject_PWNLUF_T1					ASCProject_PWNLUF_T1	RP-1447_ASCProject_PWNLUF_T1_v1_RNA_OnPrem		
ASCProject_PWVGDV	PWVGDV	same_as_cbioportal	FALSE	FALSE	0	0	0											
ASCProject_PXCNPP	PXCNPP	same_as_cbioportal	FALSE	FALSE	0	0	0											
ASCProject_PXGMWL	PXGMWL	same_as_cbioportal	FALSE	FALSE	0	0	0											
ASCProject_PXPTMJ	PXPTMJ	same_as_cbioportal	TRUE	TRUE	0	0	1			ASCProject_PXPTMJ_T1					ASCProject_PXPTMJ_T1	RP-1447_ASCProject_PXPTMJ_T1_v1_RNA_OnPrem		
ASCProject_PY6FJH	PY6FJH	same_as_cbioportal	TRUE	TRUE	0	1	1	ASCProject_PY6FJH_SALIVA		ASCProject_PY6FJH_T1			ASCProject_PY6FJH_SALIVA	RP-1447_ASCProject_PY6FJH_SALIVA_v1_Exome_OnPrem	ASCProject_PY6FJH_T1	RP-1447_ASCProject_PY6FJH_T1_v1_RNA_OnPrem	Same patient as ASCProject_0301	
ASCProject_PYMFBV	PYMFBV	same_as_cbioportal	TRUE	TRUE	0	1	0	ASCProject_PYMFBV_SALIVA					ASCProject_PYMFBV_SALIVA	RP-1447_ASCProject_PYMFBV_SALIVA_v1_Exome_OnPrem				
ASCProject_PYYKC9		same_as_cbioportal	TRUE	TRUE	0	1	0	ASCProject_PYYKC9_SALIVA					ASCProject_PYYKC9_SALIVA	RP-1447_ASCProject_PYYKC9_SALIVA_v1_Exome_OnPrem			Not in the cBioPortal release	
ASCProject_PZAQRT	PZAQRT	same_as_cbioportal	FALSE	FALSE	0	0	0											
ASCProject_PZCXCF	PZCXCF	same_as_cbioportal	TRUE	TRUE	0	1	0	ASCProject_PZCXCF_SALIVA					ASCProject_PZCXCF_SALIVA	RP-1447_ASCProject_PZCXCF_SALIVA_v1_Exome_OnPrem				
ASCProject_PZGXFC	PZGXFC	same_as_cbioportal	FALSE	FALSE	0	0	0											
ASCProject_PZUDLM	PZUDLM	same_as_cbioportal	TRUE	FALSE	0	0	0										Same patient as ASCProject_0043	
