repo_patient_id	cbioportal_patient_id	repo_sample_alias	cbioportal_sample_id	sample_type	wes_sample_barcode	wes_pair_id	wes_pair_passed_qc	matched_normal_sample_alias	matched_normal_barcode	cbioportal_has_mutations	rna_sample_barcode	rna_passed_qc	cbioportal_has_rna	notes
ASCProject_0003		ASCProject_0003_SALIVA		Normal	RP-1447_ASCProject_0003_SALIVA_v1_Exome_OnPrem					FALSE			FALSE	
ASCProject_0003	P4WZVT	ASCProject_0003_T1	ASCProject_P4WZVT_T1	Tumor	RP-1447_ASCProject_0003_T1_v1_Exome_OnPrem	RP-1447_ASCProject_0003_Feb2023_Pair_1	FALSE	ASCProject_0003_SALIVA	RP-1447_ASCProject_0003_SALIVA_v1_Exome_OnPrem	FALSE	G141042_ASCProject_0003_T1_v1_RNA_OnPrem	TRUE	TRUE	
ASCProject_0003	P4WZVT	ASCProject_0003_T3	ASCProject_P4WZVT_T3	Tumor	RP-1447_ASCProject_0003_T3_v2_Exome_OnPrem	RP-1447_ASCProject_0003_Normal_Tumor_Jan2023	FALSE	ASCProject_0003_SALIVA	RP-1447_ASCProject_0003_SALIVA_v1_Exome_OnPrem	FALSE	RP-1447_ASCProject_0003_T3_v1_RNA_OnPrem	TRUE	TRUE	
ASCProject_0005	PRLB6M	ASCProject_0005_BLOOD	ASCProject_PRLB6M_BLOOD	Tumor	RP-1447_ASCProject_0005_BLOOD_v1_Exome_OnPrem	RP-1447_ASCProject_0005_Feb2023_Pair_2	TRUE	ASCProject_0005_BLOOD_Normal	RP-1447_ASCProject_0005_BLOOD_Normal_v1_Exome_OnPrem	FALSE			FALSE	
ASCProject_0005		ASCProject_0005_BLOOD_Normal		Normal	RP-1447_ASCProject_0005_BLOOD_Normal_v1_Exome_OnPrem					FALSE			FALSE	
ASCProject_0005		ASCProject_0005_SALIVA		Normal	RP-1447_ASCProject_0005_SALIVA_v3_Exome_OnPrem					FALSE			FALSE	
ASCProject_0005	PRLB6M	ASCProject_0005_T1	ASCProject_PRLB6M_T1	Tumor						FALSE	G136942_ASCProject_0005_T1_v1_RNA_OnPrem	TRUE	TRUE	
ASCProject_0005	PRLB6M	ASCProject_0005_T2	ASCProject_PRLB6M_T2	Tumor	RP-1447_ASCProject_0005_T2_v1_Exome_OnPrem	RP-1447_ASCProject_0005_Feb2023_Pair_3	TRUE	ASCProject_0005_BLOOD_Normal	RP-1447_ASCProject_0005_BLOOD_Normal_v1_Exome_OnPrem	TRUE	RP-1447_ASCProject_0005_T2_v1_RNA_OnPrem	TRUE	TRUE	
ASCProject_0005	PRLB6M	ASCProject_0005_T3	ASCProject_PRLB6M_T3	Tumor	RP-1447_ASCProject_0005_T3_v2_Exome_OnPrem	RP-1447_ASCProject_0005_Normal_Tumor_Jan2023	TRUE	ASCProject_0005_BLOOD_Normal	RP-1447_ASCProject_0005_BLOOD_Normal_v1_Exome_OnPrem	TRUE	RP-1447_ASCProject_0005_T3_v2_RNA_OnPrem	TRUE	TRUE	
ASCProject_0006	PECPQ7	ASCProject_0006_BLOOD	ASCProject_PECPQ7_BLOOD	Tumor	RP-1447_ASCProject_0006_BLOOD_v1_Exome_OnPrem	RP-1447_ASCProject_0006_Feb2023_Pair_7	TRUE	ASCProject_0006_BLOOD_Normal	RP-1447_ASCProject_0006_BLOOD_Normal_v4_Exome_OnPrem	TRUE			FALSE	
ASCProject_0006		ASCProject_0006_BLOOD_Normal		Normal	RP-1447_ASCProject_0006_BLOOD_Normal_v4_Exome_OnPrem					FALSE			FALSE	
ASCProject_0006	PECPQ7	ASCProject_0006_T1	ASCProject_PECPQ7_T1	Tumor	RP-1447_ASCProject_0006_T1_v2_Exome_OnPrem	RP-1447_ASCProject_0006_Feb2023_Pair_8	TRUE	ASCProject_0006_BLOOD_Normal	RP-1447_ASCProject_0006_BLOOD_Normal_v4_Exome_OnPrem	TRUE	RP-1447_ASCProject_0006_T1_v1_RNA_OnPrem	TRUE	TRUE	
ASCProject_0006	PECPQ7	ASCProject_0006_T2	ASCProject_PECPQ7_T2	Tumor	RP-1447_ASCProject_0006_T2_v2_Exome_OnPrem	RP-1447_ASCProject_0006_Normal_Tumor_Jan2023	TRUE	ASCProject_0006_BLOOD_Normal	RP-1447_ASCProject_0006_BLOOD_Normal_v4_Exome_OnPrem	TRUE	RP-1447_ASCProject_0006_T2_v1_RNA_OnPrem	TRUE	TRUE	
ASCProject_0007		ASCProject_0007_SALIVA		Normal	RP-1447_ASCProject_0007_SALIVA_v1_Exome_OnPrem					FALSE			FALSE	
ASCProject_0007	PU22EL	ASCProject_0007_T1	ASCProject_PU22EL_T1	Tumor	RP-1447_ASCProject_0007_T1_v2_Exome_OnPrem	RP-1447_ASCProject_0007_Feb2023_Pair_9	TRUE	ASCProject_0007_SALIVA	RP-1447_ASCProject_0007_SALIVA_v1_Exome_OnPrem	TRUE	G136942_ASCProject_0007_T1_v1_RNA_OnPrem	FALSE	TRUE	
ASCProject_0007	PU22EL	ASCProject_0007_T2	ASCProject_PU22EL_T2	Tumor	RP-1447_ASCProject_0007_T2_v2_Exome_OnPrem	RP-1447_ASCProject_0007_Normal_Tumor_Jan2023	TRUE	ASCProject_0007_SALIVA	RP-1447_ASCProject_0007_SALIVA_v1_Exome_OnPrem	FALSE	G136942_ASCProject_0007_T2_v1_RNA_OnPrem	TRUE	TRUE	
ASCProject_0008		ASCProject_0008_SALIVA		Normal	RP-1447_ASCProject_0008_SALIVA_v1_Exome_OnPrem					FALSE			FALSE	
ASCProject_0008	P4RTQK	ASCProject_0008_T1	ASCProject_P4RTQK_T1	Tumor	RP-1447_ASCProject_0008_T1_v1_Exome_OnPrem	RP-1447_ASCProject_0008_Normal_Tumor_Jan2023	FALSE	ASCProject_0008_SALIVA	RP-1447_ASCProject_0008_SALIVA_v1_Exome_OnPrem	FALSE	RP-1447_ASCProject_0008_T1_v1_RNA_OnPrem	FALSE	TRUE	
ASCProject_0009		ASCProject_0009_SALIVA		Normal	RP-1447_ASCProject_0009_SALIVA_v2_Exome_OnPrem					FALSE			FALSE	
ASCProject_0010		ASCProject_0010_SALIVA		Normal	RP-1447_ASCProject_0010_SALIVA_v1_Exome_OnPrem					FALSE			FALSE	
ASCProject_0011		ASCProject_0011_SALIVA		Normal	RP-1447_ASCProject_0011_SALIVA_v1_Exome_OnPrem					FALSE			FALSE	
ASCProject_0011	P9XH7B	ASCProject_0011_T1	ASCProject_P9XH7B_T1	Tumor	RP-1447_ASCProject_0011_T1_v1_Exome_OnPrem	RP-1447_ASCProject_0011_Normal_Tumor_Jan2023	TRUE	ASCProject_0011_SALIVA	RP-1447_ASCProject_0011_SALIVA_v1_Exome_OnPrem	TRUE	G141042_ASCProject_0011_T1_v1_RNA_OnPrem	FALSE	TRUE	
ASCProject_0012		ASCProject_0012_SALIVA		Normal	RP-1447_ASCProject_0012_SALIVA_v2_Exome_OnPrem					FALSE			FALSE	
ASCProject_0012	PK7CAE	ASCProject_0012_T2	ASCProject_PK7CAE_T2	Tumor	RP-1447_ASCProject_0012_T2_v2_Exome_OnPrem	RP-1447_ASCProject_0012_Normal_Tumor_Jan2023	FALSE	ASCProject_0012_SALIVA	RP-1447_ASCProject_0012_SALIVA_v2_Exome_OnPrem	FALSE	RP-1447_ASCProject_0012_T2_v1_RNA_OnPrem	TRUE	TRUE	
ASCProject_0013		ASCProject_0013_SALIVA		Normal	RP-1447_ASCProject_0013_SALIVA_v3_Exome_OnPrem					FALSE			FALSE	
ASCProject_0013	PKNK7V	ASCProject_0013_T1	ASCProject_PKNK7V_T1	Tumor	RP-1447_ASCProject_0013_T1_v3_Exome_OnPrem	RP-1447_ASCProject_0013_Normal_Tumor_Jan2023	TRUE	ASCProject_0013_SALIVA	RP-1447_ASCProject_0013_SALIVA_v3_Exome_OnPrem	TRUE	RP-1447_ASCProject_0013_T1_v1_RNA_OnPrem	TRUE	TRUE	
ASCProject_0014		ASCProject_0014_SALIVA		Normal	RP-1447_ASCProject_0014_SALIVA_v1_Exome_OnPrem					FALSE			FALSE	
ASCProject_0014	PF8J3J	ASCProject_0014_T1	ASCProject_PF8J3J_T1	Tumor						FALSE	RP-1447_ASCProject_0014_T1_v1_RNA_OnPrem	TRUE	TRUE	
ASCProject_0015		ASCProject_0015_SALIVA		Normal	RP-1447_ASCProject_0015_SALIVA_v1_Exome_OnPrem					FALSE			FALSE	
ASCProject_0016		ASCProject_0016_SALIVA		Normal	RP-1447_ASCProject_0016_SALIVA_v1_Exome_OnPrem					FALSE			FALSE	
ASCProject_0017	P4C7TN	ASCProject_0017_BLOOD	ASCProject_P4C7TN_BLOOD	Tumor	RP-1447_ASCProject_0017_BLOOD_v1_Exome_OnPrem	RP-1447_ASCProject_0017_Feb2023_Pair_10	TRUE	ASCProject_0017_BLOOD_Normal	RP-1447_ASCProject_0017_BLOOD_Normal_v1_Exome_OnPrem	TRUE			FALSE	
ASCProject_0017		ASCProject_0017_BLOOD_Normal		Normal	RP-1447_ASCProject_0017_BLOOD_Normal_v1_Exome_OnPrem					FALSE			FALSE	
ASCProject_0017		ASCProject_0017_SALIVA		Normal	RP-1447_ASCProject_0017_SALIVA_v3_Exome_OnPrem					FALSE			FALSE	
ASCProject_0017	P4C7TN	ASCProject_0017_T1	ASCProject_P4C7TN_T1	Tumor	RP-1447_ASCProject_0017_T1_v1_Exome_OnPrem	RP-1447_ASCProject_0017_Feb2023_Pair_11	TRUE	ASCProject_0017_BLOOD_Normal	RP-1447_ASCProject_0017_BLOOD_Normal_v1_Exome_OnPrem	TRUE	RP-1447_ASCProject_0017_T1_v1_RNA_OnPrem	TRUE	TRUE	
ASCProject_0017	P4C7TN	ASCProject_0017_T2	ASCProject_P4C7TN_T2	Tumor	RP-1447_ASCProject_0017_T2_v2_Exome_OnPrem	RP-1447_ASCProject_0017_Normal_Tumor_Jan2023	TRUE	ASCProject_0017_BLOOD_Normal	RP-1447_ASCProject_0017_BLOOD_Normal_v1_Exome_OnPrem	TRUE	RP-1447_ASCProject_0017_T2_v1_RNA_OnPrem	TRUE	TRUE	
ASCProject_0020		ASCProject_0020_SALIVA		Normal	RP-1447_ASCProject_0020_SALIVA_v2_Exome_OnPrem					FALSE			FALSE	
ASCProject_0020	PF3F68	ASCProject_0020_T1	ASCProject_PF3F68_T1	Tumor	RP-1447_ASCProject_0020_T1_v2_Exome_OnPrem	RP-1447_ASCProject_0020_Normal_Tumor_Jan2023	TRUE	ASCProject_0020_SALIVA	RP-1447_ASCProject_0020_SALIVA_v2_Exome_OnPrem	TRUE	RP-1447_ASCProject_0020_T1_v1_RNA_OnPrem	FALSE	TRUE	
ASCProject_0021		ASCProject_0021_SALIVA		Normal	RP-1447_ASCProject_0021_SALIVA_v1_Exome_OnPrem					FALSE			FALSE	
ASCProject_0023		ASCProject_0023_SALIVA		Normal	RP-1447_ASCProject_0023_SALIVA_v1_Exome_OnPrem					FALSE			FALSE	
ASCProject_0024		ASCProject_0024_BLOOD_Normal		Normal	RP-1447_ASCProject_0024_BLOOD_Normal_v1_Exome_OnPrem					FALSE			FALSE	
ASCProject_0024		ASCProject_0024_SALIVA		Normal	RP-1447_ASCProject_0024_SALIVA_v3_Exome_OnPrem					FALSE			FALSE	
ASCProject_0024	PNT3KX	ASCProject_0024_T2	ASCProject_PNT3KX_T2	Tumor	RP-1447_ASCProject_0024_T2_v1_Exome_OnPrem	RP-1447_ASCProject_0024_Feb2023_Pair_15;RP-1447_ASCProject_0024_Normal_Tumor_Jan2023	FALSE;FALSE	ASCProject_0024_SALIVA;ASCProject_0024_BLOOD_Normal	RP-1447_ASCProject_0024_SALIVA_v3_Exome_OnPrem;RP-1447_ASCProject_0024_BLOOD_Normal_v1_Exome_OnPrem	FALSE	RP-1447_ASCProject_0024_T2_v1_RNA_OnPrem	TRUE	TRUE	Multiple matched normals and none passed QC; all are listed
ASCProject_0025		ASCProject_0025_SALIVA		Normal	RP-1447_ASCProject_0025_SALIVA_v1_Exome_OnPrem					FALSE			FALSE	
ASCProject_0025	P9KBWE	ASCProject_0025_T1	ASCProject_P9KBWE_T1	Tumor						FALSE	RP-1447_ASCProject_0025_T1_v2_RNA_OnPrem	FALSE	TRUE	
ASCProject_0025	P9KBWE	ASCProject_0025_T2	ASCProject_P9KBWE_T2	Tumor						FALSE	RP-1447_ASCProject_0025_T2_v2_RNA_OnPrem	FALSE	TRUE	
ASCProject_0026	PULG23	ASCProject_0026_BLOOD	ASCProject_PULG23_BLOOD	Tumor	RP-1447_ASCProject_0026_BLOOD_v1_Exome_OnPrem	RP-1447_ASCProject_0026_Feb2023_Pair_16	TRUE	ASCProject_0026_BLOOD_Normal	RP-1447_ASCProject_0026_BLOOD_Normal_v2_Exome_OnPrem	TRUE			FALSE	
ASCProject_0026		ASCProject_0026_BLOOD_Normal		Normal	RP-1447_ASCProject_0026_BLOOD_Normal_v2_Exome_OnPrem					FALSE			FALSE	
ASCProject_0026	PULG23	ASCProject_0026_T1	ASCProject_PULG23_T1	Tumor	RP-1447_ASCProject_0026_T1_v2_Exome_OnPrem	RP-1447_ASCProject_0026_Normal_Tumor_Jan2023	FALSE	ASCProject_0026_BLOOD_Normal	RP-1447_ASCProject_0026_BLOOD_Normal_v2_Exome_OnPrem	FALSE	G136942_ASCProject_0026_T1_v1_RNA_OnPrem	TRUE	TRUE	
ASCProject_0027		ASCProject_0027_SALIVA		Normal	RP-1447_ASCProject_0027_SALIVA_v1_Exome_OnPrem					FALSE			FALSE	
ASCProject_0028		ASCProject_0028_SALIVA		Normal	RP-1447_ASCProject_0028_SALIVA_v1_Exome_OnPrem					FALSE			FALSE	
ASCProject_0030		ASCProject_0030_SALIVA		Normal	RP-1447_ASCProject_0030_SALIVA_v2_Exome_OnPrem					FALSE			FALSE	
ASCProject_0030	PRYD2Q	ASCProject_0030_T1	ASCProject_PRYD2Q_T1	Tumor	RP-1447_ASCProject_0030_T1_v1_Exome_OnPrem	RP-1447_ASCProject_0030_Normal_Tumor_Jan2023	TRUE	ASCProject_0030_SALIVA	RP-1447_ASCProject_0030_SALIVA_v2_Exome_OnPrem	FALSE	G141042_ASCProject_0030_T1_v1_RNA_OnPrem	TRUE	TRUE	
ASCProject_0032		ASCProject_0032_SALIVA_2		Normal	RP-1447_ASCProject_0032_SALIVA_2_v1_Exome_OnPrem					FALSE			FALSE	
ASCProject_0034		ASCProject_0034_SALIVA		Normal	RP-1447_ASCProject_0034_SALIVA_v1_Exome_OnPrem					FALSE			FALSE	
ASCProject_0035		ASCProject_0035_SALIVA		Normal	RP-1447_ASCProject_0035_SALIVA_v3_Exome_OnPrem					FALSE			FALSE	
ASCProject_0035	PL9KMQ	ASCProject_0035_T2	ASCProject_PL9KMQ_T2	Tumor	RP-1447_ASCProject_0035_T2_v3_Exome_OnPrem	RP-1447_ASCProject_0035_Normal_Tumor_Jan2023	FALSE	ASCProject_0035_SALIVA	RP-1447_ASCProject_0035_SALIVA_v3_Exome_OnPrem	FALSE	RP-1447_ASCProject_0035_T2_v1_RNA_OnPrem	TRUE	TRUE	
ASCProject_0036		ASCProject_0036_BLOOD		Unknown	RP-1447_ASCProject_0036_BLOOD_v1_Exome_OnPrem					FALSE			FALSE	
ASCProject_0036		ASCProject_0036_SALIVA		Normal	RP-1447_ASCProject_0036_SALIVA_v2_Exome_OnPrem					FALSE			FALSE	
ASCProject_0036		ASCProject_0036_T1		Tumor	RP-1447_ASCProject_0036_T1_v2_Exome_OnPrem	RP-1447_ASCProject_0036_Normal_Tumor_Jan2023	FALSE	ASCProject_0036_SALIVA	RP-1447_ASCProject_0036_SALIVA_v2_Exome_OnPrem	FALSE	RP-1447_ASCProject_0036_T1_v1_RNA_OnPrem	TRUE	FALSE	
ASCProject_0038		ASCProject_0038_SALIVA		Normal	RP-1447_ASCProject_0038_SALIVA_v2_Exome_OnPrem					FALSE			FALSE	
ASCProject_0038	PXCLPP	ASCProject_0038_T1	ASCProject_PXCLPP_T1	Tumor	RP-1447_ASCProject_0038_T1_v3_Exome_OnPrem	RP-1447_ASCProject_0038_Normal_Tumor_Jan2023	TRUE	ASCProject_0038_SALIVA	RP-1447_ASCProject_0038_SALIVA_v2_Exome_OnPrem	TRUE	RP-1447_ASCProject_0038_T1_v1_RNA_OnPrem	FALSE	TRUE	
ASCProject_0038	PXCLPP	ASCProject_0038_T2	ASCProject_PXCLPP_T2	Tumor						FALSE	RP-1447_ASCProject_0038_T2_v1_RNA_OnPrem	FALSE	TRUE	
ASCProject_0039		ASCProject_0039_SALIVA		Normal	RP-1447_ASCProject_0039_SALIVA_v1_Exome_OnPrem					FALSE			FALSE	
ASCProject_0042		ASCProject_0042_SALIVA		Normal	RP-1447_ASCProject_0042_SALIVA_v1_Exome_OnPrem					FALSE			FALSE	
ASCProject_0042	P74JJT	ASCProject_0042_T1	ASCProject_P74JJT_T1	Tumor						FALSE	G136942_ASCProject_0042_T1_v1_RNA_OnPrem	TRUE	TRUE	
ASCProject_0044	PD8NJ9	ASCProject_0044_BLOOD	ASCProject_PD8NJ9_BLOOD	Tumor	RP-1447_ASCProject_0044_BLOOD_v1_Exome_OnPrem	RP-1447_ASCProject_0044_Normal_Tumor_Jan2023	TRUE	ASCProject_0044_BLOOD_Normal	RP-1447_ASCProject_0044_BLOOD_Normal_v2_Exome_OnPrem	FALSE			FALSE	
ASCProject_0044		ASCProject_0044_BLOOD_Normal		Normal	RP-1447_ASCProject_0044_BLOOD_Normal_v2_Exome_OnPrem					FALSE			FALSE	
ASCProject_0044		ASCProject_0044_SALIVA		Normal	RP-1447_ASCProject_0044_SALIVA_v4_Exome_OnPrem					FALSE			FALSE	
ASCProject_0044	PD8NJ9	ASCProject_0044_T1	ASCProject_PD8NJ9_T1	Tumor						FALSE	RP-1447_ASCProject_0044_T1_v1_RNA_OnPrem	TRUE	TRUE	
ASCProject_0045		ASCProject_0045_SALIVA		Normal	RP-1447_ASCProject_0045_SALIVA_v3_Exome_OnPrem					FALSE			FALSE	
ASCProject_0045	PKJP3D	ASCProject_0045_T1	ASCProject_PKJP3D_T1	Tumor	RP-1447_ASCProject_0045_T1_v3_Exome_OnPrem	RP-1447_ASCProject_0045_Normal_Tumor_Jan2023	TRUE	ASCProject_0045_SALIVA	RP-1447_ASCProject_0045_SALIVA_v3_Exome_OnPrem	TRUE	RP-1447_ASCProject_0045_T1_v1_RNA_OnPrem	TRUE	TRUE	
ASCProject_0046		ASCProject_0046_SALIVA		Normal	RP-1447_ASCProject_0046_SALIVA_v1_Exome_OnPrem					FALSE			FALSE	
ASCProject_0047		ASCProject_0047_BLOOD_BC		Normal	RP-1447_ASCProject_0047_BLOOD_BC_v1_Exome_OnPrem					FALSE			FALSE	
ASCProject_0047	PQ8J3C	ASCProject_0047_T1	ASCProject_PQ8J3C_T1	Tumor	RP-1447_ASCProject_0047_T1_v2_Exome_OnPrem	RP-1447_ASCProject_0047_Normal_Tumor_Jan2023	TRUE	ASCProject_0047_BLOOD_BC	RP-1447_ASCProject_0047_BLOOD_BC_v1_Exome_OnPrem	FALSE	RP-1447_ASCProject_0047_T1_v1_RNA_OnPrem	TRUE	TRUE	
ASCProject_0049		ASCProject_0049_SALIVA		Normal	RP-1447_ASCProject_0049_SALIVA_v3_Exome_OnPrem					FALSE			FALSE	
ASCProject_0049	PEZEJX	ASCProject_0049_T2	ASCProject_PEZEJX_T2	Tumor	RP-1447_ASCProject_0049_T2_v3_Exome_OnPrem	RP-1447_ASCProject_0049_Normal_Tumor_Jan2023	FALSE	ASCProject_0049_SALIVA	RP-1447_ASCProject_0049_SALIVA_v3_Exome_OnPrem	FALSE	RP-1447_ASCProject_0049_T2_v1_RNA_OnPrem	TRUE	TRUE	
ASCProject_0051		ASCProject_0051_SALIVA		Normal	RP-1447_ASCProject_0051_SALIVA_v1_Exome_OnPrem					FALSE			FALSE	
ASCProject_0052		ASCProject_0052_SALIVA		Normal	RP-1447_ASCProject_0052_SALIVA_v1_Exome_OnPrem					FALSE			FALSE	
ASCProject_0052	PKAFMF	ASCProject_0052_T1	ASCProject_PKAFMF_T1	Tumor	RP-1447_ASCProject_0052_T1_v1_Exome_OnPrem	RP-1447_ASCProject_0052_Normal_Tumor_Jan2023	TRUE	ASCProject_0052_SALIVA	RP-1447_ASCProject_0052_SALIVA_v1_Exome_OnPrem	TRUE	RP-1447_ASCProject_0052_T1_v1_RNA_OnPrem	FALSE	TRUE	
ASCProject_0055	PFYXPH	ASCProject_0055_BLOOD	ASCProject_PFYXPH_BLOOD	Tumor	RP-1447_ASCProject_0055_BLOOD_v1_Exome_OnPrem	RP-1447_ASCProject_0055_Feb2023_Pair_18	TRUE	ASCProject_0055_BLOOD_Normal	RP-1447_ASCProject_0055_BLOOD_Normal_v1_Exome_OnPrem	TRUE			FALSE	
ASCProject_0055		ASCProject_0055_BLOOD_Normal		Normal	RP-1447_ASCProject_0055_BLOOD_Normal_v1_Exome_OnPrem					FALSE			FALSE	
ASCProject_0055		ASCProject_0055_SALIVA		Normal	RP-1447_ASCProject_0055_SALIVA_v3_Exome_OnPrem					FALSE			FALSE	
ASCProject_0055	PFYXPH	ASCProject_0055_T1	ASCProject_PFYXPH_T1	Tumor	RP-1447_ASCProject_0055_T1_v2_Exome_OnPrem	RP-1447_ASCProject_0055_Feb2023_Pair_19	TRUE	ASCProject_0055_BLOOD_Normal	RP-1447_ASCProject_0055_BLOOD_Normal_v1_Exome_OnPrem	TRUE	G136942_ASCProject_0055_T1_v1_RNA_OnPrem	FALSE	TRUE	
ASCProject_0055	PFYXPH	ASCProject_0055_T2	ASCProject_PFYXPH_T2	Tumor	RP-1447_ASCProject_0055_T2_v2_Exome_OnPrem	RP-1447_ASCProject_0055_Normal_Tumor_Jan2023	TRUE	ASCProject_0055_BLOOD_Normal	RP-1447_ASCProject_0055_BLOOD_Normal_v1_Exome_OnPrem	TRUE	RP-1447_ASCProject_0055_T2_v1_RNA_OnPrem	TRUE	TRUE	
ASCProject_0056		ASCProject_0056_SALIVA		Normal	RP-1447_ASCProject_0056_SALIVA_v1_Exome_OnPrem					FALSE			FALSE	
ASCProject_0057		ASCProject_0057_SALIVA		Normal	RP-1447_ASCProject_0057_SALIVA_v1_Exome_OnPrem					FALSE			FALSE	
ASCProject_0058		ASCProject_0058_SALIVA		Normal	RP-1447_ASCProject_0058_SALIVA_v1_Exome_OnPrem					FALSE			FALSE	
ASCProject_0059		ASCProject_0059_SALIVA		Normal	RP-1447_ASCProject_0059_SALIVA_v2_Exome_OnPrem					FALSE			FALSE	
ASCProject_0059	PPUPN6	ASCProject_0059_T1	ASCProject_PPUPN6_T1	Tumor	RP-1447_ASCProject_0059_T1_v1_Exome_OnPrem	RP-1447_ASCProject_0059_Normal_Tumor_Jan2023	TRUE	ASCProject_0059_SALIVA	RP-1447_ASCProject_0059_SALIVA_v2_Exome_OnPrem	TRUE	G141042_ASCProject_0059_T1_v1_RNA_OnPrem	TRUE	TRUE	
ASCProject_0060		ASCProject_0060_SALIVA		Normal	RP-1447_ASCProject_0060_SALIVA_v1_Exome_OnPrem					FALSE			FALSE	
ASCProject_0061		ASCProject_0061_SALIVA		Normal	RP-1447_ASCProject_0061_SALIVA_v1_Exome_OnPrem					FALSE			FALSE	
ASCProject_0061	PA9B8Q	ASCProject_0061_T1	ASCProject_PA9B8Q_T1	Tumor						FALSE	RP-1447_ASCProject_0061_T1_v1_RNA_OnPrem	TRUE	TRUE	
ASCProject_0063		ASCProject_0063_SALIVA		Normal	RP-1447_ASCProject_0063_SALIVA_v1_Exome_OnPrem					FALSE			FALSE	
ASCProject_0063	PXBCCZ	ASCProject_0063_T1	ASCProject_PXBCCZ_T1	Tumor						FALSE	RP-1447_ASCProject_0063_T1_v1_RNA_OnPrem	TRUE	TRUE	
ASCProject_0063	PXBCCZ	ASCProject_0063_T2	ASCProject_PXBCCZ_T2	Tumor	RP-1447_ASCProject_0063_T2_v1_Exome_OnPrem	RP-1447_ASCProject_0063_Feb2023_Pair_23	TRUE	ASCProject_0063_SALIVA	RP-1447_ASCProject_0063_SALIVA_v1_Exome_OnPrem	TRUE			FALSE	
ASCProject_0063	PXBCCZ	ASCProject_0063_T3	ASCProject_PXBCCZ_T3	Tumor	RP-1447_ASCProject_0063_T3_v1_Exome_OnPrem	RP-1447_ASCProject_0063_Normal_Tumor_Jan2023	TRUE	ASCProject_0063_SALIVA	RP-1447_ASCProject_0063_SALIVA_v1_Exome_OnPrem	TRUE	RP-1447_ASCProject_0063_T3_v1_RNA_OnPrem	TRUE	TRUE	
ASCProject_0064		ASCProject_0064_SALIVA		Normal	RP-1447_ASCProject_0064_SALIVA_v2_Exome_OnPrem					FALSE			FALSE	
ASCProject_0064	PNAH8R	ASCProject_0064_T1	ASCProject_PNAH8R_T1	Tumor	RP-1447_ASCProject_0064_T1_v1_Exome_OnPrem	RP-1447_ASCProject_0064_Feb2023_Pair_24	FALSE	ASCProject_0064_SALIVA	RP-1447_ASCProject_0064_SALIVA_v2_Exome_OnPrem	FALSE			FALSE	
ASCProject_0064	PNAH8R	ASCProject_0064_T2	ASCProject_PNAH8R_T2	Tumor	RP-1447_ASCProject_0064_T2_v3_Exome_OnPrem	RP-1447_ASCProject_0064_Normal_Tumor_Jan2023	TRUE	ASCProject_0064_SALIVA	RP-1447_ASCProject_0064_SALIVA_v2_Exome_OnPrem	TRUE	RP-1447_ASCProject_0064_T2_v1_RNA_OnPrem	TRUE	TRUE	
ASCProject_0065		ASCProject_0065_SALIVA		Normal	RP-1447_ASCProject_0065_SALIVA_v1_Exome_OnPrem					FALSE			FALSE	
ASCProject_0065	P3P6KZ	ASCProject_0065_T1A	ASCProject_P3P6KZ_T1A	Tumor						FALSE	RP-1447_ASCProject_0065_T1A_v1_RNA_OnPrem	FALSE	TRUE	
ASCProject_0065	P3P6KZ	ASCProject_0065_T1B	ASCProject_P3P6KZ_T1B	Tumor						FALSE	RP-1447_ASCProject_0065_T1B_v1_RNA_OnPrem	FALSE	TRUE	
ASCProject_0066		ASCProject_0066_SALIVA		Normal	RP-1447_ASCProject_0066_SALIVA_v2_Exome_OnPrem					FALSE			FALSE	
ASCProject_0066	PYUKJX	ASCProject_0066_T1	ASCProject_PYUKJX_T1	Tumor	RP-1447_ASCProject_0066_T1_v1_Exome_OnPrem	RP-1447_ASCProject_0066_Normal_Tumor_Jan2023	TRUE	ASCProject_0066_SALIVA	RP-1447_ASCProject_0066_SALIVA_v2_Exome_OnPrem	TRUE	G141042_ASCProject_0066_T1_v1_RNA_OnPrem	TRUE	TRUE	
ASCProject_0067		ASCProject_0067_SALIVA		Normal	RP-1447_ASCProject_0067_SALIVA_v1_Exome_OnPrem					FALSE			FALSE	
ASCProject_0067	PNRUB6	ASCProject_0067_T1	ASCProject_PNRUB6_T1	Tumor	RP-1447_ASCProject_0067_T1_v2_Exome_OnPrem	RP-1447_ASCProject_0067_Normal_Tumor_Jan2023	TRUE	ASCProject_0067_SALIVA	RP-1447_ASCProject_0067_SALIVA_v1_Exome_OnPrem	TRUE	G136942_ASCProject_0067_T1_v1_RNA_OnPrem	TRUE	TRUE	
ASCProject_0068		ASCProject_0068_SALIVA		Normal	RP-1447_ASCProject_0068_SALIVA_v3_Exome_OnPrem					FALSE			FALSE	
ASCProject_0068	P62TT4	ASCProject_0068_T1	ASCProject_P62TT4_T1	Tumor	RP-1447_ASCProject_0068_T1_v3_Exome_OnPrem	RP-1447_ASCProject_0068_Normal_Tumor_Jan2023	TRUE	ASCProject_0068_SALIVA	RP-1447_ASCProject_0068_SALIVA_v3_Exome_OnPrem	FALSE	RP-1447_ASCProject_0068_T1_v1_RNA_OnPrem	TRUE	TRUE	
ASCProject_0069		ASCProject_0069_SALIVA		Normal	RP-1447_ASCProject_0069_SALIVA_v1_Exome_OnPrem					FALSE			FALSE	
ASCProject_0073		ASCProject_0073_SALIVA		Normal	RP-1447_ASCProject_0073_SALIVA_v3_Exome_OnPrem					FALSE			FALSE	
ASCProject_0073	PBXCBW	ASCProject_0073_T1	ASCProject_PBXCBW_T1	Tumor	RP-1447_ASCProject_0073_T1_v3_Exome_OnPrem	RP-1447_ASCProject_0073_Normal_Tumor_Jan2023	TRUE	ASCProject_0073_SALIVA	RP-1447_ASCProject_0073_SALIVA_v3_Exome_OnPrem	TRUE			FALSE	
ASCProject_0074		ASCProject_0074_SALIVA_2		Normal	RP-1447_ASCProject_0074_SALIVA_2_v1_Exome_OnPrem					FALSE			FALSE	
ASCProject_0076		ASCProject_0076_SALIVA		Normal	RP-1447_ASCProject_0076_SALIVA_v3_Exome_OnPrem					FALSE			FALSE	
ASCProject_0076	PVHY2N	ASCProject_0076_T1	ASCProject_PVHY2N_T1	Tumor	RP-1447_ASCProject_0076_T1_v3_Exome_OnPrem	RP-1447_ASCProject_0076_Normal_Tumor_Jan2023	TRUE	ASCProject_0076_SALIVA	RP-1447_ASCProject_0076_SALIVA_v3_Exome_OnPrem	TRUE	RP-1447_ASCProject_0076_T1_v1_RNA_OnPrem	TRUE	TRUE	
ASCProject_0078		ASCProject_0078_SALIVA		Normal	RP-1447_ASCProject_0078_SALIVA_v1_Exome_OnPrem					FALSE			FALSE	
ASCProject_0078	PVEA77	ASCProject_0078_T6	ASCProject_PVEA77_T6	Tumor						FALSE	RP-1447_ASCProject_0078_T6_v1_RNA_OnPrem	FALSE	TRUE	
ASCProject_0078	PVEA77	ASCProject_0078_T8	ASCProject_PVEA77_T8	Tumor						FALSE	RP-1447_ASCProject_0078_T8_v1_RNA_OnPrem	FALSE	TRUE	
ASCProject_0080		ASCProject_0080_SALIVA		Normal	RP-1447_ASCProject_0080_SALIVA_v1_Exome_OnPrem					FALSE			FALSE	
ASCProject_0081		ASCProject_0081_SALIVA		Normal	RP-1447_ASCProject_0081_SALIVA_v1_Exome_OnPrem					FALSE			FALSE	
ASCProject_0082		ASCProject_0082_SALIVA		Normal	RP-1447_ASCProject_0082_SALIVA_v2_Exome_OnPrem					FALSE			FALSE	
ASCProject_0082	PXLJBB	ASCProject_0082_T1	ASCProject_PXLJBB_T1	Tumor	RP-1447_ASCProject_0082_T1_v2_Exome_OnPrem	RP-1447_ASCProject_0082_Normal_Tumor_Jan2023	TRUE	ASCProject_0082_SALIVA	RP-1447_ASCProject_0082_SALIVA_v2_Exome_OnPrem	TRUE	RP-1447_ASCProject_0082_T1_v1_RNA_OnPrem	TRUE	TRUE	
ASCProject_0084		ASCProject_0084_SALIVA		Normal	RP-1447_ASCProject_0084_SALIVA_v1_Exome_OnPrem					FALSE			FALSE	
ASCProject_0084	PZCY79	ASCProject_0084_T1	ASCProject_PZCY79_T1	Tumor	RP-1447_ASCProject_0084_T1_v1_Exome_OnPrem	RP-1447_ASCProject_0084_Normal_Tumor_Jan2023	TRUE	ASCProject_0084_SALIVA	RP-1447_ASCProject_0084_SALIVA_v1_Exome_OnPrem	FALSE	G141042_ASCProject_0084_T1_v1_RNA_OnPrem	TRUE	TRUE	
ASCProject_0086		ASCProject_0086_SALIVA		Normal	RP-1447_ASCProject_0086_SALIVA_v1_Exome_OnPrem					FALSE			FALSE	
ASCProject_0088	PHH637	ASCProject_0088_BLOOD_2_P	ASCProject_PHH637_BLOOD_2_P	Tumor	RP-1447_ASCProject_0088_BLOOD_2_P_v1_Exome_OnPrem	RP-1447_ASCProject_0088_Feb2023_Pair_25	TRUE	ASCProject_0088_SALIVA	RP-1447_ASCProject_0088_SALIVA_v1_Exome_OnPrem	TRUE			FALSE	
ASCProject_0088		ASCProject_0088_SALIVA		Normal	RP-1447_ASCProject_0088_SALIVA_v1_Exome_OnPrem					FALSE			FALSE	
ASCProject_0088	PHH637	ASCProject_0088_T3	ASCProject_PHH637_T3	Tumor	RP-1447_ASCProject_0088_T3_v2_Exome_OnPrem	RP-1447_ASCProject_0088_Normal_Tumor_Jan2023	TRUE	ASCProject_0088_SALIVA	RP-1447_ASCProject_0088_SALIVA_v1_Exome_OnPrem	TRUE	RP-1447_ASCProject_0088_T3_v1_RNA_OnPrem	TRUE	TRUE	
ASCProject_0089		ASCProject_0089_SALIVA		Normal	RP-1447_ASCProject_0089_SALIVA_v2_Exome_OnPrem					FALSE			FALSE	
ASCProject_0089	P8UK7Z	ASCProject_0089_T1	ASCProject_P8UK7Z_T1	Tumor	RP-1447_ASCProject_0089_T1_v3_Exome_OnPrem	RP-1447_ASCProject_0089_Normal_Tumor_Jan2023	TRUE	ASCProject_0089_SALIVA	RP-1447_ASCProject_0089_SALIVA_v2_Exome_OnPrem	TRUE	RP-1447_ASCProject_0089_T1_v1_RNA_OnPrem	TRUE	TRUE	
ASCProject_0090		ASCProject_0090_SALIVA		Normal	RP-1447_ASCProject_0090_SALIVA_v1_Exome_OnPrem					FALSE			FALSE	
ASCProject_0091		ASCProject_0091_SALIVA		Normal	RP-1447_ASCProject_0091_SALIVA_v1_Exome_OnPrem					FALSE			FALSE	
ASCProject_0092		ASCProject_0092_SALIVA		Normal	RP-1447_ASCProject_0092_SALIVA_v1_Exome_OnPrem					FALSE			FALSE	
ASCProject_0092	PZPH6Z	ASCProject_0092_T1	ASCProject_PZPH6Z_T1	Tumor						FALSE	RP-1447_ASCProject_0092_T1_v1_RNA_OnPrem	FALSE	TRUE	
ASCProject_0093		ASCProject_0093_SALIVA		Normal	RP-1447_ASCProject_0093_SALIVA_v1_Exome_OnPrem					FALSE			FALSE	
ASCProject_0094		ASCProject_0094_NORMAL		Normal	RP-1447_ASCProject_0094_NORMAL_v2_Exome_OnPrem					FALSE			FALSE	
ASCProject_0094	PD4KK7	ASCProject_0094_T1	ASCProject_PD4KK7_T1	Tumor	RP-1447_ASCProject_0094_T1_v2_Exome_OnPrem	RP-1447_ASCProject_0094_Feb2023_Pair_26	TRUE	ASCProject_0094_NORMAL	RP-1447_ASCProject_0094_NORMAL_v2_Exome_OnPrem	TRUE			FALSE	
ASCProject_0094	PD4KK7	ASCProject_0094_T2	ASCProject_PD4KK7_T2	Tumor	RP-1447_ASCProject_0094_T2_v2_Exome_OnPrem	RP-1447_ASCProject_0094_Normal_Tumor_Jan2023	TRUE	ASCProject_0094_NORMAL	RP-1447_ASCProject_0094_NORMAL_v2_Exome_OnPrem	TRUE			FALSE	
ASCProject_0095		ASCProject_0095_BLOOD_BC		Normal	RP-1447_ASCProject_0095_BLOOD_BC_v1_Exome_OnPrem					FALSE			FALSE	
ASCProject_0096		ASCProject_0096_BLOOD_BC		Normal	RP-1447_ASCProject_0096_BLOOD_BC_v1_Exome_OnPrem					FALSE			FALSE	
ASCProject_0097		ASCProject_0097_BLOOD_Normal		Normal	RP-1447_ASCProject_0097_BLOOD_Normal_v1_Exome_OnPrem					FALSE			FALSE	
ASCProject_0097		ASCProject_0097_SALIVA_2		Normal	RP-1447_ASCProject_0097_SALIVA_2_v3_Exome_OnPrem					FALSE			FALSE	
ASCProject_0097	PEUKQZ	ASCProject_0097_T2	ASCProject_PEUKQZ_T2	Tumor	RP-1447_ASCProject_0097_T2_v2_Exome_OnPrem	RP-1447_ASCProject_0097_Feb2023_Pair_27;RP-1447_ASCProject_0097_Feb2023_Pair_29	FALSE;FALSE	ASCProject_0097_BLOOD_Normal;ASCProject_0097_SALIVA_2	RP-1447_ASCProject_0097_BLOOD_Normal_v1_Exome_OnPrem;RP-1447_ASCProject_0097_SALIVA_2_v3_Exome_OnPrem	FALSE	RP-1447_ASCProject_0097_T2_v1_RNA_OnPrem	FALSE	TRUE	Multiple matched normals and none passed QC; all are listed
ASCProject_0097	PEUKQZ	ASCProject_0097_T3	ASCProject_PEUKQZ_T3	Tumor	RP-1447_ASCProject_0097_T3_v2_Exome_OnPrem	RP-1447_ASCProject_0097_Feb2023_Pair_28;RP-1447_ASCProject_0097_Feb2023_Pair_30	FALSE;FALSE	ASCProject_0097_BLOOD_Normal;ASCProject_0097_SALIVA_2	RP-1447_ASCProject_0097_BLOOD_Normal_v1_Exome_OnPrem;RP-1447_ASCProject_0097_SALIVA_2_v3_Exome_OnPrem	FALSE	RP-1447_ASCProject_0097_T3_v1_RNA_OnPrem	TRUE	TRUE	Multiple matched normals and none passed QC; all are listed
ASCProject_0097	PEUKQZ	ASCProject_0097_T4	ASCProject_PEUKQZ_T4	Tumor	RP-1447_ASCProject_0097_T4_v2_Exome_OnPrem	RP-1447_ASCProject_0097_Feb2023_Pair_31;RP-1447_ASCProject_0097_Normal_Tumor_Jan2023	FALSE;FALSE	ASCProject_0097_SALIVA_2;ASCProject_0097_BLOOD_Normal	RP-1447_ASCProject_0097_SALIVA_2_v3_Exome_OnPrem;RP-1447_ASCProject_0097_BLOOD_Normal_v1_Exome_OnPrem	FALSE	RP-1447_ASCProject_0097_T4_v1_RNA_OnPrem	TRUE	TRUE	Multiple matched normals and none passed QC; all are listed
ASCProject_0098		ASCProject_0098_SALIVA		Normal	RP-1447_ASCProject_0098_SALIVA_v1_Exome_OnPrem					FALSE			FALSE	
ASCProject_0098	PPEVAZ	ASCProject_0098_T1	ASCProject_PPEVAZ_T1	Tumor	RP-1447_ASCProject_0098_T1_v2_Exome_OnPrem	RP-1447_ASCProject_0098_Normal_Tumor_Jan2023	TRUE	ASCProject_0098_SALIVA	RP-1447_ASCProject_0098_SALIVA_v1_Exome_OnPrem	TRUE	G136942_ASCProject_0098_T1_v1_RNA_OnPrem	TRUE	TRUE	
ASCProject_0099		ASCProject_0099_SALIVA		Normal	RP-1447_ASCProject_0099_SALIVA_v1_Exome_OnPrem					FALSE			FALSE	
ASCProject_0099	PXGQNL	ASCProject_0099_T1A	ASCProject_PXGQNL_T1A	Tumor						FALSE	RP-1447_ASCProject_0099_T1A_v1_RNA_OnPrem	TRUE	TRUE	
ASCProject_0100		ASCProject_0100_SALIVA		Normal	RP-1447_ASCProject_0100_SALIVA_v1_Exome_OnPrem					FALSE			FALSE	
ASCProject_0101		ASCProject_0101_SALIVA		Normal	RP-1447_ASCProject_0101_SALIVA_v2_Exome_OnPrem					FALSE			FALSE	
ASCProject_0101	P3VEWK	ASCProject_0101_T1	ASCProject_P3VEWK_T1	Tumor	RP-1447_ASCProject_0101_T1_v1_Exome_OnPrem	RP-1447_ASCProject_0101_Feb2023_Pair_32	TRUE	ASCProject_0101_SALIVA	RP-1447_ASCProject_0101_SALIVA_v2_Exome_OnPrem	TRUE	RP-1447_ASCProject_0101_T1_v1_RNA_OnPrem	FALSE	TRUE	
ASCProject_0101	P3VEWK	ASCProject_0101_T2	ASCProject_P3VEWK_T2	Tumor	RP-1447_ASCProject_0101_T2_v2_Exome_OnPrem	RP-1447_ASCProject_0101_Normal_Tumor_Jan2023	TRUE	ASCProject_0101_SALIVA	RP-1447_ASCProject_0101_SALIVA_v2_Exome_OnPrem	FALSE			FALSE	
ASCProject_0102		ASCProject_0102_SALIVA		Normal	RP-1447_ASCProject_0102_SALIVA_v1_Exome_OnPrem					FALSE			FALSE	
ASCProject_0102	P2TRUP	ASCProject_0102_T1	ASCProject_P2TRUP_T1	Tumor	RP-1447_ASCProject_0102_T1_v1_Exome_OnPrem	RP-1447_ASCProject_0102_Feb2023_Pair_33	TRUE	ASCProject_0102_SALIVA	RP-1447_ASCProject_0102_SALIVA_v1_Exome_OnPrem	TRUE	RP-1447_ASCProject_0102_T1_v1_RNA_OnPrem	TRUE	TRUE	
ASCProject_0102	P2TRUP	ASCProject_0102_T2	ASCProject_P2TRUP_T2	Tumor	RP-1447_ASCProject_0102_T2_v1_Exome_OnPrem	RP-1447_ASCProject_0102_Normal_Tumor_Jan2023	TRUE	ASCProject_0102_SALIVA	RP-1447_ASCProject_0102_SALIVA_v1_Exome_OnPrem	TRUE	RP-1447_ASCProject_0102_T2_v2_RNA_OnPrem	TRUE	TRUE	
ASCProject_0103		ASCProject_0103_SALIVA		Normal	RP-1447_ASCProject_0103_SALIVA_v1_Exome_OnPrem					FALSE			FALSE	
ASCProject_0105		ASCProject_0105_SALIVA		Normal	RP-1447_ASCProject_0105_SALIVA_v1_Exome_OnPrem					FALSE			FALSE	
ASCProject_0105	P7TDR9	ASCProject_0105_T1	ASCProject_P7TDR9_T1	Tumor						FALSE	RP-1447_ASCProject_0105_T1_v1_RNA_OnPrem	TRUE	TRUE	
ASCProject_0108		ASCProject_0108_SALIVA		Normal	RP-1447_ASCProject_0108_SALIVA_v1_Exome_OnPrem					FALSE			FALSE	
ASCProject_0109		ASCProject_0109_SALIVA		Normal	RP-1447_ASCProject_0109_SALIVA_v1_Exome_OnPrem					FALSE			FALSE	
ASCProject_0109	PD8N6L	ASCProject_0109_T2	ASCProject_PD8N6L_T2	Tumor						FALSE	RP-1447_ASCProject_0109_T2_v1_RNA_OnPrem	TRUE	TRUE	
ASCProject_0113		ASCProject_0113_SALIVA		Normal	RP-1447_ASCProject_0113_SALIVA_v2_Exome_OnPrem					FALSE			FALSE	
ASCProject_0113	PF7PTC	ASCProject_0113_T1	ASCProject_PF7PTC_T1	Tumor	RP-1447_ASCProject_0113_T1_v1_Exome_OnPrem	RP-1447_ASCProject_0113_Normal_Tumor_Jan2023	TRUE	ASCProject_0113_SALIVA	RP-1447_ASCProject_0113_SALIVA_v2_Exome_OnPrem	TRUE	G141042_ASCProject_0113_T1_v1_RNA_OnPrem	TRUE	TRUE	
ASCProject_0116		ASCProject_0116_SALIVA		Normal	RP-1447_ASCProject_0116_SALIVA_v1_Exome_OnPrem					FALSE			FALSE	
ASCProject_0117		ASCProject_0117_SALIVA		Normal	RP-1447_ASCProject_0117_SALIVA_v1_Exome_OnPrem					FALSE			FALSE	
ASCProject_0117	PRW8WL	ASCProject_0117_T1	ASCProject_PRW8WL_T1	Tumor						FALSE	RP-1447_ASCProject_0117_T1_v1_RNA_OnPrem	TRUE	TRUE	
ASCProject_0118		ASCProject_0118_SALIVA		Normal	RP-1447_ASCProject_0118_SALIVA_v1_Exome_OnPrem					FALSE			FALSE	
ASCProject_0118	PFVV9F	ASCProject_0118_T1	ASCProject_PFVV9F_T1	Tumor						FALSE	RP-1447_ASCProject_0118_T1_v1_RNA_OnPrem	TRUE	TRUE	
ASCProject_0118	PFVV9F	ASCProject_0118_T2	ASCProject_PFVV9F_T2	Tumor						FALSE	G141042_ASCProject_0118_T2_v1_RNA_OnPrem	TRUE	TRUE	
ASCProject_0119		ASCProject_0119_SALIVA		Normal	RP-1447_ASCProject_0119_SALIVA_v1_Exome_OnPrem					FALSE			FALSE	
ASCProject_0120		ASCProject_0120_SALIVA		Normal	RP-1447_ASCProject_0120_SALIVA_v1_Exome_OnPrem					FALSE			FALSE	
ASCProject_0121		ASCProject_0121_SALIVA		Normal	RP-1447_ASCProject_0121_SALIVA_v2_Exome_OnPrem					FALSE			FALSE	
ASCProject_0121	PB2L2C	ASCProject_0121_T2A	ASCProject_PB2L2C_T2A	Tumor	RP-1447_ASCProject_0121_T2A_v4_Exome_OnPrem	RP-1447_ASCProject_0121_Normal_Tumor_Jan2023	TRUE	ASCProject_0121_SALIVA	RP-1447_ASCProject_0121_SALIVA_v2_Exome_OnPrem	TRUE	RP-1447_ASCProject_0121_T2A_v1_RNA_OnPrem	TRUE	TRUE	
ASCProject_0123		ASCProject_0123_SALIVA		Normal	RP-1447_ASCProject_0123_SALIVA_v1_Exome_OnPrem					FALSE			FALSE	
ASCProject_0131		ASCProject_0131_SALIVA		Normal	RP-1447_ASCProject_0131_SALIVA_v1_Exome_OnPrem					FALSE			FALSE	
ASCProject_0132		ASCProject_0132_SALIVA		Normal	RP-1447_ASCProject_0132_SALIVA_v1_Exome_OnPrem					FALSE			FALSE	
ASCProject_0134		ASCProject_0134_SALIVA		Normal	RP-1447_ASCProject_0134_SALIVA_v1_Exome_OnPrem					FALSE			FALSE	
ASCProject_0134	PEYD2T	ASCProject_0134_T1	ASCProject_PEYD2T_T1	Tumor	RP-1447_ASCProject_0134_T1_v1_Exome_OnPrem	RP-1447_ASCProject_0134_Feb2023_Pair_34	FALSE	ASCProject_0134_SALIVA	RP-1447_ASCProject_0134_SALIVA_v1_Exome_OnPrem	FALSE	RP-1447_ASCProject_0134_T1_v1_RNA_OnPrem	TRUE	TRUE	
ASCProject_0134	PEYD2T	ASCProject_0134_T2	ASCProject_PEYD2T_T2	Tumor	RP-1447_ASCProject_0134_T2_v2_Exome_OnPrem	RP-1447_ASCProject_0134_Normal_Tumor_Jan2023	TRUE	ASCProject_0134_SALIVA	RP-1447_ASCProject_0134_SALIVA_v1_Exome_OnPrem	TRUE	G136942_ASCProject_0134_T2_v1_RNA_OnPrem	TRUE	TRUE	
ASCProject_0135		ASCProject_0135_SALIVA		Normal	RP-1447_ASCProject_0135_SALIVA_v1_Exome_OnPrem					FALSE			FALSE	
ASCProject_0135	PBMM28	ASCProject_0135_T2	ASCProject_PBMM28_T2	Tumor	RP-1447_ASCProject_0135_T2_v3_Exome_OnPrem	RP-1447_ASCProject_0135_Normal_Tumor_Jan2023	TRUE	ASCProject_0135_SALIVA	RP-1447_ASCProject_0135_SALIVA_v1_Exome_OnPrem	TRUE	RP-1447_ASCProject_0135_T2_v1_RNA_OnPrem	FALSE	TRUE	
ASCProject_0136		ASCProject_0136_SALIVA		Normal	RP-1447_ASCProject_0136_SALIVA_v1_Exome_OnPrem					FALSE			FALSE	
ASCProject_0145	PMVHBY	ASCProject_0145_BLOOD	ASCProject_PMVHBY_BLOOD	Tumor	RP-1447_ASCProject_0145_BLOOD_v1_Exome_OnPrem	RP-1447_ASCProject_0145_Feb2023_Pair_35	TRUE	ASCProject_0145_BLOOD_Normal	RP-1447_ASCProject_0145_BLOOD_Normal_v2_Exome_OnPrem	TRUE			FALSE	
ASCProject_0145		ASCProject_0145_BLOOD_Normal		Normal	RP-1447_ASCProject_0145_BLOOD_Normal_v2_Exome_OnPrem					FALSE			FALSE	
ASCProject_0145		ASCProject_0145_SALIVA		Normal	RP-1447_ASCProject_0145_SALIVA_v4_Exome_OnPrem					FALSE			FALSE	
ASCProject_0145	PMVHBY	ASCProject_0145_T2	ASCProject_PMVHBY_T2	Tumor	RP-1447_ASCProject_0145_T2_v2_Exome_OnPrem	RP-1447_ASCProject_0145_Normal_Tumor_Jan2023	TRUE	ASCProject_0145_BLOOD_Normal	RP-1447_ASCProject_0145_BLOOD_Normal_v2_Exome_OnPrem	TRUE	RP-1447_ASCProject_0145_T2_v1_RNA_OnPrem	TRUE	TRUE	
ASCProject_0146		ASCProject_0146_SALIVA		Normal	RP-1447_ASCProject_0146_SALIVA_v2_Exome_OnPrem					FALSE			FALSE	
ASCProject_0146	P9GHC4	ASCProject_0146_T1	ASCProject_P9GHC4_T1	Tumor	RP-1447_ASCProject_0146_T1_v1_Exome_OnPrem	RP-1447_ASCProject_0146_Normal_Tumor_Jan2023	FALSE	ASCProject_0146_SALIVA	RP-1447_ASCProject_0146_SALIVA_v2_Exome_OnPrem	FALSE	G141042_ASCProject_0146_T1_v1_RNA_OnPrem	TRUE	TRUE	
ASCProject_0146	P9GHC4	ASCProject_0146_T1A	ASCProject_P9GHC4_T1A	Tumor	RP-1447_ASCProject_0146_T1A_v1_Exome_OnPrem	RP-1447_ASCProject_0146_Feb2023_Pair_38	FALSE	ASCProject_0146_SALIVA	RP-1447_ASCProject_0146_SALIVA_v2_Exome_OnPrem	FALSE	RP-1447_ASCProject_0146_T1A_v1_RNA_OnPrem	TRUE	TRUE	
ASCProject_0148		ASCProject_0148_SALIVA_2		Normal	RP-1447_ASCProject_0148_SALIVA_2_v1_Exome_OnPrem					FALSE			FALSE	
ASCProject_0148	PDQURJ	ASCProject_0148_T0	ASCProject_PDQURJ_T0	Tumor						FALSE	RP-1447_ASCProject_0148_T0_v1_RNA_OnPrem	TRUE	TRUE	
ASCProject_0153		ASCProject_0153_SALIVA		Normal	RP-1447_ASCProject_0153_SALIVA_v1_Exome_OnPrem					FALSE			FALSE	
ASCProject_0153	P9N384	ASCProject_0153_T2	ASCProject_P9N384_T2	Tumor	RP-1447_ASCProject_0153_T2_v3_Exome_OnPrem	RP-1447_ASCProject_0153_Normal_Tumor_Jan2023	TRUE	ASCProject_0153_SALIVA	RP-1447_ASCProject_0153_SALIVA_v1_Exome_OnPrem	TRUE	RP-1447_ASCProject_0153_T2_v1_RNA_OnPrem	TRUE	TRUE	
ASCProject_0157		ASCProject_0157_SALIVA		Normal	RP-1447_ASCProject_0157_SALIVA_v1_Exome_OnPrem					FALSE			FALSE	
ASCProject_0157	PARJAK	ASCProject_0157_T1	ASCProject_PARJAK_T1	Tumor						FALSE	RP-1447_ASCProject_0157_T1_v1_RNA_OnPrem	FALSE	TRUE	
ASCProject_0158		ASCProject_0158_SALIVA		Normal	RP-1447_ASCProject_0158_SALIVA_v1_Exome_OnPrem					FALSE			FALSE	
ASCProject_0158	PU2K4Q	ASCProject_0158_T1B	ASCProject_PU2K4Q_T1B	Tumor						FALSE	RP-1447_ASCProject_0158_T1B_v1_RNA_OnPrem	FALSE	TRUE	
ASCProject_0159		ASCProject_0159_SALIVA		Normal	RP-1447_ASCProject_0159_SALIVA_v2_Exome_OnPrem					FALSE			FALSE	
ASCProject_0159	P2PMTJ	ASCProject_0159_T1	ASCProject_P2PMTJ_T1	Tumor	RP-1447_ASCProject_0159_T1_v4_Exome_OnPrem	RP-1447_ASCProject_0159_Normal_Tumor_Jan2023	TRUE	ASCProject_0159_SALIVA	RP-1447_ASCProject_0159_SALIVA_v2_Exome_OnPrem	TRUE			FALSE	
ASCProject_0164		ASCProject_0164_SALIVA		Normal	RP-1447_ASCProject_0164_SALIVA_v1_Exome_OnPrem					FALSE			FALSE	
ASCProject_0164	PCZKYD	ASCProject_0164_T0_Whitelisted	ASCProject_PCZKYD_T0_Whitelisted	Tumor						FALSE	RP-1447_ASCProject_0164_T0_Whitelisted_v1_RNA_OnPrem	TRUE	TRUE	
ASCProject_0164	PCZKYD	ASCProject_0164_T1	ASCProject_PCZKYD_T1	Tumor	RP-1447_ASCProject_0164_T1_v1_Exome_OnPrem	RP-1447_ASCProject_0164_Normal_Tumor_Jan2023	TRUE	ASCProject_0164_SALIVA	RP-1447_ASCProject_0164_SALIVA_v1_Exome_OnPrem	TRUE	G141042_ASCProject_0164_T1_v1_RNA_OnPrem	TRUE	TRUE	
ASCProject_0165		ASCProject_0165_BLOOD_BC		Normal	RP-1447_ASCProject_0165_BLOOD_BC_v1_Exome_OnPrem					FALSE			FALSE	
ASCProject_0165	PEENDG	ASCProject_0165_T2	ASCProject_PEENDG_T2	Tumor	RP-1447_ASCProject_0165_T2_v3_Exome_OnPrem	RP-1447_ASCProject_0165_Normal_Tumor_Jan2023	TRUE	ASCProject_0165_BLOOD_BC	RP-1447_ASCProject_0165_BLOOD_BC_v1_Exome_OnPrem	TRUE	RP-1447_ASCProject_0165_T2_v1_RNA_OnPrem	TRUE	TRUE	
ASCProject_0166		ASCProject_0166_SALIVA_2		Normal	RP-1447_ASCProject_0166_SALIVA_2_v1_Exome_OnPrem					FALSE			FALSE	
ASCProject_0166	PDQ92X	ASCProject_0166_T1	ASCProject_PDQ92X_T1	Tumor	RP-1447_ASCProject_0166_T1_v2_Exome_OnPrem	RP-1447_ASCProject_0166_Normal_Tumor_Jan2023	TRUE	ASCProject_0166_SALIVA_2	RP-1447_ASCProject_0166_SALIVA_2_v1_Exome_OnPrem	FALSE	RP-1447_ASCProject_0166_T1_v1_RNA_OnPrem	TRUE	TRUE	
ASCProject_0167		ASCProject_0167_SALIVA		Normal	RP-1447_ASCProject_0167_SALIVA_v2_Exome_OnPrem					FALSE			FALSE	
ASCProject_0167	P3AMZF	ASCProject_0167_T1	ASCProject_P3AMZF_T1	Tumor	RP-1447_ASCProject_0167_T1_v2_Exome_OnPrem	RP-1447_ASCProject_0167_Feb2023_Pair_39	FALSE	ASCProject_0167_SALIVA	RP-1447_ASCProject_0167_SALIVA_v2_Exome_OnPrem	FALSE	G141042_ASCProject_0167_T1_v1_RNA_OnPrem	TRUE	TRUE	
ASCProject_0167	P3AMZF	ASCProject_0167_T2	ASCProject_P3AMZF_T2	Tumor	RP-1447_ASCProject_0167_T2_v2_Exome_OnPrem	RP-1447_ASCProject_0167_Feb2023_Pair_40	FALSE	ASCProject_0167_SALIVA	RP-1447_ASCProject_0167_SALIVA_v2_Exome_OnPrem	FALSE	G141042_ASCProject_0167_T2_v1_RNA_OnPrem	TRUE	TRUE	
ASCProject_0167	P3AMZF	ASCProject_0167_T3	ASCProject_P3AMZF_T3	Tumor	RP-1447_ASCProject_0167_T3_v1_Exome_OnPrem	RP-1447_ASCProject_0167_Normal_Tumor_Jan2023	TRUE	ASCProject_0167_SALIVA	RP-1447_ASCProject_0167_SALIVA_v2_Exome_OnPrem	TRUE	G141042_ASCProject_0167_T3_v1_RNA_OnPrem	TRUE	TRUE	
ASCProject_0168		ASCProject_0168_SALIVA		Normal	RP-1447_ASCProject_0168_SALIVA_v1_Exome_OnPrem					FALSE			FALSE	
ASCProject_0170		ASCProject_0170_SALIVA		Normal	RP-1447_ASCProject_0170_SALIVA_v1_Exome_OnPrem					FALSE			FALSE	
ASCProject_0170	PVFAQQ	ASCProject_0170_T1	ASCProject_PVFAQQ_T1	Tumor	RP-1447_ASCProject_0170_T1_v4_Exome_OnPrem	RP-1447_ASCProject_0170_Normal_Tumor_Jan2023	FALSE	ASCProject_0170_SALIVA	RP-1447_ASCProject_0170_SALIVA_v1_Exome_OnPrem	FALSE	RP-1447_ASCProject_0170_T1_v1_RNA_OnPrem	TRUE	TRUE	
ASCProject_0170	PVFAQQ	ASCProject_0170_T2	ASCProject_PVFAQQ_T2	Tumor						FALSE	RP-1447_ASCProject_0170_T2_v1_RNA_OnPrem	TRUE	TRUE	
ASCProject_0172		ASCProject_0172_SALIVA		Normal	RP-1447_ASCProject_0172_SALIVA_v1_Exome_OnPrem					FALSE			FALSE	
ASCProject_0172	PBBWV6	ASCProject_0172_T1	ASCProject_PBBWV6_T1	Tumor	RP-1447_ASCProject_0172_T1_v3_Exome_OnPrem	RP-1447_ASCProject_0172_Normal_Tumor_Jan2023	TRUE	ASCProject_0172_SALIVA	RP-1447_ASCProject_0172_SALIVA_v1_Exome_OnPrem	TRUE	RP-1447_ASCProject_0172_T1_v1_RNA_OnPrem	TRUE	TRUE	
ASCProject_0173		ASCProject_0173_SALIVA		Normal	RP-1447_ASCProject_0173_SALIVA_v1_Exome_OnPrem					FALSE			FALSE	
ASCProject_0173	P376RW	ASCProject_0173_T1	ASCProject_P376RW_T1	Tumor	RP-1447_ASCProject_0173_T1_v1_Exome_OnPrem	RP-1447_ASCProject_0173_Normal_Tumor_Jan2023	FALSE	ASCProject_0173_SALIVA	RP-1447_ASCProject_0173_SALIVA_v1_Exome_OnPrem	FALSE	RP-1447_ASCProject_0173_T1_v1_RNA_OnPrem	TRUE	TRUE	
ASCProject_0175		ASCProject_0175_SALIVA		Normal	RP-1447_ASCProject_0175_SALIVA_v1_Exome_OnPrem					FALSE			FALSE	
ASCProject_0175	PQJ4ZC	ASCProject_0175_T1	ASCProject_PQJ4ZC_T1	Tumor	RP-1447_ASCProject_0175_T1_v1_Exome_OnPrem	RP-1447_ASCProject_0175_Normal_Tumor_Jan2023	FALSE	ASCProject_0175_SALIVA	RP-1447_ASCProject_0175_SALIVA_v1_Exome_OnPrem	FALSE	RP-1447_ASCProject_0175_T1_v1_RNA_OnPrem	FALSE	TRUE	
ASCProject_0176		ASCProject_0176_SALIVA		Normal	RP-1447_ASCProject_0176_SALIVA_v1_Exome_OnPrem					FALSE			FALSE	
ASCProject_0177		ASCProject_0177_SALIVA		Normal	RP-1447_ASCProject_0177_SALIVA_v1_Exome_OnPrem					FALSE			FALSE	
ASCProject_0179		ASCProject_0179_SALIVA		Normal	RP-1447_ASCProject_0179_SALIVA_v2_Exome_OnPrem					FALSE			FALSE	
ASCProject_0179	PGRY6A	ASCProject_0179_T1	ASCProject_PGRY6A_T1	Tumor	RP-1447_ASCProject_0179_T1_v1_Exome_OnPrem	RP-1447_ASCProject_0179_Normal_Tumor_Jan2023	FALSE	ASCProject_0179_SALIVA	RP-1447_ASCProject_0179_SALIVA_v2_Exome_OnPrem	FALSE	G141042_ASCProject_0179_T1_v1_RNA_OnPrem	TRUE	TRUE	
ASCProject_0179	PGRY6A	ASCProject_0179_T1A	ASCProject_PGRY6A_T1A	Tumor						FALSE	RP-1447_ASCProject_0179_T1A_v1_RNA_OnPrem	TRUE	TRUE	
ASCProject_0180		ASCProject_0180_SALIVA		Normal	RP-1447_ASCProject_0180_SALIVA_v1_Exome_OnPrem					FALSE			FALSE	
ASCProject_0182		ASCProject_0182_SALIVA		Normal	RP-1447_ASCProject_0182_SALIVA_v1_Exome_OnPrem					FALSE			FALSE	
ASCProject_0182	PFECWL	ASCProject_0182_T1	ASCProject_PFECWL_T1	Tumor	RP-1447_ASCProject_0182_T1_v3_Exome_OnPrem	RP-1447_ASCProject_0182_Normal_Tumor_Jan2023	TRUE	ASCProject_0182_SALIVA	RP-1447_ASCProject_0182_SALIVA_v1_Exome_OnPrem	TRUE	RP-1447_ASCProject_0182_T1_v1_RNA_OnPrem	TRUE	TRUE	
ASCProject_0184	P4TTRZ	ASCProject_0184_T1	ASCProject_P4TTRZ_T1	Tumor	RP-1447_ASCProject_0184_T1_v1_Exome_OnPrem					FALSE	G141042_ASCProject_0184_T1_v1_RNA_OnPrem	FALSE	TRUE	
ASCProject_0184	P4TTRZ	ASCProject_0184_T1B	ASCProject_P4TTRZ_T1B	Tumor						FALSE	RP-1447_ASCProject_0184_T1B_v1_RNA_OnPrem	TRUE	TRUE	
ASCProject_0187		ASCProject_0187_SALIVA		Normal	RP-1447_ASCProject_0187_SALIVA_v1_Exome_OnPrem					FALSE			FALSE	
ASCProject_0189		ASCProject_0189_SALIVA		Normal	RP-1447_ASCProject_0189_SALIVA_v1_Exome_OnPrem					FALSE			FALSE	
ASCProject_0193		ASCProject_0193_SALIVA		Normal	RP-1447_ASCProject_0193_SALIVA_v1_Exome_OnPrem					FALSE			FALSE	
ASCProject_0194		ASCProject_0194_SALIVA		Normal	RP-1447_ASCProject_0194_SALIVA_v3_Exome_OnPrem					FALSE			FALSE	
ASCProject_0194	PMJ2YA	ASCProject_0194_T1	ASCProject_PMJ2YA_T1	Tumor	RP-1447_ASCProject_0194_T1_v3_Exome_OnPrem	RP-1447_ASCProject_0194_Normal_Tumor_Jan2023	TRUE	ASCProject_0194_SALIVA	RP-1447_ASCProject_0194_SALIVA_v3_Exome_OnPrem	TRUE			FALSE	Terra barcode has a typo (double underscore): RP-1447_ASCProject_0194__T1_v3_Exome_OnPrem
ASCProject_0194	PMJ2YA	ASCProject_0194_T2	ASCProject_PMJ2YA_T2	Tumor	RP-1447_ASCProject_0194_T2_v3_Exome_OnPrem	RP-1447_ASCProject_0194_Feb2023_Pair_41	TRUE	ASCProject_0194_SALIVA	RP-1447_ASCProject_0194_SALIVA_v3_Exome_OnPrem	TRUE			FALSE	
ASCProject_0196		ASCProject_0196_SALIVA		Normal	RP-1447_ASCProject_0196_SALIVA_v1_Exome_OnPrem					FALSE			FALSE	
ASCProject_0197		ASCProject_0197_SALIVA		Normal	RP-1447_ASCProject_0197_SALIVA_v2_Exome_OnPrem					FALSE			FALSE	
ASCProject_0197	PGR6XA	ASCProject_0197_T1A	ASCProject_PGR6XA_T1A	Tumor	RP-1447_ASCProject_0197_T1A_v4_Exome_OnPrem	RP-1447_ASCProject_0197_Feb2023_Pair_42	TRUE	ASCProject_0197_SALIVA	RP-1447_ASCProject_0197_SALIVA_v2_Exome_OnPrem	TRUE	RP-1447_ASCProject_0197_T1A_v1_RNA_OnPrem	TRUE	TRUE	
ASCProject_0197	PGR6XA	ASCProject_0197_T1B	ASCProject_PGR6XA_T1B	Tumor	RP-1447_ASCProject_0197_T1B_v4_Exome_OnPrem	RP-1447_ASCProject_0197_Normal_Tumor_Jan2023	TRUE	ASCProject_0197_SALIVA	RP-1447_ASCProject_0197_SALIVA_v2_Exome_OnPrem	TRUE	RP-1447_ASCProject_0197_T1B_v1_RNA_OnPrem	TRUE	TRUE	
ASCProject_0201		ASCProject_0201_SALIVA		Normal	RP-1447_ASCProject_0201_SALIVA_v1_Exome_OnPrem					FALSE			FALSE	
ASCProject_0201	P49A6K	ASCProject_0201_T1	ASCProject_P49A6K_T1	Tumor	RP-1447_ASCProject_0201_T1_v1_Exome_OnPrem	RP-1447_ASCProject_0201_Feb2023_Pair_43	FALSE	ASCProject_0201_SALIVA	RP-1447_ASCProject_0201_SALIVA_v1_Exome_OnPrem	FALSE	RP-1447_ASCProject_0201_T1_v1_RNA_OnPrem	TRUE	TRUE	
ASCProject_0201	P49A6K	ASCProject_0201_T2	ASCProject_P49A6K_T2	Tumor	RP-1447_ASCProject_0201_T2_v1_Exome_OnPrem	RP-1447_ASCProject_0201_Normal_Tumor_Jan2023	FALSE	ASCProject_0201_SALIVA	RP-1447_ASCProject_0201_SALIVA_v1_Exome_OnPrem	FALSE	RP-1447_ASCProject_0201_T2_v1_RNA_OnPrem	TRUE	TRUE	
ASCProject_0202		ASCProject_0202_SALIVA		Normal	RP-1447_ASCProject_0202_SALIVA_v3_Exome_OnPrem					FALSE			FALSE	
ASCProject_0202	PEZ7ZR	ASCProject_0202_T1	ASCProject_PEZ7ZR_T1	Tumor	RP-1447_ASCProject_0202_T1_v3_Exome_OnPrem	RP-1447_ASCProject_0202_Normal_Tumor_Jan2023	TRUE	ASCProject_0202_SALIVA	RP-1447_ASCProject_0202_SALIVA_v3_Exome_OnPrem	TRUE	RP-1447_ASCProject_0202_T1_v1_RNA_OnPrem	TRUE	TRUE	
ASCProject_0205		ASCProject_0205_SALIVA		Normal	RP-1447_ASCProject_0205_SALIVA_v1_Exome_OnPrem					FALSE			FALSE	
ASCProject_0205	P8ADGQ	ASCProject_0205_T1	ASCProject_P8ADGQ_T1	Tumor						FALSE	RP-1447_ASCProject_0205_T1_v1_RNA_OnPrem	FALSE	TRUE	
ASCProject_0207	P78Y47	ASCProject_0207_T1	ASCProject_P78Y47_T1	Tumor	RP-1447_ASCProject_0207_T1_v4_Exome_OnPrem					FALSE	RP-1447_ASCProject_0207_T1_v1_RNA_OnPrem	FALSE	TRUE	
ASCProject_0207	P78Y47	ASCProject_0207_T2	ASCProject_P78Y47_T2	Tumor	RP-1447_ASCProject_0207_T2_v4_Exome_OnPrem					FALSE	RP-1447_ASCProject_0207_T2_v1_RNA_OnPrem	FALSE	TRUE	
ASCProject_0208		ASCProject_0208_SALIVA		Normal	RP-1447_ASCProject_0208_SALIVA_v1_Exome_OnPrem					FALSE			FALSE	
ASCProject_0212		ASCProject_0212_SALIVA		Normal	RP-1447_ASCProject_0212_SALIVA_v2_Exome_OnPrem					FALSE			FALSE	
ASCProject_0212	PWWWTB	ASCProject_0212_T1	ASCProject_PWWWTB_T1	Tumor	RP-1447_ASCProject_0212_T1_v3_Exome_OnPrem	RP-1447_ASCProject_0212_Normal_Tumor_Jan2023	TRUE	ASCProject_0212_SALIVA	RP-1447_ASCProject_0212_SALIVA_v2_Exome_OnPrem	TRUE	RP-1447_ASCProject_0212_T1_v1_RNA_OnPrem	TRUE	TRUE	
ASCProject_0214		ASCProject_0214_SALIVA		Normal	RP-1447_ASCProject_0214_SALIVA_v1_Exome_OnPrem					FALSE			FALSE	
ASCProject_0216		ASCProject_0216_SALIVA		Normal	RP-1447_ASCProject_0216_SALIVA_v1_Exome_OnPrem					FALSE			FALSE	
ASCProject_0217		ASCProject_0217_SALIVA		Normal	RP-1447_ASCProject_0217_SALIVA_v1_Exome_OnPrem					FALSE			FALSE	
ASCProject_0218		ASCProject_0218_SALIVA		Normal	RP-1447_ASCProject_0218_SALIVA_v1_Exome_OnPrem					FALSE			FALSE	
ASCProject_0218	P32UZE	ASCProject_0218_T1	ASCProject_P32UZE_T1	Tumor						FALSE	RP-1447_ASCProject_0218_T1_v1_RNA_OnPrem	TRUE	TRUE	
ASCProject_0219		ASCProject_0219_SALIVA		Normal	RP-1447_ASCProject_0219_SALIVA_v2_Exome_OnPrem					FALSE			FALSE	
ASCProject_0219	PM3Z76	ASCProject_0219_T1	ASCProject_PM3Z76_T1	Tumor	RP-1447_ASCProject_0219_T1_v2_Exome_OnPrem	RP-1447_ASCProject_0219_Feb2023_Pair_44	TRUE	ASCProject_0219_SALIVA	RP-1447_ASCProject_0219_SALIVA_v2_Exome_OnPrem	TRUE	RP-1447_ASCProject_0219_T1_v1_RNA_OnPrem	TRUE	TRUE	
ASCProject_0219	PM3Z76	ASCProject_0219_T3	ASCProject_PM3Z76_T3	Tumor	RP-1447_ASCProject_0219_T3_v2_Exome_OnPrem	RP-1447_ASCProject_0219_Normal_Tumor_Jan2023	TRUE	ASCProject_0219_SALIVA	RP-1447_ASCProject_0219_SALIVA_v2_Exome_OnPrem	TRUE	RP-1447_ASCProject_0219_T3_v1_RNA_OnPrem	TRUE	TRUE	
ASCProject_0220		ASCProject_0220_SALIVA		Normal	RP-1447_ASCProject_0220_SALIVA_v1_Exome_OnPrem					FALSE			FALSE	
ASCProject_0220	PNN3PN	ASCProject_0220_T1	ASCProject_PNN3PN_T1	Tumor	RP-1447_ASCProject_0220_T1_v1_Exome_OnPrem	RP-1447_ASCProject_0220_Feb2023_Pair_45	TRUE	ASCProject_0220_SALIVA	RP-1447_ASCProject_0220_SALIVA_v1_Exome_OnPrem	TRUE			FALSE	
ASCProject_0220	PNN3PN	ASCProject_0220_T3	ASCProject_PNN3PN_T3	Tumor	RP-1447_ASCProject_0220_T3_v1_Exome_OnPrem	RP-1447_ASCProject_0220_Normal_Tumor_Jan2023	TRUE	ASCProject_0220_SALIVA	RP-1447_ASCProject_0220_SALIVA_v1_Exome_OnPrem	TRUE	RP-1447_ASCProject_0220_T3_v1_RNA_OnPrem	TRUE	TRUE	
ASCProject_0221		ASCProject_0221_SALIVA		Normal	RP-1447_ASCProject_0221_SALIVA_v3_Exome_OnPrem					FALSE			FALSE	
ASCProject_0221	PBMCTJ	ASCProject_0221_T1	ASCProject_PBMCTJ_T1	Tumor	RP-1447_ASCProject_0221_T1_v3_Exome_OnPrem	RP-1447_ASCProject_0221_Feb2023_Pair_46	TRUE	ASCProject_0221_SALIVA	RP-1447_ASCProject_0221_SALIVA_v3_Exome_OnPrem	TRUE	RP-1447_ASCProject_0221_T1_v2_RNA_OnPrem	TRUE	TRUE	
ASCProject_0221	PBMCTJ	ASCProject_0221_T2	ASCProject_PBMCTJ_T2	Tumor	RP-1447_ASCProject_0221_T2_v3_Exome_OnPrem	RP-1447_ASCProject_0221_Normal_Tumor_Jan2023	TRUE	ASCProject_0221_SALIVA	RP-1447_ASCProject_0221_SALIVA_v3_Exome_OnPrem	TRUE	RP-1447_ASCProject_0221_T2_v1_RNA_OnPrem	TRUE	TRUE	
ASCProject_0222		ASCProject_0222_SALIVA		Normal	RP-1447_ASCProject_0222_SALIVA_v3_Exome_OnPrem					FALSE			FALSE	
ASCProject_0222	PBFXN9	ASCProject_0222_T2	ASCProject_PBFXN9_T2	Tumor	RP-1447_ASCProject_0222_T2_v3_Exome_OnPrem	RP-1447_ASCProject_0222_Normal_Tumor_Jan2023	FALSE	ASCProject_0222_SALIVA	RP-1447_ASCProject_0222_SALIVA_v3_Exome_OnPrem	FALSE	RP-1447_ASCProject_0222_T2_v1_RNA_OnPrem	TRUE	TRUE	
ASCProject_0223		ASCProject_0223_SALIVA		Normal	RP-1447_ASCProject_0223_SALIVA_v1_Exome_OnPrem					FALSE			FALSE	
ASCProject_0225		ASCProject_0225_SALIVA		Normal	RP-1447_ASCProject_0225_SALIVA_v1_Exome_OnPrem					FALSE			FALSE	
ASCProject_0226		ASCProject_0226_SALIVA		Normal	RP-1447_ASCProject_0226_SALIVA_v1_Exome_OnPrem					FALSE			FALSE	
ASCProject_0226	PWPVGV	ASCProject_0226_T1C	ASCProject_PWPVGV_T1C	Tumor						FALSE	RP-1447_ASCProject_0226_T1C_v1_RNA_OnPrem	FALSE	TRUE	
ASCProject_0235		ASCProject_0235_BLOOD_BC		Normal	RP-1447_ASCProject_0235_BLOOD_BC_v1_Exome_OnPrem					FALSE			FALSE	
ASCProject_0237		ASCProject_0237_SALIVA		Normal	RP-1447_ASCProject_0237_SALIVA_v1_Exome_OnPrem					FALSE			FALSE	
ASCProject_0241		ASCProject_0241_SALIVA		Normal	RP-1447_ASCProject_0241_SALIVA_v1_Exome_OnPrem					FALSE			FALSE	
ASCProject_0243		ASCProject_0243_SALIVA		Normal	RP-1447_ASCProject_0243_SALIVA_v1_Exome_OnPrem					FALSE			FALSE	
ASCProject_0247		ASCProject_0247_SALIVA		Normal	RP-1447_ASCProject_0247_SALIVA_v1_Exome_OnPrem					FALSE			FALSE	
ASCProject_0247	P962GX	ASCProject_0247_T1	ASCProject_P962GX_T1	Tumor	RP-1447_ASCProject_0247_T1_v1_Exome_OnPrem	RP-1447_ASCProject_0247_Normal_Tumor_Jan2023	FALSE	ASCProject_0247_SALIVA	RP-1447_ASCProject_0247_SALIVA_v1_Exome_OnPrem	FALSE	RP-1447_ASCProject_0247_T1_v1_RNA_OnPrem	TRUE	TRUE	
ASCProject_0247	P962GX	ASCProject_0247_T2	ASCProject_P962GX_T2	Tumor						FALSE	RP-1447_ASCProject_0247_T2_v1_RNA_OnPrem	TRUE	TRUE	
ASCProject_0252		ASCProject_0252_SALIVA		Normal	RP-1447_ASCProject_0252_SALIVA_v1_Exome_OnPrem					FALSE			FALSE	
ASCProject_0257		ASCProject_0257_SALIVA		Normal	RP-1447_ASCProject_0257_SALIVA_v1_Exome_OnPrem					FALSE			FALSE	
ASCProject_0258		ASCProject_0258_SALIVA		Normal	RP-1447_ASCProject_0258_SALIVA_v1_Exome_OnPrem					FALSE			FALSE	
ASCProject_0258	PQAQU4	ASCProject_0258_T1	ASCProject_PQAQU4_T1	Tumor	RP-1447_ASCProject_0258_T1_v1_Exome_OnPrem	RP-1447_ASCProject_0258_Normal_Tumor_Jan2023	TRUE	ASCProject_0258_SALIVA	RP-1447_ASCProject_0258_SALIVA_v1_Exome_OnPrem	TRUE			FALSE	
ASCProject_0259		ASCProject_0259_SALIVA		Normal	RP-1447_ASCProject_0259_SALIVA_v1_Exome_OnPrem					FALSE			FALSE	
ASCProject_0261		ASCProject_0261_SALIVA		Normal	RP-1447_ASCProject_0261_SALIVA_v2_Exome_OnPrem					FALSE			FALSE	
ASCProject_0261	PDRL9K	ASCProject_0261_T1	ASCProject_PDRL9K_T1	Tumor	RP-1447_ASCProject_0261_T1_v1_Exome_OnPrem	RP-1447_ASCProject_0261_Normal_Tumor_Jan2023	TRUE	ASCProject_0261_SALIVA	RP-1447_ASCProject_0261_SALIVA_v2_Exome_OnPrem	TRUE			FALSE	
ASCProject_0264		ASCProject_0264_BLOOD_BC		Normal	RP-1447_ASCProject_0264_BLOOD_BC_v1_Exome_OnPrem					FALSE			FALSE	
ASCProject_0264	PUWB3Y	ASCProject_0264_T1A	ASCProject_PUWB3Y_T1A	Tumor						FALSE	RP-1447_ASCProject_0264_T1A_v1_RNA_OnPrem	TRUE	TRUE	
ASCProject_0264	PUWB3Y	ASCProject_0264_T1B	ASCProject_PUWB3Y_T1B	Tumor						FALSE	RP-1447_ASCProject_0264_T1B_v1_RNA_OnPrem	TRUE	TRUE	
ASCProject_0266		ASCProject_0266_SALIVA		Normal	RP-1447_ASCProject_0266_SALIVA_v1_Exome_OnPrem					FALSE			FALSE	
ASCProject_0267		ASCProject_0267_SALIVA		Normal	RP-1447_ASCProject_0267_SALIVA_v1_Exome_OnPrem					FALSE			FALSE	
ASCProject_0268		ASCProject_0268_SALIVA		Normal	RP-1447_ASCProject_0268_SALIVA_v1_Exome_OnPrem					FALSE			FALSE	
ASCProject_0268	PMYW6F	ASCProject_0268_T1B	ASCProject_PMYW6F_T1B	Tumor						FALSE	RP-1447_ASCProject_0268_T1B_v1_RNA_OnPrem	TRUE	TRUE	
ASCProject_0270		ASCProject_0270_BLOOD_BC		Normal	RP-1447_ASCProject_0270_BLOOD_BC_v1_Exome_OnPrem					FALSE			FALSE	
ASCProject_0275		ASCProject_0275_SALIVA		Normal	RP-1447_ASCProject_0275_SALIVA_v1_Exome_OnPrem					FALSE			FALSE	
ASCProject_0275	PKWB2B	ASCProject_0275_T1	ASCProject_PKWB2B_T1	Tumor						FALSE	RP-1447_ASCProject_0275_T1_v1_RNA_OnPrem	TRUE	TRUE	
ASCProject_0277		ASCProject_0277_SALIVA		Normal	RP-1447_ASCProject_0277_SALIVA_v3_Exome_OnPrem					FALSE			FALSE	
ASCProject_0277	PCEDFV	ASCProject_0277_T1	ASCProject_PCEDFV_T1	Tumor	RP-1447_ASCProject_0277_T1_v3_Exome_OnPrem	RP-1447_ASCProject_0277_Feb2023_Pair_47	FALSE	ASCProject_0277_SALIVA	RP-1447_ASCProject_0277_SALIVA_v3_Exome_OnPrem	FALSE	RP-1447_ASCProject_0277_T1_v1_RNA_OnPrem	TRUE	TRUE	
ASCProject_0277	PCEDFV	ASCProject_0277_T2	ASCProject_PCEDFV_T2	Tumor	RP-1447_ASCProject_0277_T2_v2_Exome_OnPrem	RP-1447_ASCProject_0277_Normal_Tumor_Jan2023	TRUE	ASCProject_0277_SALIVA	RP-1447_ASCProject_0277_SALIVA_v3_Exome_OnPrem	TRUE	RP-1447_ASCProject_0277_T2_v2_RNA_OnPrem	TRUE	TRUE	
ASCProject_0278		ASCProject_0278_SALIVA		Normal	RP-1447_ASCProject_0278_SALIVA_v1_Exome_OnPrem					FALSE			FALSE	
ASCProject_0285		ASCProject_0285_SALIVA		Normal	RP-1447_ASCProject_0285_SALIVA_v1_Exome_OnPrem					FALSE			FALSE	
ASCProject_0288		ASCProject_0288_SALIVA		Normal	RP-1447_ASCProject_0288_SALIVA_v1_Exome_OnPrem					FALSE			FALSE	
ASCProject_0289		ASCProject_0289_SALIVA		Normal	RP-1447_ASCProject_0289_SALIVA_v3_Exome_OnPrem					FALSE			FALSE	
ASCProject_0289	P48WUU	ASCProject_0289_T1	ASCProject_P48WUU_T1	Tumor	RP-1447_ASCProject_0289_T1_v3_Exome_OnPrem	RP-1447_ASCProject_0289_Feb2023_Pair_48	FALSE	ASCProject_0289_SALIVA	RP-1447_ASCProject_0289_SALIVA_v3_Exome_OnPrem	FALSE	RP-1447_ASCProject_0289_T1_v1_RNA_OnPrem	TRUE	TRUE	
ASCProject_0289	P48WUU	ASCProject_0289_T2	ASCProject_P48WUU_T2	Tumor	RP-1447_ASCProject_0289_T2_v3_Exome_OnPrem	RP-1447_ASCProject_0289_Feb2023_Pair_49	FALSE	ASCProject_0289_SALIVA	RP-1447_ASCProject_0289_SALIVA_v3_Exome_OnPrem	FALSE	RP-1447_ASCProject_0289_T2_v1_RNA_OnPrem	TRUE	TRUE	
ASCProject_0289	P48WUU	ASCProject_0289_T3	ASCProject_P48WUU_T3	Tumor	RP-1447_ASCProject_0289_T3_v3_Exome_OnPrem	RP-1447_ASCProject_0289_Normal_Tumor_Jan2023	TRUE	ASCProject_0289_SALIVA	RP-1447_ASCProject_0289_SALIVA_v3_Exome_OnPrem	TRUE	RP-1447_ASCProject_0289_T3_v1_RNA_OnPrem	TRUE	TRUE	
ASCProject_0290		ASCProject_0290_SALIVA		Normal	RP-1447_ASCProject_0290_SALIVA_v2_Exome_OnPrem					FALSE			FALSE	
ASCProject_0290	PPGPFJ	ASCProject_0290_T1	ASCProject_PPGPFJ_T1	Tumor	RP-1447_ASCProject_0290_T1_v4_Exome_OnPrem	RP-1447_ASCProject_0290_Normal_Tumor_Jan2023	TRUE	ASCProject_0290_SALIVA	RP-1447_ASCProject_0290_SALIVA_v2_Exome_OnPrem	TRUE			FALSE	
ASCProject_0293		ASCProject_0293_BLOOD_BC		Normal	RP-1447_ASCProject_0293_BLOOD_BC_v1_Exome_OnPrem					FALSE			FALSE	
ASCProject_0293	PNML4F	ASCProject_0293_BLOOD_P	ASCProject_PNML4F_BLOOD_P	Tumor	RP-1447_ASCProject_0293_BLOOD_P_v1_Exome_OnPrem	RP-1447_ASCProject_0293_Normal_Tumor_Jan2023	TRUE	ASCProject_0293_BLOOD_BC	RP-1447_ASCProject_0293_BLOOD_BC_v1_Exome_OnPrem	TRUE			FALSE	
ASCProject_0294		ASCProject_0294_BLOOD_BC		Normal	RP-1447_ASCProject_0294_BLOOD_BC_v1_Exome_OnPrem					FALSE			FALSE	
ASCProject_0294	PMP4R2	ASCProject_0294_BLOOD_P	ASCProject_PMP4R2_BLOOD_P	Tumor	RP-1447_ASCProject_0294_BLOOD_P_v1_Exome_OnPrem	RP-1447_ASCProject_0294_Normal_Tumor_Jan2023	TRUE	ASCProject_0294_BLOOD_BC	RP-1447_ASCProject_0294_BLOOD_BC_v1_Exome_OnPrem	FALSE			FALSE	
ASCProject_0299		ASCProject_0299_SALIVA		Normal	RP-1447_ASCProject_0299_SALIVA_v1_Exome_OnPrem					FALSE			FALSE	
ASCProject_0300		ASCProject_0300_BLOOD_BC		Normal	RP-1447_ASCProject_0300_BLOOD_BC_v1_Exome_OnPrem					FALSE			FALSE	
ASCProject_0303		ASCProject_0303_SALIVA		Normal	RP-1447_ASCProject_0303_SALIVA_v1_Exome_OnPrem					FALSE			FALSE	
ASCProject_0304		ASCProject_0304_SALIVA		Normal	RP-1447_ASCProject_0304_SALIVA_v1_Exome_OnPrem					FALSE			FALSE	
ASCProject_0305		ASCProject_0305_SALIVA		Normal	RP-1447_ASCProject_0305_SALIVA_v1_Exome_OnPrem					FALSE			FALSE	
ASCProject_0306		ASCProject_0306_SALIVA		Normal	RP-1447_ASCProject_0306_SALIVA_v1_Exome_OnPrem					FALSE			FALSE	
ASCProject_0309		ASCProject_0309_BLOOD_BC		Normal	RP-1447_ASCProject_0309_BLOOD_BC_v2_Exome_OnPrem					FALSE			FALSE	
ASCProject_0309	PN9U4J	ASCProject_0309_BLOOD_P	ASCProject_PN9U4J_BLOOD_P	Tumor	RP-1447_ASCProject_0309_BLOOD_P_v2_Exome_OnPrem	RP-1447_ASCProject_0309_Normal_Tumor_Jan2023	FALSE	ASCProject_0309_BLOOD_BC	RP-1447_ASCProject_0309_BLOOD_BC_v2_Exome_OnPrem	FALSE			FALSE	
ASCProject_0310		ASCProject_0310_SALIVA		Normal	RP-1447_ASCProject_0310_SALIVA_v1_Exome_OnPrem					FALSE			FALSE	
ASCProject_0321		ASCProject_0321_BLOOD_BC		Normal	RP-1447_ASCProject_0321_BLOOD_BC_v1_Exome_OnPrem					FALSE			FALSE	
ASCProject_0321	P6X93C	ASCProject_0321_BLOOD_P	ASCProject_P6X93C_BLOOD_P	Tumor	RP-1447_ASCProject_0321_BLOOD_P_v1_Exome_OnPrem	RP-1447_ASCProject_0321_Normal_Tumor_Jan2023	TRUE	ASCProject_0321_BLOOD_BC	RP-1447_ASCProject_0321_BLOOD_BC_v1_Exome_OnPrem	TRUE			FALSE	
ASCProject_0322		ASCProject_0322_SALIVA		Normal	RP-1447_ASCProject_0322_SALIVA_v1_Exome_OnPrem					FALSE			FALSE	
ASCProject_0325		ASCProject_0325_SALIVA		Normal	RP-1447_ASCProject_0325_SALIVA_v2_Exome_OnPrem					FALSE			FALSE	
ASCProject_0325	PL37HA	ASCProject_0325_T1	ASCProject_PL37HA_T1	Tumor	RP-1447_ASCProject_0325_T1_v4_Exome_OnPrem	RP-1447_ASCProject_0325_Normal_Tumor_Jan2023	TRUE	ASCProject_0325_SALIVA	RP-1447_ASCProject_0325_SALIVA_v2_Exome_OnPrem	TRUE	RP-1447_ASCProject_0325_T1_v1_RNA_OnPrem	TRUE	TRUE	
ASCProject_0332		ASCProject_0332_SALIVA		Normal	RP-1447_ASCProject_0332_SALIVA_v1_Exome_OnPrem					FALSE			FALSE	
ASCProject_0332	PD3A7Q	ASCProject_0332_T2	ASCProject_PD3A7Q_T2	Tumor						FALSE	RP-1447_ASCProject_0332_T2_v1_RNA_OnPrem	FALSE	TRUE	
ASCProject_0335		ASCProject_0335_BLOOD_BC		Normal	RP-1447_ASCProject_0335_BLOOD_BC_v1_Exome_OnPrem					FALSE			FALSE	
ASCProject_0335	PLXJQ9	ASCProject_0335_BLOOD_P	ASCProject_PLXJQ9_BLOOD_P	Tumor	RP-1447_ASCProject_0335_BLOOD_P_v1_Exome_OnPrem	RP-1447_ASCProject_0335_Normal_Tumor_Jan2023	TRUE	ASCProject_0335_BLOOD_BC	RP-1447_ASCProject_0335_BLOOD_BC_v1_Exome_OnPrem	TRUE			FALSE	
ASCProject_0340		ASCProject_0340_SALIVA		Normal	RP-1447_ASCProject_0340_SALIVA_v2_Exome_OnPrem					FALSE			FALSE	
ASCProject_0340	PTZTLP	ASCProject_0340_T1	ASCProject_PTZTLP_T1	Tumor	RP-1447_ASCProject_0340_T1_v2_Exome_OnPrem	RP-1447_ASCProject_0340_Normal_Tumor_Jan2023	TRUE	ASCProject_0340_SALIVA	RP-1447_ASCProject_0340_SALIVA_v2_Exome_OnPrem	TRUE			FALSE	
ASCProject_0341		ASCProject_0341_SALIVA		Normal	RP-1447_ASCProject_0341_SALIVA_v1_Exome_OnPrem					FALSE			FALSE	
ASCProject_0341	PPXHP3	ASCProject_0341_T1	ASCProject_PPXHP3_T1	Tumor						FALSE	RP-1447_ASCProject_0341_T1_v1_RNA_OnPrem	TRUE	TRUE	
ASCProject_0342		ASCProject_0342_SALIVA		Normal	RP-1447_ASCProject_0342_SALIVA_v1_Exome_OnPrem					FALSE			FALSE	
ASCProject_0342	PNKJ4A	ASCProject_0342_T1	ASCProject_PNKJ4A_T1	Tumor	RP-1447_ASCProject_0342_T1_v1_Exome_OnPrem	RP-1447_ASCProject_0342_Normal_Tumor_Jan2023	TRUE	ASCProject_0342_SALIVA	RP-1447_ASCProject_0342_SALIVA_v1_Exome_OnPrem	TRUE	RP-1447_ASCProject_0342_T1_v1_RNA_OnPrem	TRUE	TRUE	
ASCProject_0343		ASCProject_0343_BLOOD_BC		Normal	RP-1447_ASCProject_0343_BLOOD_BC_v1_Exome_OnPrem					FALSE			FALSE	
ASCProject_0343	PLQ8NR	ASCProject_0343_BLOOD_P	ASCProject_PLQ8NR_BLOOD_P	Tumor	RP-1447_ASCProject_0343_BLOOD_P_v1_Exome_OnPrem	RP-1447_ASCProject_0343_Normal_Tumor_Jan2023	TRUE	ASCProject_0343_BLOOD_BC	RP-1447_ASCProject_0343_BLOOD_BC_v1_Exome_OnPrem	TRUE			FALSE	
ASCProject_0345		ASCProject_0345_SALIVA		Normal	RP-1447_ASCProject_0345_SALIVA_v1_Exome_OnPrem					FALSE			FALSE	
ASCProject_0351		ASCProject_0351_BLOOD_BC		Normal	RP-1447_ASCProject_0351_BLOOD_BC_v1_Exome_OnPrem					FALSE			FALSE	
ASCProject_0351	PXCNFJ	ASCProject_0351_BLOOD_P	ASCProject_PXCNFJ_BLOOD_P	Tumor	RP-1447_ASCProject_0351_BLOOD_P_v1_Exome_OnPrem	RP-1447_ASCProject_0351_Normal_Tumor_Jan2023	TRUE	ASCProject_0351_BLOOD_BC	RP-1447_ASCProject_0351_BLOOD_BC_v1_Exome_OnPrem	TRUE			FALSE	
ASCProject_0353		ASCProject_0353_BLOOD_BC		Normal	RP-1447_ASCProject_0353_BLOOD_BC_v1_Exome_OnPrem					FALSE			FALSE	
ASCProject_0353	PRJCV3	ASCProject_0353_BLOOD_P	ASCProject_PRJCV3_BLOOD_P	Tumor	RP-1447_ASCProject_0353_BLOOD_P_v1_Exome_OnPrem	RP-1447_ASCProject_0353_Normal_Tumor_Jan2023	TRUE	ASCProject_0353_BLOOD_BC	RP-1447_ASCProject_0353_BLOOD_BC_v1_Exome_OnPrem	TRUE			FALSE	
ASCProject_0355		ASCProject_0355_SALIVA		Normal	RP-1447_ASCProject_0355_SALIVA_v1_Exome_OnPrem					FALSE			FALSE	
ASCProject_0356		ASCProject_0356_SALIVA		Normal	RP-1447_ASCProject_0356_SALIVA_v1_Exome_OnPrem					FALSE			FALSE	
ASCProject_0356	PY8QY9	ASCProject_0356_T1	ASCProject_PY8QY9_T1	Tumor						FALSE	RP-1447_ASCProject_0356_T1_v1_RNA_OnPrem	TRUE	TRUE	
ASCProject_0356	PY8QY9	ASCProject_0356_T2	ASCProject_PY8QY9_T2	Tumor	RP-1447_ASCProject_0356_T2_v1_Exome_OnPrem	RP-1447_ASCProject_0356_Normal_Tumor_Jan2023	TRUE	ASCProject_0356_SALIVA	RP-1447_ASCProject_0356_SALIVA_v1_Exome_OnPrem	FALSE	RP-1447_ASCProject_0356_T2_v1_RNA_OnPrem	TRUE	TRUE	
ASCProject_0357		ASCProject_0357_SALIVA_2		Normal	RP-1447_ASCProject_0357_SALIVA_2_v2_Exome_OnPrem					FALSE			FALSE	
ASCProject_0357	PDWCNE	ASCProject_0357_T1	ASCProject_PDWCNE_T1	Tumor	RP-1447_ASCProject_0357_T1_v2_Exome_OnPrem	RP-1447_ASCProject_0357_Normal_Tumor_Jan2023	TRUE	ASCProject_0357_SALIVA_2	RP-1447_ASCProject_0357_SALIVA_2_v2_Exome_OnPrem	FALSE	RP-1447_ASCProject_0357_T1_v1_RNA_OnPrem	TRUE	TRUE	
ASCProject_0361		ASCProject_0361_SALIVA		Normal	RP-1447_ASCProject_0361_SALIVA_v1_Exome_OnPrem					FALSE			FALSE	
ASCProject_0367		ASCProject_0367_SALIVA		Normal	RP-1447_ASCProject_0367_SALIVA_v2_Exome_OnPrem					FALSE			FALSE	
ASCProject_0367	P3KWY4	ASCProject_0367_T1	ASCProject_P3KWY4_T1	Tumor	RP-1447_ASCProject_0367_T1_v2_Exome_OnPrem	RP-1447_ASCProject_0367_Normal_Tumor_Jan2023	TRUE	ASCProject_0367_SALIVA	RP-1447_ASCProject_0367_SALIVA_v2_Exome_OnPrem	TRUE	RP-1447_ASCProject_0367_T1_v1_RNA_OnPrem	TRUE	TRUE	
ASCProject_0368		ASCProject_0368_BLOOD_BC		Normal	RP-1447_ASCProject_0368_BLOOD_BC_v1_Exome_OnPrem					FALSE			FALSE	
ASCProject_0368	PEB62T	ASCProject_0368_T1	ASCProject_PEB62T_T1	Tumor						FALSE	RP-1447_ASCProject_0368_T1_v1_RNA_OnPrem	TRUE	TRUE	
ASCProject_0369		ASCProject_0369_BLOOD_BC		Normal	RP-1447_ASCProject_0369_BLOOD_BC_v1_Exome_OnPrem					FALSE			FALSE	
ASCProject_0369	P7Q2ZT	ASCProject_0369_UNKNOWN_T1	ASCProject_P7Q2ZT_UNKNOWN_T1	Tumor						FALSE	RP-1447_ASCProject_0369_UNKNOWN_T1_v2_RNA_OnPrem	TRUE	TRUE	RNA sequenced twice; latest version shown, older: RP-1447_ASCProject_0369_UNKNOWN_T1_v1_RNA_OnPrem
ASCProject_0371		ASCProject_0371_SALIVA		Normal	RP-1447_ASCProject_0371_SALIVA_v1_Exome_OnPrem					FALSE			FALSE	
ASCProject_0372		ASCProject_0372_SALIVA		Normal	RP-1447_ASCProject_0372_SALIVA_v1_Exome_OnPrem					FALSE			FALSE	
ASCProject_0372	PUKND7	ASCProject_0372_T1	ASCProject_PUKND7_T1	Tumor	RP-1447_ASCProject_0372_T1_v1_Exome_OnPrem	RP-1447_ASCProject_0372_Normal_Tumor_Jan2023	FALSE	ASCProject_0372_SALIVA	RP-1447_ASCProject_0372_SALIVA_v1_Exome_OnPrem	FALSE	RP-1447_ASCProject_0372_T1_v1_RNA_OnPrem	TRUE	TRUE	
ASCProject_0373		ASCProject_0373_BLOOD_BC		Normal	RP-1447_ASCProject_0373_BLOOD_BC_v2_Exome_OnPrem					FALSE			FALSE	
ASCProject_0373	PYG9PB	ASCProject_0373_BLOOD_P	ASCProject_PYG9PB_BLOOD_P	Tumor	RP-1447_ASCProject_0373_BLOOD_P_v2_Exome_OnPrem	RP-1447_ASCProject_0373_Normal_Tumor_Jan2023	FALSE	ASCProject_0373_BLOOD_BC	RP-1447_ASCProject_0373_BLOOD_BC_v2_Exome_OnPrem	FALSE			FALSE	
ASCProject_0375		ASCProject_0375_SALIVA		Normal	RP-1447_ASCProject_0375_SALIVA_v2_Exome_OnPrem					FALSE			FALSE	
ASCProject_0375	PRFNJY	ASCProject_0375_T1	ASCProject_PRFNJY_T1	Tumor	RP-1447_ASCProject_0375_T1_v2_Exome_OnPrem	RP-1447_ASCProject_0375_Feb2023_Pair_50	TRUE	ASCProject_0375_SALIVA	RP-1447_ASCProject_0375_SALIVA_v2_Exome_OnPrem	TRUE	RP-1447_ASCProject_0375_T1_v2_RNA_OnPrem	TRUE	TRUE	
ASCProject_0375	PRFNJY	ASCProject_0375_T2	ASCProject_PRFNJY_T2	Tumor	RP-1447_ASCProject_0375_T2_v2_Exome_OnPrem	RP-1447_ASCProject_0375_Normal_Tumor_Jan2023	TRUE	ASCProject_0375_SALIVA	RP-1447_ASCProject_0375_SALIVA_v2_Exome_OnPrem	TRUE	RP-1447_ASCProject_0375_T2_v1_RNA_OnPrem	TRUE	TRUE	
ASCProject_0378		ASCProject_0378_SALIVA		Normal	RP-1447_ASCProject_0378_SALIVA_v1_Exome_OnPrem					FALSE			FALSE	
ASCProject_0382		ASCProject_0382_SALIVA		Normal	RP-1447_ASCProject_0382_SALIVA_v1_Exome_OnPrem					FALSE			FALSE	
ASCProject_0385		ASCProject_0385_BLOOD_BC		Normal	RP-1447_ASCProject_0385_BLOOD_BC_v1_Exome_OnPrem					FALSE			FALSE	
ASCProject_0385	PQRZPC	ASCProject_0385_T1	ASCProject_PQRZPC_T1	Tumor						FALSE	RP-1447_ASCProject_0385_T1_v1_RNA_OnPrem	FALSE	TRUE	
ASCProject_0385	PQRZPC	ASCProject_0385_T2	ASCProject_PQRZPC_T2	Tumor	RP-1447_ASCProject_0385_T2_v1_Exome_OnPrem	RP-1447_ASCProject_0385_Feb2023_Pair_51	FALSE	ASCProject_0385_BLOOD_BC	RP-1447_ASCProject_0385_BLOOD_BC_v1_Exome_OnPrem	FALSE	RP-1447_ASCProject_0385_T2_v1_RNA_OnPrem	TRUE	TRUE	
ASCProject_0385	PQRZPC	ASCProject_0385_T3	ASCProject_PQRZPC_T3	Tumor	RP-1447_ASCProject_0385_T3_v1_Exome_OnPrem	RP-1447_ASCProject_0385_Normal_Tumor_Jan2023	TRUE	ASCProject_0385_BLOOD_BC	RP-1447_ASCProject_0385_BLOOD_BC_v1_Exome_OnPrem	TRUE	RP-1447_ASCProject_0385_T3_v1_RNA_OnPrem	TRUE	TRUE	
ASCProject_0387		ASCProject_0387_SALIVA		Normal	RP-1447_ASCProject_0387_SALIVA_v1_Exome_OnPrem					FALSE			FALSE	
ASCProject_0387	PLMWG2	ASCProject_0387_T1	ASCProject_PLMWG2_T1	Tumor	RP-1447_ASCProject_0387_T1_v1_Exome_OnPrem	RP-1447_ASCProject_0387_Normal_Tumor_Jan2023	TRUE	ASCProject_0387_SALIVA	RP-1447_ASCProject_0387_SALIVA_v1_Exome_OnPrem	TRUE	RP-1447_ASCProject_0387_T1_v1_RNA_OnPrem	TRUE	TRUE	
ASCProject_0388		ASCProject_0388_SALIVA		Normal	RP-1447_ASCProject_0388_SALIVA_v1_Exome_OnPrem					FALSE			FALSE	
ASCProject_0389		ASCProject_0389_BLOOD_BC		Normal	RP-1447_ASCProject_0389_BLOOD_BC_v1_Exome_OnPrem					FALSE			FALSE	
ASCProject_0393		ASCProject_0393_SALIVA		Normal	RP-1447_ASCProject_0393_SALIVA_v1_Exome_OnPrem					FALSE			FALSE	
ASCProject_0393	PFDNLX	ASCProject_0393_T1	ASCProject_PFDNLX_T1	Tumor						FALSE	RP-1447_ASCProject_0393_T1_v1_RNA_OnPrem	TRUE	TRUE	
ASCProject_0394		ASCProject_0394_SALIVA		Normal	RP-1447_ASCProject_0394_SALIVA_v1_Exome_OnPrem					FALSE			FALSE	
ASCProject_0398	PFHCKX	ASCProject_0398_T1	ASCProject_PFHCKX_T1	Tumor						FALSE	RP-1447_ASCProject_0398_T1_v1_RNA_OnPrem	TRUE	TRUE	
ASCProject_0401		ASCProject_0401_SALIVA		Normal	RP-1447_ASCProject_0401_SALIVA_v2_Exome_OnPrem					FALSE			FALSE	
ASCProject_0401	PRCZRT	ASCProject_0401_T1A	ASCProject_PRCZRT_T1A	Tumor	RP-1447_ASCProject_0401_T1A_v2_Exome_OnPrem	RP-1447_ASCProject_0401_Normal_Tumor_Jan2023	TRUE	ASCProject_0401_SALIVA	RP-1447_ASCProject_0401_SALIVA_v2_Exome_OnPrem	FALSE	RP-1447_ASCProject_0401_T1A_v1_RNA_OnPrem	FALSE	TRUE	
ASCProject_0401	PRCZRT	ASCProject_0401_T1B	ASCProject_PRCZRT_T1B	Tumor						FALSE	RP-1447_ASCProject_0401_T1B_v1_RNA_OnPrem	FALSE	TRUE	
ASCProject_0403		ASCProject_0403_SALIVA		Normal	RP-1447_ASCProject_0403_SALIVA_v1_Exome_OnPrem					FALSE			FALSE	
ASCProject_0403	PGEYYK	ASCProject_0403_T1	ASCProject_PGEYYK_T1	Tumor						FALSE	RP-1447_ASCProject_0403_T1_v1_RNA_OnPrem	FALSE	TRUE	
ASCProject_0411		ASCProject_0411_SALIVA		Normal	RP-1447_ASCProject_0411_SALIVA_v1_Exome_OnPrem					FALSE			FALSE	
ASCProject_0412		ASCProject_0412_SALIVA		Normal	RP-1447_ASCProject_0412_SALIVA_v1_Exome_OnPrem					FALSE			FALSE	
ASCProject_0413		ASCProject_0413_BLOOD_BC		Normal	RP-1447_ASCProject_0413_BLOOD_BC_v1_Exome_OnPrem					FALSE			FALSE	
ASCProject_0414		ASCProject_0414_SALIVA		Normal	RP-1447_ASCProject_0414_SALIVA_v1_Exome_OnPrem					FALSE			FALSE	
ASCProject_0414	PDQ7ZZ	ASCProject_0414_T1	ASCProject_PDQ7ZZ_T1	Tumor						FALSE	RP-1447_ASCProject_0414_T1_v1_RNA_OnPrem	TRUE	TRUE	
ASCProject_0415		ASCProject_0415_SALIVA		Normal	RP-1447_ASCProject_0415_SALIVA_v1_Exome_OnPrem					FALSE			FALSE	
ASCProject_0417		ASCProject_0417_SALIVA		Normal	RP-1447_ASCProject_0417_SALIVA_v1_Exome_OnPrem					FALSE			FALSE	
ASCProject_0418		ASCProject_0418_SALIVA		Normal	RP-1447_ASCProject_0418_SALIVA_v1_Exome_OnPrem					FALSE			FALSE	
ASCProject_0418	PF9X9N	ASCProject_0418_T1	ASCProject_PF9X9N_T1	Tumor						FALSE	RP-1447_ASCProject_0418_T1_v1_RNA_OnPrem	FALSE	TRUE	
ASCProject_0420		ASCProject_0420_SALIVA		Normal	RP-1447_ASCProject_0420_SALIVA_v1_Exome_OnPrem					FALSE			FALSE	
ASCProject_0420	P7RK7E	ASCProject_0420_T1	ASCProject_P7RK7E_T1	Tumor						FALSE	RP-1447_ASCProject_0420_T1_v1_RNA_OnPrem	FALSE	TRUE	
ASCProject_0422		ASCProject_0422_BLOOD_BC		Normal	RP-1447_ASCProject_0422_BLOOD_BC_v1_Exome_OnPrem					FALSE			FALSE	
ASCProject_0422	PH6DQT	ASCProject_0422_T3	ASCProject_PH6DQT_T3	Tumor						FALSE	RP-1447_ASCProject_0422_T3_v1_RNA_OnPrem	TRUE	TRUE	
ASCProject_0427		ASCProject_0427_SALIVA		Normal	RP-1447_ASCProject_0427_SALIVA_v1_Exome_OnPrem					FALSE			FALSE	
ASCProject_0427	PXE776	ASCProject_0427_T2	ASCProject_PXE776_T2	Tumor						FALSE	RP-1447_ASCProject_0427_T2_v1_RNA_OnPrem	TRUE	TRUE	
ASCProject_0427	PXE776	ASCProject_0427_T5	ASCProject_PXE776_T5	Tumor						FALSE	RP-1447_ASCProject_0427_T5_v1_RNA_OnPrem	FALSE	TRUE	
ASCProject_0428		ASCProject_0428_SALIVA		Normal	RP-1447_ASCProject_0428_SALIVA_v1_Exome_OnPrem					FALSE			FALSE	
ASCProject_0430		ASCProject_0430_SALIVA		Normal	RP-1447_ASCProject_0430_SALIVA_v1_Exome_OnPrem					FALSE			FALSE	
ASCProject_0432		ASCProject_0432_SALIVA		Normal	RP-1447_ASCProject_0432_SALIVA_v1_Exome_OnPrem					FALSE			FALSE	
ASCProject_0435		ASCProject_0435_SALIVA		Normal	RP-1447_ASCProject_0435_SALIVA_v1_Exome_OnPrem					FALSE			FALSE	
ASCProject_P2HVYU	P2HVYU	ASCProject_P2HVYU_T1	ASCProject_P2HVYU_T1	Tumor						FALSE	RP-1447_ASCProject_P2HVYU_T1_v1_RNA_OnPrem	TRUE	TRUE	
ASCProject_P47D8Z		ASCProject_P47D8Z_SALIVA		Normal	RP-1447_ASCProject_P47D8Z_SALIVA_v1_Exome_OnPrem					FALSE			FALSE	
ASCProject_P68AP7		ASCProject_P68AP7_SALIVA		Normal	RP-1447_ASCProject_P68AP7_SALIVA_v1_Exome_OnPrem					FALSE			FALSE	
ASCProject_P6YLY9		ASCProject_P6YLY9_SALIVA		Normal	RP-1447_ASCProject_P6YLY9_SALIVA_v1_Exome_OnPrem					FALSE			FALSE	
ASCProject_P739VX		ASCProject_P739VX_SALIVA		Normal	RP-1447_ASCProject_P739VX_SALIVA_v1_Exome_OnPrem					FALSE			FALSE	
ASCProject_P8B8WN		ASCProject_P8B8WN_SALIVA		Normal	RP-1447_ASCProject_P8B8WN_SALIVA_v1_Exome_OnPrem					FALSE			FALSE	
ASCProject_P8B8WN	P8B8WN	ASCProject_P8B8WN_T2	ASCProject_P8B8WN_T2	Tumor						FALSE	RP-1447_ASCProject_P8B8WN_T2_v1_RNA_OnPrem	TRUE	TRUE	
ASCProject_PAMWDK		ASCProject_PAMWDK_BLOOD_BC		Normal	RP-1447_ASCProject_PAMWDK_BLOOD_BC_v1_Exome_OnPrem					FALSE			FALSE	
ASCProject_PBHQJN		ASCProject_PBHQJN_SALIVA		Normal	RP-1447_ASCProject_PBHQJN_SALIVA_v1_Exome_OnPrem					FALSE			FALSE	
ASCProject_PBPCT2		ASCProject_PBPCT2_SALIVA		Normal	RP-1447_ASCProject_PBPCT2_SALIVA_v1_Exome_OnPrem					FALSE			FALSE	
ASCProject_PE46M9		ASCProject_PE46M9_SALIVA		Normal	RP-1447_ASCProject_PE46M9_SALIVA_v1_Exome_OnPrem					FALSE			FALSE	
ASCProject_PGXPR8	PGXPR8	ASCProject_PGXPR8_T2	ASCProject_PGXPR8_T2	Tumor						FALSE	RP-1447_ASCProject_PGXPR8_T2_v1_RNA_OnPrem	FALSE	TRUE	
ASCProject_PHCG7A	PHCG7A	ASCProject_PHCG7A_T1	ASCProject_PHCG7A_T1	Tumor						FALSE	RP-1447_ASCProject_PHCG7A_T1_v1_RNA_OnPrem	FALSE	TRUE	
ASCProject_PJT8MW		ASCProject_PJT8MW_SALIVA		Normal	RP-1447_ASCProject_PJT8MW_SALIVA_v1_Exome_OnPrem					FALSE			FALSE	
ASCProject_PKYCDL		ASCProject_PKYCDL_SALIVA		Normal	RP-1447_ASCProject_PKYCDL_SALIVA_v1_Exome_OnPrem					FALSE			FALSE	
ASCProject_PN38F9		ASCProject_PN38F9_SALIVA		Normal	RP-1447_ASCProject_PN38F9_SALIVA_v1_Exome_OnPrem					FALSE			FALSE	
ASCProject_PQHM2E		ASCProject_PQHM2E_SALIVA		Normal	RP-1447_ASCProject_PQHM2E_SALIVA_v1_Exome_OnPrem					FALSE			FALSE	
ASCProject_PRDZ3M	PRDZ3M	ASCProject_PRDZ3M_T2	ASCProject_PRDZ3M_T2	Tumor						FALSE	RP-1447_ASCProject_PRDZ3M_T2_v1_RNA_OnPrem	FALSE	TRUE	
ASCProject_PTLPDP		ASCProject_PTLPDP_SALIVA		Normal	RP-1447_ASCProject_PTLPDP_SALIVA_v1_Exome_OnPrem					FALSE			FALSE	
ASCProject_PWNLUF	PWNLUF	ASCProject_PWNLUF_T1	ASCProject_PWNLUF_T1	Tumor						FALSE	RP-1447_ASCProject_PWNLUF_T1_v1_RNA_OnPrem	TRUE	TRUE	
ASCProject_PXPTMJ	PXPTMJ	ASCProject_PXPTMJ_T1	ASCProject_PXPTMJ_T1	Tumor						FALSE	RP-1447_ASCProject_PXPTMJ_T1_v1_RNA_OnPrem	TRUE	TRUE	
ASCProject_PY6FJH		ASCProject_PY6FJH_SALIVA		Normal	RP-1447_ASCProject_PY6FJH_SALIVA_v1_Exome_OnPrem					FALSE			FALSE	
ASCProject_PY6FJH	PY6FJH	ASCProject_PY6FJH_T1	ASCProject_PY6FJH_T1	Tumor						FALSE	RP-1447_ASCProject_PY6FJH_T1_v1_RNA_OnPrem	TRUE	TRUE	
ASCProject_PYMFBV		ASCProject_PYMFBV_SALIVA		Normal	RP-1447_ASCProject_PYMFBV_SALIVA_v1_Exome_OnPrem					FALSE			FALSE	
ASCProject_PYYKC9		ASCProject_PYYKC9_SALIVA		Normal	RP-1447_ASCProject_PYYKC9_SALIVA_v1_Exome_OnPrem					FALSE			FALSE	
ASCProject_PZCXCF		ASCProject_PZCXCF_SALIVA		Normal	RP-1447_ASCProject_PZCXCF_SALIVA_v1_Exome_OnPrem					FALSE			FALSE	
