STUDY ID	Primary Site (Recombined)	Mets Sites Ever (Recombined)	Primary Site (Wagner2024)	Biopsy Location (Wagner2024)	Met Sites at Dx (Wagner2024)	Met Sites Ever (Wagner2024)	Other Cancer	BATCH NUMBER (EHR_EXTRACTED)	AGE AT DX (EHR_EXTRACTED)	SEX (EHR_EXTRACTED)	PRIMARY SITE (EHR_EXTRACTED)	DX BIOPSY LOCATION (EHR_EXTRACTED)	RAAS (EHR_EXTRACTED)	LAAS/STEWART-TREVES (EHR_EXTRACTED)	CUTANEOUS AS (EHR_EXTRACTED)	LOCAL RECURRENCE (EHR_EXTRACTED)	LOCAL RECURRENCE SITE (EHR_EXTRACTED)	LOCAL RECURRENCE DATE 1 (DAYS FROM DX) (EHR_EXTRACTED)	LOCAL RECURRENCE DATE 2 (DAYS FROM DX) (EHR_EXTRACTED)	LOCAL RECURRENCE DATE 3 (DAYS FROM DX) (EHR_EXTRACTED)	LOCAL RECURRENCE DATE 4 (DAYS FROM DX) (EHR_EXTRACTED)	LOCAL RECURRENCE DATE 5 (DAYS FROM DX) (EHR_EXTRACTED)	LOCAL RECURRENCE DATE 6 (DAYS FROM DX) (EHR_EXTRACTED)	DATE METS DX (DAYS FROM DX) (EHR_EXTRACTED)	METS SITES AT METS DX (EHR_EXTRACTED)	METS SITES EVER (EHR_EXTRACTED)	FINAL DATE MEDR (DAYS FROM DX) (EHR_EXTRACTED)	PRIMARY SITE STANDARDIZED (EHR_EXTRACTED)	LAAS (EHR_EXTRACTED)	HAS METS AT DX (EHR_EXTRACTED)	legacy_shortid (PRD)	PREQUAL_SELF_DESCRIBE (PRD)	AGE OF DIAGNOSIS (PRD)	DIAGNOSIS_LOC (PRD)	EVER_LOCATION (PRD)	CURRENT_LOCATION (PRD)	SURGERY (PRD)	SURGERY_CLEAN_MARGINS (PRD)	RADIATION (PRD)	RADIATION_SURGERY (PRD)	CURRENTLY_TREATED (PRD)	OTHER_CANCER (PRD)	OTHER_CANCER_RADIATION (PRD)	HISPANIC (PRD)	RACE (PRD)	DIAGNOSIS_PRIMARY_LOC (PRD)	DIAGNOSIS_SPREAD (PRD)	DIAGNOSIS_SPREAD_LOC (PRD)	POST_DIAGNOSIS_SPREAD (PRD)	POST_DIAGNOSIS_SPREAD_LOC (PRD)	LOCAL_RECURRENCE (PRD)	DISEASE_FREE_NOW (PRD)	SUPPORT_MEMBERSHIP (PRD)	EHR_EXTRACTED	Age (Combined)	PRIMARY SITE (Combined)	RAAS_LAAS_Class	NUM MET SITES EVER (EHR_EXTRACTED)
ASCProject_0044	Other Visceral Organs	"Bone, Distant Lymph Node"	Lung	Lung	Bone	"Bone, Distant Lymph Node"		1	40	M	VISCERAL ORGAN	LEFT LOWER LUNG	0	NO	0	1	VISCERAL ORGAN	728						0	BONE	"BONE, DISTANT LYMPH NODES"	777	LUNG	0	1	44	DIAGNOSED	40.45479452	"LUNG,BONELIMB"	"LUNG,BONELIMB"	"LUNG,BONELIMB"	NO		NO		YES	NO	NO	NO	WHITE									TRUE	40	LUNG	Non-RAAS/LAAS	2
ASCProject_0066	Musculoskeletal	No Mets	Bone	Spine	No Mets	No Mets		1	57	M	OTHER (BONE)	SPINE L1	1	NO	0	0									NO METS	NO METS	493	BONE	0	0	66	DIAGNOSED	57.82465753	OTHER	OTHER	NED	YES	YES	YES	AFTER	NO	YES	YES	NO	WHITE									TRUE	57	BONELIMB	RAAS	0
ASCProject_0067	Extremities	No Mets	Lower Extremity	Thigh	No Mets	No Mets		1	40	F	EXTREMITY	LEFT POSTERIOR THIGH	0	NO	0	0									NO METS	NO METS	1425	EXTREMITY	0	0	67	DIAGNOSED	40.22465753	OTHER	OTHER	NED	YES	YES	YES	BOTH	NO	NO	NO	NO	WHITE									TRUE	40	BONELIMB	Non-RAAS/LAAS	0
ASCProject_0179	Breast (Parenchymal)	No Mets	Breast (Parenchymal)	Breast	No Mets	No Mets		1	46	F	BREAST (PARENCHYMAL)	RIGHT BREAST	0	NO	0	0									NO METS	NO METS	1680	BREAST (PARENCHYMAL)	0	0	179	DIAGNOSED	46.31506849	BREAST	BREAST	NED	YES	YES	YES	AFTER	NO	DK	NO	YES	WHITE									TRUE	46	BREAST (PARENCHYMAL)	Non-RAAS/LAAS	0
ASCProject_0049	Breast (Parenchymal)	No Mets	Breast (Parenchymal)	Breast	No Mets	No Mets		2	29	F	BREAST (PARENCHYMAL)	LEFT BREAST	0	NO	0	0									NO METS	NO METS	1462	BREAST (PARENCHYMAL)	0	0	49	DIAGNOSED	29.28493151	BREAST	BREAST	NED	YES	YES	NO		NO	NO	NO	NO	"AMERICAN_INDIAN,WHITE"									TRUE	29	BREAST (PARENCHYMAL)	Non-RAAS/LAAS	0
ASCProject_0015	HNFS	Distant Lymph Node	HNFS	Scalp	Distant Lymph Node	Distant Lymph Node		2	66	M	HNFS	RIGHT SCALP	0	NO	1	1	HNFS	1472						23	DISTANT LYMPH NODE	DISTANT LYMPH NODE	1952	HNFS	0	1	15	DIAGNOSED	66.10136986	SCALP	"HEADFACENECK,SCALP"	SCALP	YES	YES	YES	AFTER	YES	YES	NO	NO	WHITE	SCALP	YES	LYMPH	YES	SCALP	YES	DK	NO	TRUE	66	HNFS	Non-RAAS/LAAS	1
ASCProject_0084	Breast (Parenchymal)	No Mets	Breast (Parenchymal)	Breast	No Mets	No Mets		2	56	F	BREAST (PARENCHYMAL)	RIGHT BREAST	0	NO	0	0									NO METS	NO METS	1235	BREAST (PARENCHYMAL)	0	0																								TRUE	56	BREAST (PARENCHYMAL)	Non-RAAS/LAAS	0
ASCProject_0082	HNFS	No Mets	HNFS	Temple	No Mets	No Mets		2	60	M	HNFS	LEFT TEMPLE	0	NO	1	0									NO METS	NO METS	794	HNFS	0	0	82	DIAGNOSED	60.89863014	HEADFACENECK	HEADFACENECK	NED	YES	YES	NO		NO	NO	NO	NO	WHITE									TRUE	60	HNFS	Non-RAAS/LAAS	0
ASCProject_0094	Breast (Parenchymal)	"Breast, Bone, Lung, Other Soft Tissues"	Breast (Parenchymal)	Breast	Breast	"Breast, Bone, Lung, HNFS"		2	56	F	BREAST (PARENCHYMAL)	LEFT BREAST	0	NO	0	0								548	OTHER [RIGHT BREAST]	"OTHER [RIGHT BREAST], BONE, LUNG, HNFS"	1061	BREAST (PARENCHYMAL)	0	1																								TRUE	56	BREAST (PARENCHYMAL)	Non-RAAS/LAAS	4
ASCProject_0258	Breast (Parenchymal)	No Mets	Breast (Parenchymal)	Breast	No Mets	No Mets		3	48	F	BREAST (PARENCHYMAL)	RIGHT BREAST	0	NO	0	0									NO METS	NO METS	681	BREAST (PARENCHYMAL)	0	0	258	DIAGNOSED	48.81643836	BREAST	BREAST	OTHER	YES	YES	NO		YES	NO	NO	NO	WHITE									TRUE	48	BREAST (PARENCHYMAL)	Non-RAAS/LAAS	0
ASCProject_0342	Breast (Parenchymal)	"Lung, Liver"	Breast (Parenchymal)	Breast	Lung	"Lung, Liver"		3	41	F	BREAST (PARENCHYMAL)	RIGHT BREAST	0	NO	0	0								373	LUNG	"LUNG, LIVER"	1229	BREAST (PARENCHYMAL)	0	1	342	DIAGNOSED	41.0630137	BREAST	BREAST	NED	YES	YES	YES	AFTER	YES	NO	NO	NO	"OTHER_EAST_ASIAN,WHITE"									TRUE	41	BREAST (PARENCHYMAL)	Non-RAAS/LAAS	2
ASCProject_0101	Extremities	Lung	Upper Extremity	Shoulder	Lung	Lung		2	37	M	EXTREMITY	RIGHT SHOULDER	0	NO	0	0								407	LUNG	LUNG	538	EXTREMITY	0	1																								TRUE	37	BONELIMB	Non-RAAS/LAAS	1
ASCProject_0013	Breast (Parenchymal)	No Mets	Breast (Parenchymal)	Breast	No Mets	No Mets		4	26	F	BREAST (PARENCHYMAL)	LEFT BREAST	0	NO	0	0									NO METS	NO METS	1241	BREAST (PARENCHYMAL)	0	0	13	DIAGNOSED	26.22465753						NO			NO	NO			BREAST	NO		NO		NO	YES	YES	TRUE	26	BREAST (PARENCHYMAL)	Non-RAAS/LAAS	0
ASCProject_0184	Heart	"Distant Lymph Node, Visceral Organ"	Heart	Bowel	"Distant Lymph Node, Visceral Organ"	"Distant Lymph Node, Visceral Organ"		2	70	M	CARDIAC	SMALL BOWEL	0	NO	0	0								0	"DISTANT LYMPH NODE, VISCERAL ORGAN"	"DISTANT LYMPH NODE, VISCERAL ORGAN"	373	CARDIAC	0	1	184	DIAGNOSED	70.94794521	ABDOMINAL		ABDOMINAL	YES	NO	NO		YES	NO	NO	NO	AMERICAN_INDIAN									TRUE	70	HEART	Non-RAAS/LAAS	2
ASCProject_0212	Heart	"Lung, Liver, Spleen, Visceral Organ,  Other Soft Tissues, Bone"	Heart	Atrium	Lung	"Lung, Liver, Spleen, Visceral Organ, Mediastinum, Bone, Bone Marrow"		2	37	M	CARDIAC	RIGHT ATRIUM	0	NO	0	1	CARDIAC	679						602	LUNG	"LUNG, LIVER, SPLEEN,VISCERAL ORGAN, OTHER (MEDIASTINUM), BONE,OTHER( BONE MARROW)"	1155	CARDIAC	0	1	212	DIAGNOSED	37.34520548	HEART	"HEART,LIVER,SPLEEN,LUNG"	"HEART,LIVER,SPLEEN,LUNG"	YES	NO	NO		YES	NO	NO	NO	WHITE									TRUE	37	HEART	Non-RAAS/LAAS	7
ASCProject_0277	HNFS	No Mets	HNFS	Face	No Mets	No Mets		2	58	M	HNFS	LEFT CHEEK	0	NO	1	0									NO METS	NO METS	2147	HNFS	0	0	277	DIAGNOSED	58.88493151	HEADFACENECK	HEADFACENECK	NED	YES	YES	YES	AFTER	NO	NO	NO	NO	WHITE									TRUE	58	HNFS	Non-RAAS/LAAS	0
ASCProject_0008	Hepatobiliary	No Mets	Liver	Liver	No Mets	No Mets		3	39	F	VISCERAL ORGAN	LIVER	0	NO	0	0									NO METS	NO METS	1530	LIVER	0	0	8	DIAGNOSED	39.93972603	LIVER	LIVER	NED	YES	YES	NO		NO	YES	NO	NO	SOUTH_EAST_ASIAN	LIVER	NO		NO		NO	YES	YES	TRUE	39	LIVER	Non-RAAS/LAAS	0
ASCProject_0121	Breast (Parenchymal)	Liver	Breast (Parenchymal)	Breast	Liver	Liver		4	64	F	BREAST (PARENCHYMAL)	LEFT BREAST	0	NO	0	0								595	LIVER	LIVER	3605	BREAST (PARENCHYMAL)	0	1	121	DIAGNOSED	64.59452055	BREAST	"BREAST,LIVER"	NED	YES	YES	NO		NO	YES	NO	NO	WHITE									TRUE	64	BREAST (PARENCHYMAL)	Non-RAAS/LAAS	1
ASCProject_0095	Extremities	No Mets	Lower Extremity	Glute	No Mets	No Mets		3	47	F	OTHER (RIGHT GLUTE)	RIGHT GLUTEAL MASS	1	NO	1	1	NOT FOUND IN RECORD	946							NO METS	NO METS	2011	OTHER	0	0	95	DIAGNOSED	46.95616438	OTHER	"BONELIMB,OTHER"	OTHER	YES	YES	YES	BOTH	YES	YES	YES	NO	WHITE									TRUE	47	OTHER	RAAS	0
ASCProject_0173	HNFS	No Mets	HNFS	Face	No Mets	No Mets		3	66	M	HNFS	"BILATERAL CHEEKS, NOSE"	0	NO	1	0									NO METS	NO METS	2431	HNFS	0	0	173	DIAGNOSED	66.10136986	HEADFACENECK	HEADFACENECK	NED	YES	NO	YES	BEFORE	NO	NO	NO	NO	WHITE									TRUE	66	HNFS	Non-RAAS/LAAS	0
ASCProject_0172	Breast (Parenchymal)	NA	Breast (Parenchymal)	Breast	NA	NA		4	49	F	BREAST (PARENCHYMAL)	LEFT BREAST	0	NO	0		NOT FOUND IN RECORD	NOT FOUND IN RECORD	NOT FOUND IN RECORD	NOT FOUND IN RECORD	NOT FOUND IN RECORD	NOT FOUND IN RECORD	NOT FOUND IN RECORD	NOT FOUND IN RECORD	NOT FOUND IN RECORD	NOT FOUND IN RECORD	2565	BREAST (PARENCHYMAL)	0		172	DIAGNOSED	49.47123288	BREAST	BREAST	NED	YES	YES	NO		NO	NO	NO	NO	WHITE									TRUE	49	BREAST (PARENCHYMAL)	Non-RAAS/LAAS	
ASCProject_0207	Musculoskeletal	"Other Soft Tissues, Bone"	Bone	Paraspinal Soft Tissue	"Palate, Bone"	"Palate, Bone"		3	28	F	OTHER (BONE)	LEFT PARASPINAL SOFT TISSUE	0	NO	0	0								5	"OTHER (PALATE), BONE"	"OTHER (PALATE), BONE"	155	BONE	0	1																								TRUE	28	BONELIMB	Non-RAAS/LAAS	2
ASCProject_0219	HNFS	Distant Lymph Node	HNFS	Forehead	Distant Lymph Node	Distant Lymph Node		3	69	F	HNFS	LEFT FOREHEAD	0	NO	1	0								309	DISTANT LYMPH NODE	DISTANT LYMPH NODE	404	HNFS	0	1	219	DIAGNOSED	69.86575342	SCALP	SCALP	SCALP	NO		NO		YES	NO	NO	NO	WHITE									TRUE	69	HNFS	Non-RAAS/LAAS	1
ASCProject_0225	HNFS	No Mets	HNFS	Scalp	No Mets	No Mets		3	63	M	HNFS	SCALP	0	NO	1	0									NO METS	NO METS	783	HNFS	0	0	225	DIAGNOSED	62.85753425	SCALP	"HEADFACENECK,SCALP"	"HEADFACENECK,SCALP"	YES	NO	YES	AFTER	YES	NO	NO	NO	WHITE									TRUE	63	HNFS	Non-RAAS/LAAS	0
ASCProject_0182	Breast (Parenchymal)	NA	Breast (Parenchymal)	Breast	NA	NA		4	NOT FOUND IN RECORD	F	BREAST (PARENCHYMAL)	RIGHT BREAST	0	NOT FOUND IN RECORD			NOT FOUND IN RECORD	NOT FOUND IN RECORD	NOT FOUND IN RECORD	NOT FOUND IN RECORD	NOT FOUND IN RECORD	NOT FOUND IN RECORD	NOT FOUND IN RECORD	NOT FOUND IN RECORD	NOT FOUND IN RECORD	NOT FOUND IN RECORD	NOT FOUND IN RECORD	BREAST (PARENCHYMAL)			182	DIAGNOSED	56.33150685	BREAST	BREAST	DK	YES	YES	NO		NO	NO	NO	NO	WHITE									TRUE		BREAST (PARENCHYMAL)	Non-RAAS/LAAS	
ASCProject_0335	HNFS	Lung	HNFS	Temple	Lung	Lung		3	35	F	HNFS	RIGHT TEMPLE	0	NO	1	0								89	LUNG 	LUNG	314	HNFS	0	1	335	DIAGNOSED	35.41643836	HEADFACENECK	"HEADFACENECK,LUNG"	LUNG	YES	YES	NO		NO	NO	NO	NO	CHINESE									TRUE	35	HNFS	Non-RAAS/LAAS	1
ASCProject_0340	HNFS	No Mets	HNFS	Scalp	No Mets	No Mets		3	87	M	HNFS	SCALP	0	NO	1	1	HNFS	87							NO METS	NO METS	1065	HNFS	0	0	340	DIAGNOSED	87.17260274	SCALP	SCALP	NED	YES	YES	YES	AFTER	NO	NO	NO	NO	WHITE									TRUE	87	HNFS	Non-RAAS/LAAS	0
ASCProject_0003	Breast (Parenchymal)	No Mets	Breast (Parenchymal)	Breast	No Mets	No Mets		5	38	F	BREAST (PARENCHYMAL)	RIGHT BREAST	0	NO	0	0									NO METS	NO METS	2057	BREAST (PARENCHYMAL)	0	0	3	DIAGNOSED	38.8				YES	YES	YES	AFTER		YES	YES			BREAST	NO		NO		NO	YES	YES	TRUE	38	BREAST (PARENCHYMAL)	Non-RAAS/LAAS	0
ASCProject_0343	Heart	"Lung, Bone, Liver, Visceral Organ"	Heart	Lung	Lung	"Lung, Bone, Liver, Visceral Organ"		3	34	F	CARDIAC	RIGHT LUNG	0	NO	0	0								0	LUNG	"LUNG, BONE, LIVER, VISCERAL ORGAN"	339	CARDIAC	0	1	343	DIAGNOSED	34.9260274	"HEART,LUNG"	"HEART,LUNG"	"HEART,LUNG"	NO		NO		YES	NO	NO	NO	WHITE									TRUE	34	HEART	Non-RAAS/LAAS	4
ASCProject_0005	Breast (Parenchymal)	"Trunk, Breast, Extremities, Bone"	Breast (Parenchymal)	Breast	Trunk	"Trunk, Breast, Extremities, Bone"		5	31	F	BREAST (PARENCHYMAL)	LEFT BREAST	0	NO	0	0								3615	TRUNK 	"TRUNK, OTHER (RIGHT BREAST), EXTREMITY, BONE"	4374	BREAST (PARENCHYMAL)	0	1	5	DIAGNOSED	31.0739726	BREAST	"BREAST,OTHER"	"BREAST,OTHER"	YES	YES	YES	BEFORE	YES	NO	NO	NO	WHITE	BREAST	NO		YES	"BREAST,OTHER"	NO	NO	YES	TRUE	31	BREAST (PARENCHYMAL)	Non-RAAS/LAAS	4
ASCProject_0351	HNFS	No Mets	HNFS	Nose	No Mets	No Mets		3	61	M	HNFS	NOSE	0	NO	1	0									NO METS	NO METS	87	HNFS	0	0	351	DIAGNOSED	61.49041096	HEADFACENECK	HEADFACENECK	HEADFACENECK	YES	YES	NO		YES	YES	NO	NO	WHITE									TRUE	61	HNFS	Non-RAAS/LAAS	0
ASCProject_0357	Musculoskeletal	No Mets	Mediastinum	Mediastinum	No Mets	No Mets		3	62	M	OTHER (MEDIASTINUM)	MEDIASTINUM	0	NO	0	0									NO METS	NO METS	94	OTHER	0	0	357	DIAGNOSED	62.28219178	OTHER	OTHER	OTHER	YES	YES	YES	AFTER	YES	NO	NO	NO	WHITE									TRUE	62	OTHER	Non-RAAS/LAAS	0
ASCProject_0365	Extremities	No Mets	Lower Extremity	Leg	No Mets	No Mets		3	40	F	EXTREMITY	LEFT CALF	0	NO	0	0									NO METS	NO METS	1909	EXTREMITY	0	0																								TRUE	40	BONELIMB	Non-RAAS/LAAS	0
ASCProject_0367	HNFS	Lung	HNFS	Scalp	Lung	Lung		3	68	M	HNFS	FRONTAL SCALP	0	NO	1	0								308	LUNG	LUNG	354	HNFS	0	1	367	DIAGNOSED	68.69315068	SCALP	SCALP	NED	YES	YES	YES	AFTER	NO	NO	NO	NO	WHITE									TRUE	68	HNFS	Non-RAAS/LAAS	1
ASCProject_0011	Breast (Parenchymal)	No Mets	Breast (Parenchymal)	Breast	No Mets	No Mets		5	33	F	BREAST (PARENCHYMAL)	RIGHT BREAST	0	NO	0	0									NO METS	NO METS	2909	BREAST (PARENCHYMAL)	0	0	11	DIAGNOSED	33.95342466	BREAST	BREAST	NED	YES	YES	YES	BEFORE	NO	NO	NO	NO	WHITE	BREAST	NO		NO		NO	YES	YES	TRUE	33	BREAST (PARENCHYMAL)	Non-RAAS/LAAS	0
ASCProject_0375	HNFS	No Mets	HNFS	Nose	No Mets	No Mets		3	54	M	HNFS	LEFT NOSTRIL	0	NO	1	1	HNFS	210							NO METS	NO METS	498	HNFS	0	0	375	DIAGNOSED	54.62191781	HEADFACENECK	HEADFACENECK	NED	YES	NO	YES	AFTER	YES	NO	NO	NO	WHITE									TRUE	54	HNFS	Non-RAAS/LAAS	0
ASCProject_0026	Breast (Parenchymal)	Liver	Breast (Parenchymal)	Breast	Liver	Liver		5	56	F	BREAST (PARENCHYMAL)	RIGHT BREAST	0	NO	0	0								1248	LIVER	LIVER	1679	BREAST (PARENCHYMAL)	0	1	26	DIAGNOSED	56.51506849	BREAST	"BREAST,LIVER"	LIVER	YES	YES	NO		YES	NO	NO	NO	WHITE									TRUE	56	BREAST (PARENCHYMAL)	Non-RAAS/LAAS	1
ASCProject_0030	Breast (Parenchymal)	No Mets	Breast (Parenchymal)	Breast	No Mets	No Mets		5	30	F	BREAST (PARENCHYMAL)	LEFT BREAST	0	NO	0	0									NO METS	NO METS	1079	BREAST (PARENCHYMAL)	0	0	30	DIAGNOSED	30.8630137	BREAST	BREAST	NED	YES	YES	YES	AFTER	NO	NO	NO	NO	WHITE									TRUE	30	BREAST (PARENCHYMAL)	Non-RAAS/LAAS	0
ASCProject_0012	HNFS	No Mets	HNFS	Forehead	No Mets	No Mets		4	63	F	HNFS	LEFT FOREHEAD SKIN	0	NO	1	0									NO METS	NO METS	1454	HNFS	0	0	12	DIAGNOSED	63.6630137	"HEADFACENECK,SCALP"	"HEADFACENECK,SCALP"	NED	YES	YES	YES	AFTER	NO	NO	NO	NO	WHITE	OTHER	YES	OTHER	YES	OTHER	NO	YES	YES	TRUE	63	HNFS	Non-RAAS/LAAS	0
ASCProject_0045	Breast (Parenchymal)	No Mets	Breast (Parenchymal)	Breast	No Mets	No Mets		5	31	F	BREAST (PARENCHYMAL)	LEFT BREAST	0	NO	0	0									NO METS	NO METS	652	BREAST (PARENCHYMAL)	0	0	45	DIAGNOSED	31.81917808	BREAST	BREAST	NED	YES	YES	YES	AFTER	NO	NO	NO	NO	WHITE									TRUE	31	BREAST (PARENCHYMAL)	Non-RAAS/LAAS	0
ASCProject_0017	HNFS	"Liver, Bone, Distant Lymph Node"	HNFS	Scalp	"Liver, Bone, Distant Lymph Node"	"Liver, Bone, Distant Lymph Node"		4	67	F	HNFS	"SKIN, RIGHT FRONTAL SCALP "	0	NO	1	1	"HNFS, HNFS"	231	583					386	"LIVER, BONE, DISTANT LYMPH NODE"	"LIVER, BONE, DISTANT LYMPH NODE"	814	HNFS	0	1	17	DIAGNOSED	67.65205479	SCALP	"SCALP,LIVER,LYMPH,BONELIMB"	"SCALP,LIVER,LYMPH,BONELIMB"	YES	NO	YES	AFTER	YES	NO	NO	NO	WHITE	SCALP	NO		YES	"LIVER,LYMPH,BONELIMB,OTHER"	YES	NO	YES	TRUE	67	HNFS	Non-RAAS/LAAS	3
ASCProject_0035	HNFS	No Mets	HNFS	Scalp	No Mets	No Mets		4	59	F	HNFS	SCALP (POSTERIOR VERTEX)	0	NO	1	1	HNFS	897							NO METS	NO METS	2918	HNFS	0	0	35	DIAGNOSED	59.97260274	SCALP	SCALP	NED	YES	YES	YES	AFTER	NO	YES	NO	NO	WHITE									TRUE	59	HNFS	Non-RAAS/LAAS	0
ASCProject_0055	Breast (Parenchymal)	"Lung, Liver, Brain,  Other Soft Tissues"	Breast (Parenchymal)	Breast	"Lung, Liver"	"Lung, Liver, Brain, Mediastinum"		5	37	F	BREAST (PARENCHYMAL)	LEFT BREAST	0	NO	0	1	"TRUNK, REGIONAL LYMPH NODE"	482	517					685	"LUNG, LIVER"	"LUNG, LIVER, BRAIN, OTHER (SOFT TISSUE), OTHER (MEDIASTINUM)"	1532	BREAST (PARENCHYMAL)	0	1	55	DIAGNOSED	37.85479452	BREAST	"BREAST,LIVER,LUNG,BRAIN"	"LIVER,LUNG"	YES	YES	YES	AFTER	YES	NO	NO	NO	WHITE									TRUE	37	BREAST (PARENCHYMAL)	Non-RAAS/LAAS	5
ASCProject_0073	Breast (Parenchymal)	No Mets	Breast (Parenchymal)	Breast	No Mets	No Mets		5	50	F	BREAST (PARENCHYMAL)	LEFT BREAST	0	NO	0	0									NO METS	NO METS	357	BREAST (PARENCHYMAL)	0	0	73	DIAGNOSED	50.09863014	BREAST	BREAST	NED	YES	YES	NO		NO	YES	NO	NO	WHITE									TRUE	50	BREAST (PARENCHYMAL)	Non-RAAS/LAAS	0
ASCProject_0076	Breast (Parenchymal)	No Mets	Breast (Parenchymal)	Breast	No Mets	No Mets		5	51	F	BREAST (PARENCHYMAL)	RIGHT BREAST	0	NO	0	0									NO METS	NO METS	709	BREAST (PARENCHYMAL)	0	0	76	DIAGNOSED	51.70136986	BREAST	BREAST	NED	YES	YES	YES	AFTER	NO	NO	NO	NO	WHITE									TRUE	51	BREAST (PARENCHYMAL)	Non-RAAS/LAAS	0
ASCProject_0089	Breast (Parenchymal)	No Mets	Breast (Parenchymal)	Breast	No Mets	No Mets		5	34	F	BREAST (PARENCHYMAL)	RIGHT BREAST	0	NO	0	0									NO METS	NO METS	1525	BREAST (PARENCHYMAL)	0	0	89	DIAGNOSED	34.39452055	BREAST	BREAST	NED	YES	YES	NO		NO	NO	NO	NO	WHITE									TRUE	34	BREAST (PARENCHYMAL)	Non-RAAS/LAAS	0
ASCProject_0153	Hepatobiliary	"Liver, Other Soft Tissues, Bone"	Spleen	Liver	"Liver, Hepatobiliary"	"Liver, Hepatobiliary, Bone Marrow, Bone"		4	59	M	SPLEEN	LIVER	0	NO	0	0								0	"LIVER, OTHER [CELIAC AXIS]"	"LIVER, OTHER [CELIAC AXIS], OTHER [BONE MARROW], BONE"	594	SPLEEN	0	1	153	DIAGNOSED	59.90136986	"LIVER,SPLEEN"	"LIVER,SPLEEN"	"LIVER,SPLEEN"	NO		NO		YES	NO	NO	NO	WHITE									TRUE	59	SPLEEN	Non-RAAS/LAAS	4
ASCProject_0102	Breast (Parenchymal)	No Mets	Breast (Parenchymal)	Breast	No Mets	No Mets		5	31	F	BREAST (PARENCHYMAL)	LEFT BREAST	0	NO	0	0									NO METS	NO METS	1285	BREAST (PARENCHYMAL)	0	0	102	DIAGNOSED	31.84931507	BREAST	BREAST	NED	YES	YES	NO		NO	NO	NO	NO	WHITE									TRUE	31	BREAST (PARENCHYMAL)	Non-RAAS/LAAS	0
ASCProject_0145	Breast (Parenchymal)	"Bone, Liver"	Breast (Parenchymal)	Breast	"Bone, Liver"	"Bone, Liver"		5	27	F	BREAST (PARENCHYMAL)	RIGHT BREAST	0	NO	0	0								318	"BONE, LIVER"	"BONE, LIVER"	867	BREAST (PARENCHYMAL)	0	1	145	DIAGNOSED	28.9369863	BREAST	"BREAST,LIVER,LUNG,OTHER"	"LIVER,LUNG,OTHER"	YES	YES	NO		YES	NO	NO	NO	WHITE									TRUE	27	BREAST (PARENCHYMAL)	Non-RAAS/LAAS	2
ASCProject_0201	Breast (Parenchymal)	"Liver, Other Soft Tissues"	Breast (Parenchymal)	Breast	Liver	"Liver, Retroperitoneum"		5	36	F	BREAST (PARENCHYMAL)	RIGHT BREAST	0	NO	0	1	RIGHT BREAST	1315						3746	LIVER	"LIVER, OTHER (RETROPERITONEUM)"	5249	BREAST (PARENCHYMAL)	0	1	201	DIAGNOSED	36.14794521	BREAST	"BREAST,LIVER"	NED	YES	YES	YES	AFTER	NO	NO	NO	YES	WHITE									TRUE	36	BREAST (PARENCHYMAL)	Non-RAAS/LAAS	2
ASCProject_0221	Breast (Parenchymal)	No Mets	Breast (Parenchymal)	Breast	No Mets	No Mets		5	27	F	BREAST (PARENCHYMAL)	LEFT BREAST	0	NO	0	0									NO METS	NO METS	1087	BREAST (PARENCHYMAL)	0	0	221	DIAGNOSED	27.11232877	BREAST	BREAST	NED	YES	NO	YES	AFTER	NO	NO	NO	NO	WHITE									TRUE	27	BREAST (PARENCHYMAL)	Non-RAAS/LAAS	0
ASCProject_0197	Extremities	Breast	Upper Extremity	Arm	Breast	Breast		4	62	F	SKIN-CUTANEOUS (ASSOCIATED WITH LYMPHEDEMA)	RIGHT UPPER ARM	0	YES	1	0								317	OTHER (RIGHT BREAST SKIN)	OTHER (RIGHT BREAST SKIN)	556	EXTREMITY	1	1	197	DIAGNOSED	63.08493151	"BONELIMB,OTHER"	"BONELIMB,OTHER"	"BONELIMB,OTHER"	YES	NO	NO		YES	YES	YES	NO	WHITE									TRUE	62	BONELIMB	LAAS	1
ASCProject_0290	Hepatobiliary	Liver	Spleen	Spleen	Liver	Liver		4	37	F	SPLEEN	SPLEEN	0	NO	0	0								392	LIVER	LIVER	1311	SPLEEN	0	1	290	DIAGNOSED	37.44657534	SPLEEN	"LIVER,SPLEEN"	LIVER	YES	YES	YES	AFTER	NO	NO	NO	NO	WHITE									TRUE	37	SPLEEN	Non-RAAS/LAAS	1
ASCProject_0325	Extremities	Trunk	Upper Extremity	Arm	Trunk	Trunk		4	70	F	SKIN-CUTANEOUS (ASSOCIATED WITH LYMPHEDEMA)	LEFT ARM SKIN	1	YES	1	1	OTHER (LEFT AXILLA)	1187						911	TRUNK 	TRUNK 	1331	EXTREMITY	1	1	325	DIAGNOSED	70.59726027	OTHER	"LUNG,OTHER"	"LUNG,OTHER"	YES	NO	YES	AFTER	NO	YES	YES	NO	WHITE									TRUE	70	BONELIMB	RAAS & LAAS	1
ASCProject_0247	Breast (Parenchymal)	"Extremities, Trunk,  Other Soft Tissues"	Breast (Parenchymal)	Breast	"Upper Extremity, Thorax and Trunk"	"Upper Extremity, Thorax and Trunk"		6	66	F	BREAST (PARENCHYMAL)	RIGHT BREAST	0	NO	0	0								1698	"EXTREMITY, TRUNK"	"EXTREMITY, TRUNK, SKIN"	3118	BREAST (PARENCHYMAL)	0	1	247	DIAGNOSED	66.30410959	BREAST	"BREAST,ABDOMINAL,OTHER"	NED	YES	YES	YES	AFTER	NO	NO	NO	NO	WHITE									TRUE	66	BREAST (PARENCHYMAL)	Non-RAAS/LAAS	3
ASCProject_0014	Breast (Parenchymal)	No Mets	Breast (Parenchymal)	Breast	No Mets	No Mets		9	29	F	BREAST (PARENCHYMAL)	RIGHT BREAST	0	NO	0	0									NO METS	NO METS	2337	BREAST (PARENCHYMAL)	0	0	14	DIAGNOSED	29.4739726	BREAST	BREAST	NED	YES	YES	NO		NO	NO	NO	NO	SOUTH_EAST_ASIAN	BREAST	NO		NO		NO	YES	YES	TRUE	29	BREAST (PARENCHYMAL)	Non-RAAS/LAAS	0
ASCProject_0006	Heart	"Lung, Brain, Visceral Organ"	Heart	Lung	Lung	"Lung, Brain, Visceral Organ"		5	29	F	CARDIAC	RIGHT LUNG	0	NO	0	0								0	LUNG	"LUNG, BRAIN, VISCERAL ORGAN"	397	CARDIAC	0	1	6	DIAGNOSED	29.88219178	"HEART,LUNG"	"HEART,LUNG"	LUNG	NO		NO		YES	NO	NO	NO	WHITE	HEART	YES	LUNG	DK		DK	NO	NO	TRUE	29	HEART	Non-RAAS/LAAS	3
ASCProject_0007	Other Visceral Organs	No Mets	Urinary	Bladder	No Mets	No Mets		5	41	M	VISCERAL ORGAN	BLADDER	0	NO	0	1	VISCERAL ORGAN	552							NO METS	NO METS	582	VISCERAL ORGAN	0	0	7	DIAGNOSED	41.86849315	OTHER	"LIVER,SPLEEN,LUNG,LYMPH,BONELIMB,ABDOMINAL"	"LIVER,SPLEEN,LUNG,LYMPH,BONELIMB,ABDOMINAL"	YES	YES	YES	AFTER	NO	YES	YES	NO	BLACK	OTHER	NO		NO		YES	YES	YES	TRUE	41	VISCERAL ORGAN	Non-RAAS/LAAS	0
ASCProject_0025	Breast (Parenchymal)	"Visceral Organ, Liver, Bone, Distant Lymph Node"	Breast (Parenchymal)	Breast	Ovary	"Ovary, Liver, Bone, Distant Lymph Node"		9	28	F	BREAST (PARENCHYMAL)	LEFT BREAST	0	NO	0	0								609	"OTHER [LEFT OVARY, PARAOVARIAN/MESORECTAL SOFT TISSUE]"	"OTHER [LEFT OVARY, PARAOVARIAN/MESORECTAL SOFT TISSUE, PERITONEUM], LIVER, BONE, DISTANT LYMPH NODE"	1503	BREAST (PARENCHYMAL)	0	1	25	DIAGNOSED	28.99452055	BREAST	OTHER	NED	YES	YES	NO		YES	NO	NO	NO	WHITE									TRUE	28	BREAST (PARENCHYMAL)	Non-RAAS/LAAS	6
ASCProject_0024	Other Visceral Organs	Brain	Lung	Lung	Brain	Brain		5	27	M	VISCERAL ORGAN	LEFT LUNG LINGULA 	0	NO	0	1	VISCERAL ORGAN	951						1584	BRAIN	BRAIN	3219	LUNG	0	1	24	DIAGNOSED	27.39726027	LUNG	"LUNG,BRAIN,LYMPH"	LUNG	YES	YES	YES	BOTH	YES	NO	NO	NO	WHITE									TRUE	27	LUNG	Non-RAAS/LAAS	1
ASCProject_0061	Breast (Parenchymal)	"Breast, Bone, Liver"	Breast (Parenchymal)	Breast	"Breast, Bone, Liver"	"Breast, Bone, Liver"		9	46	F	BREAST (PARENCHYMAL)	RIGHT BREAST	0	NO	0	0								1856	"OTHER [LEFT BREAST], BONE, LIVER"	"OTHER [LEFT BREAST], BONE, LIVER"	1996	BREAST (PARENCHYMAL)	0	1	61	DIAGNOSED	46.29041096	BREAST	BREAST	NED	YES	YES	YES	AFTER	NO	NO	NO	NO	WHITE									TRUE	46	BREAST (PARENCHYMAL)	Non-RAAS/LAAS	3
ASCProject_0092	Breast (Parenchymal)	No Mets	Breast (Parenchymal)	Breast	No Mets	No Mets		9	54	F	BREAST (PARENCHYMAL)	LEFT BREAST	0	NO	0	0									NO METS	NO METS	2218	BREAST (PARENCHYMAL)	0	0	92	DIAGNOSED	54.80273973	BREAST	BREAST	NED	YES	YES	NO		NO	NO	NO	NO	WHITE									TRUE	54	BREAST (PARENCHYMAL)	Non-RAAS/LAAS	0
ASCProject_0038	HNFS	Bone	HNFS	Scalp	Bone	Bone		5	63	M	HNFS	ANTERIOR SCALP	0	NO	1	1	"HNFS,HNFS"	128	269					577	BONE	BONE	758	HNFS	0	1	38	DIAGNOSED	63.07671233	HEADFACENECK	HEADFACENECK	HEADFACENECK	YES	YES	NO		YES	NO	NO	NO	WHITE									TRUE	63	HNFS	Non-RAAS/LAAS	1
ASCProject_0105	Breast (Parenchymal)	No Mets	Breast (Parenchymal)	Breast	No Mets	No Mets		9	46	F	BREAST (PARENCHYMAL)	RIGHT BREAST	0	NO	0	0									NO METS	NO METS	1789	BREAST (PARENCHYMAL)	0	0	105	DIAGNOSED	46.57534247	BREAST	BREAST	NED	YES	YES	YES	AFTER	NO	NO	NO	YES										TRUE	46	BREAST (PARENCHYMAL)	Non-RAAS/LAAS	0
ASCProject_0117	Breast (Parenchymal)	No Mets	Breast (Parenchymal)	Breast	No Mets	No Mets		9	40	F	BREAST (PARENCHYMAL)	LEFT BREAST	0	NO	0	0									NO METS	NO METS	721	BREAST (PARENCHYMAL)	0	0	117	DIAGNOSED	40.88493151	BREAST	BREAST	NED	YES	YES	YES	AFTER	NO	NO	NO	NO	WHITE									TRUE	40	BREAST (PARENCHYMAL)	Non-RAAS/LAAS	0
ASCProject_0157	Breast (Parenchymal)	No Mets	Breast (Parenchymal)	Breast	No Mets	No Mets		9	49	F	BREAST (PARENCHYMAL)	LEFT BREAST	0	NO	0	0									NO METS	NO METS	1879	BREAST (PARENCHYMAL)	0	0	157	DIAGNOSED	49.28219178	BREAST	BREAST	NED	YES	YES	NO		NO	NO	NO	NO	WHITE									TRUE	49	BREAST (PARENCHYMAL)	Non-RAAS/LAAS	0
ASCProject_0275	Breast (Parenchymal)	No Mets	Breast (Parenchymal)	Breast	No Mets	No Mets		9	27	F	BREAST (PARENCHYMAL)	LEFT BREAST	0	NO	0	0									NO METS	NO METS	457	BREAST (PARENCHYMAL)	0	0	275	DIAGNOSED	27.09315068	BREAST	BREAST	DK	YES	YES	YES	AFTER	YES	NO	NO	NO	WHITE									TRUE	27	BREAST (PARENCHYMAL)	Non-RAAS/LAAS	0
ASCProject_0063	HNFS	"Distant Lymph Node, Bone, Other Soft Tissues"	HNFS	Scalp	"Distant Lymph Node, Bone, Neck, Head"	"Distant Lymph Node, Bone, Neck, Head"		5	74	M	HNFS	RIGHT SCALP	0	NO	1	1	HNFS	705						705	"DISTANT LYMPH NODE, BONE, OTHER (NECK MUSCLE), OTHER(PARATOID GLAND)"	"DISTANT LYMPH NODE, BONE, OTHER (NECK MUSCLE), OTHER(PARATOID GLAND)"	852	HNFS	0	1	63	DIAGNOSED	75.46575342	SCALP	SCALP	NED	YES	YES	YES	AFTER	YES	YES	YES	NO	WHITE									TRUE	74	HNFS	Non-RAAS/LAAS	4
ASCProject_0064	HNFS	"Lung, Bone"	HNFS	Forehead	Lung	"Lung, Bone"		5	32	F	HNFS	LEFT FOREHEAD	0	NO	1	0								4146	LUNG	"LUNG, BONE"	5124	HNFS	0	1	64	DIAGNOSED	32.65753425	SCALP	"SCALP,LUNG"	LUNG	YES	YES	YES	AFTER	YES	NO	NO	NO	WHITE									TRUE	32	HNFS	Non-RAAS/LAAS	2
ASCProject_0068	Musculoskeletal	No Mets	Retroperitoneum	Retroperitoneum	No Mets	No Mets		5	55	F	"OTHER (LEFT PELVIS, RETROPERITONEUM)"	LEFT PELVIC/RETROPERITONEAL MASS	0	NO	0	0									NO METS	NO METS	1883	OTHER	0	0	68	DIAGNOSED	55.6739726	ABDOMINAL	ABDOMINAL	NED	YES	NO	NO		NO	YES	NO	NO	WHITE									TRUE	55	OTHER	Non-RAAS/LAAS	0
ASCProject_0309	Breast (Parenchymal)	NA	Breast (Parenchymal)	Breast	NA	NA		9	49	F	BREAST (PARENCHYMAL)	RIGHT BREAST	0	NO	0									NOT FOUND IN RECORD	NOT FOUND IN RECORD	NOT FOUND IN RECORD	25	BREAST (PARENCHYMAL)	0		309	DIAGNOSED	49.52328767	BREAST	BREAST	BREAST	NO		NO		YES	NO	NO	NO	WHITE									TRUE	49	BREAST (PARENCHYMAL)	Non-RAAS/LAAS	
ASCProject_0398	Breast (Parenchymal)	No Mets	Breast (Parenchymal)	Breast	No Mets	No Mets		9	33	F	BREAST (PARENCHYMAL)	LEFT BREAST	0	NO	0	0									NO METS	NO METS	209	BREAST (PARENCHYMAL)	0	0	398	DIAGNOSED	33.39178082	BREAST	BREAST	NED	YES	YES	NO		NO	NO	NO	YES	WHITE									TRUE	33	BREAST (PARENCHYMAL)	Non-RAAS/LAAS	0
ASCProject_0403	Breast (Parenchymal)	No Mets	Breast (Parenchymal)	Breast	No Mets	No Mets		9	61	F	BREAST (PARENCHYMAL)	RIGHT BREAST	0	NO	0	0									NO METS	NO METS	48	BREAST (PARENCHYMAL)	0	0	403	DIAGNOSED	61.23835616	BREAST	BREAST	NED	YES	DK	NO		NO	NO	NO	NO	WHITE									TRUE	61	BREAST (PARENCHYMAL)	Non-RAAS/LAAS	0
ASCProject_0097	HNFS	"Bone, Other Soft Tissues, Visceral Organ"	HNFS	Neck	Bone	"Bone, Skin, Visceral Organ"		5	38	F	HNFS	RIGHT NECK	1	NO	1	1	"HNFS, HNFS, HNFS, HNFS, HNFS, HNFS"	395	1066	2830	3138	3243	4329	425	BONE	"BONE, SKIN, VISCERAL ORGAN"	4759	HNFS	0	1	97	DIAGNOSED	38.47671233	HEADFACENECK	"HEADFACENECK,LIVER,BONELIMB,OTHER"	"HEADFACENECK,LIVER,BONELIMB,OTHER"	YES	NO	NO		YES	YES	NO	NO	WHITE									TRUE	38	HNFS	RAAS	3
ASCProject_0098	HNFS	"Lung, Distant Lymph Node"	HNFS	Face	Lung	"Lung, Distant Lymph Node"		5	79	M	HNFS	RIGHT EYEBROW	0	NO	1	1	HNFS	284						488	LUNG	"LUNG, DISTANT LYMPH NODE"	1006	HNFS	0	1	98	DIAGNOSED	78.99726027	HEADFACENECK	"HEADFACENECK,SCALP"	SCALP	YES	NO	YES	AFTER	YES	YES	NO	NO	WHITE									TRUE	79	HNFS	Non-RAAS/LAAS	2
ASCProject_0420	Breast (Parenchymal)	No Mets	Breast (Parenchymal)	Breast	No Mets	No Mets		9	36	F	BREAST (PARENCHYMAL)	LEFT BREAST	0	NO	0	0									NO METS	NO METS	1347	BREAST (PARENCHYMAL)	0	0	420	DIAGNOSED	36.6109589	BREAST	BREAST	NED	YES	YES	NO		NO	NO	NO	NO	WHITE									TRUE	36	BREAST (PARENCHYMAL)	Non-RAAS/LAAS	0
ASCProject_0113	HNFS	No Mets	HNFS	Forehead	No Mets	No Mets		5	35	F	HNFS	RIGHT FOREHEAD	0	NO	1	0									NO METS	NO METS	2001	HNFS	0	0	113	DIAGNOSED	35.85479452	SCALP	SCALP	NED	YES	NO	YES	AFTER	NO	NO	NO	NO	WHITE									TRUE	35	HNFS	Non-RAAS/LAAS	0
ASCProject_0134	HNFS	No Mets	HNFS	Scalp	No Mets	No Mets		5	62	F	HNFS	SCALP	0	NO	1	1	HNFS	863							NO METS	NO METS	1821	HNFS	0	0	134	DIAGNOSED	62.79452055	SCALP	"HEADFACENECK,SCALP"	"HEADFACENECK,SCALP"	YES	YES	NO		YES	YES	NO	NO	WHITE									TRUE	62	HNFS	Non-RAAS/LAAS	0
ASCProject_PMGVWU	Breast (Parenchymal)	No Mets	Breast (Parenchymal)	Breast	No Mets	No Mets		9	38	F	BREAST (PARENCHYMAL)	RIGHT BREAST	0	NO	0	0									NO METS	NO METS	595	BREAST (PARENCHYMAL)	0	0																								TRUE	38	BREAST (PARENCHYMAL)	Non-RAAS/LAAS	0
ASCProject_0165	HNFS	No Mets	HNFS	Scalp	No Mets	No Mets		5	62	M	HNFS	LEFT SIDE SCALP	0	NO	1	1	"HNFS, REGIONAL LYMPH NODE"	574	574						NO METS	NO METS	1846	HNFS	0	0	165	DIAGNOSED	62.54520548	SCALP	"HEADFACENECK,SCALP,LIVER,LUNG,LYMPH"	NED	YES	YES	YES	AFTER	NO	YES	NO	NO	"AMERICAN_INDIAN,WHITE"									TRUE	62	HNFS	Non-RAAS/LAAS	0
ASCProject_0166	HNFS	"Lung, Distant Lymph Node, Liver,  Other Soft Tissues"	HNFS	Nose	Lung	"Lung, Distant Lymph Node, Liver, Tongue"		5	58	M	HNFS	LEFT NOSE	0	NO	1	1	"REGIONAL LYMPH NODE, HNFS, HNFS"	467	1212	1294				488	LUNG	"LUNG,DISTANT LYMPH NODE, LIVER, OTHER [TONGUE]"	2680	HNFS	0	1	166	DIAGNOSED	58.47945205	HEADFACENECK	"HEADFACENECK,LIVER,LUNG,LYMPH"	NED	YES	YES	NO		NO	YES	NO	NO	WHITE									TRUE	58	HNFS	Non-RAAS/LAAS	4
ASCProject_0164	Breast (Cutaneous)	No Mets	Breast (Cutaneous)	Breast Skin	No Mets	No Mets		1	57	F	BREAST (CUTANEOUS)	LEFT BREAST SKIN	1	NO	1	0									NO METS	NO METS	974	BREAST (CUTANEOUS)	0	0	164	DIAGNOSED	57.53424658	BREAST	BREAST	NED	YES	YES	YES	AFTER	NO	YES	YES	NO	WHITE									TRUE	57	BREAST (CUTANEOUS)	RAAS	0
ASCProject_0194	Heart	"Bone, Brain"	Heart	Pericardium	Bone	"Bone, Brain"		5	32	M	CARDIAC	PERICARDIUM	0	NO	0	0								420	BONE	"BONE, BRAIN"	896	CARDIAC	0	1	194	DIAGNOSED	32.29589041	HEART	OTHER	"HEART,OTHER"	YES	NO	NO		YES	NO	NO	NO	WHITE									TRUE	32	HEART	Non-RAAS/LAAS	2
ASCProject_0088	Breast (Cutaneous)	No Mets	Breast (Cutaneous)	Breast Skin	No Mets	No Mets		2	47	F	BREAST (CUTANEOUS)	RIGHT BREAST SKIN	1	NO	1	1	RIGHT CHEST WALL SKIN	782							NO METS	NO METS	1288	BREAST (CUTANEOUS)	0	0	88	DIAGNOSED	47.13424658	BREAST	BREAST	BREAST	YES	YES	YES	BOTH	YES	YES	YES	NO	WHITE									TRUE	47	BREAST (CUTANEOUS)	RAAS	0
ASCProject_0146	Breast (Cutaneous)	No Mets	Breast (Cutaneous)	Breast	No Mets	No Mets		2	67	F	BREAST (CUTANEOUS)	RIGHT BREAST	1	NO	1	1	RIGHT BREAST SKIN	105							NO METS	NO METS	1901	BREAST (CUTANEOUS)	0	0	146	DIAGNOSED	67.47671233	BREAST	BREAST	NED	YES	NO	NO		YES	YES	YES	NO	WHITE									TRUE	67	BREAST (CUTANEOUS)	RAAS	0
ASCProject_0220	HNFS	No Mets	HNFS	Temple	No Mets	No Mets		5	67	F	HNFS	LEFT TEMPORAL REGION	0	NO	1	1	"HNFS, HNFS, HNFS, HNFS, HNFS"	999	1322	1658	1792	2038			NO METS	NO METS	3343	HNFS	0	0	220	DIAGNOSED	67.06027397	HEADFACENECK	HEADFACENECK	NED	YES	NO	YES	AFTER	YES	NO	NO	NO	WHITE									TRUE	67	HNFS	Non-RAAS/LAAS	0
ASCProject_0020	Breast (Cutaneous)	No Mets	Breast (Cutaneous)	Thorax and trunk	No Mets	No Mets		3	53	F	SKIN-CUTANEOUS (ASSOCIATED WITH PRIOR RT)	RIGHT ANTERIOR CHEST WALL LESION	1	NO	1	0									NO METS	NO METS	1809	BREAST (CUTANEOUS)	0	0	20	DIAGNOSED	53.07945205	OTHER	OTHER	NED	YES	YES	YES	AFTER	NO	YES	YES	NO	WHITE									TRUE	53	BREAST (CUTANEOUS)	RAAS	0
ASCProject_0222	HNFS	Distant Lymph Node	HNFS	Nose	Distant Lymph Node	Distant Lymph Node		5	74	M	HNFS	SKIN UNDERNEATH NOSE	0	NO	1	1	HNFS	666						666	DISTANT LYMPH NODE	DISTANT LYMPH NODE	1360	HNFS	0	1	222	DIAGNOSED	74.46849315	HEADFACENECK	HEADFACENECK	HEADFACENECK	YES	NO	YES	AFTER	YES	NO	NO	NO	WHITE									TRUE	74	HNFS	Non-RAAS/LAAS	1
ASCProject_0261	Hepatobiliary	"Bone, Liver, Lung"	Spleen	Spleen	"Bone, Liver"	"Bone, Liver, Lung"		5	62	M	SPLEEN	SPLEEN	0	NO	0	1	"OTHER (LUQ ABDOMEN) , SPLEEN"	83	727					0	"BONE, LIVER"	"BONE, LIVER, OTHER(DIAPHRAGM)"	729	SPLEEN	0	1	261	DIAGNOSED	62.86575342	SPLEEN	"SPLEEN,ABDOMINAL"	ABDOMINAL	YES	YES	NO		YES	YES	NO	NO	WHITE									TRUE	62	SPLEEN	Non-RAAS/LAAS	3
ASCProject_0175	Breast (Cutaneous)	No Mets	Breast (Cutaneous)	Breast	No Mets	No Mets		3	71	F	BREAST (CUTANEOUS)	RIGHT BREAST	1	NO	1	0									NO METS	NO METS	2681	BREAST (CUTANEOUS)	0	0	175	DIAGNOSED	71.38630137	BREAST	BREAST	NED	YES	YES	NO		NO	YES	YES	NO	WHITE									TRUE	71	BREAST (CUTANEOUS)	RAAS	0
ASCProject_0345	Breast (Cutaneous)	No Mets	Breast (Cutaneous)	Breast Skin	No Mets	No Mets		3	67	F	BREAST (CUTANEOUS)	LEFT BREAST SKIN	1	NO	1	0									NO METS	NO METS	1733	BREAST (CUTANEOUS)	0	0	345	DIAGNOSED	67.06849315	BREAST	BREAST	NED	YES	YES	NO		YES	YES	YES	NO	WHITE									TRUE	67	BREAST (CUTANEOUS)	RAAS	0
ASCProject_0372	Breast (Cutaneous)	No Mets	Breast (Cutaneous)	Breast	No Mets	No Mets		3	47	F	BREAST (CUTANEOUS)	RIGHT BREAST	1	NO	1	0									NO METS	NO METS	369	BREAST (CUTANEOUS)	0	0	372	DIAGNOSED	47.32876712	BREAST	BREAST	BREAST	YES	NO	NO		NO	YES	YES	NO	WHITE									TRUE	47	BREAST (CUTANEOUS)	RAAS	0
ASCProject_0293	Hepatobiliary	Lung	Liver	Liver	Lung	Lung		7	3	F	VISCERAL ORGAN	LIVER	0	NO	0	1	VISCERAL ORGAN	197						197	LUNG	LUNG	374	LIVER	0	1	293	DIAGNOSED	2.539726027	LIVER	LIVER	LIVER	NO		NO		YES	NO	NO	NO	WHITE									TRUE	3	LIVER	Non-RAAS/LAAS	1
ASCProject_0294	HNFS	No Mets	HNFS	Scalp	No Mets	No Mets		7	70	M	HNFS	SCALP VERTEX	0	NO	1	1	HNFS	323							NO METS	NO METS	421	HNFS	0	0	294	DIAGNOSED	70.66027397	SCALP	SCALP	SCALP	NO		NO		YES	YES	YES	NO	"AMERICAN_INDIAN,WHITE"									TRUE	70	HNFS	Non-RAAS/LAAS	0
ASCProject_0321	Extremities	NA	Lower Extremity	Leg	NA	NA		7	67	F	SKIN-CUTANEOUS (ASSOCIATED WITH LYMPHEDEMA)	RIGHT FORELEG	0	YES	1		NOT FOUND IN RECORD	NOT FOUND IN RECORD	NOT FOUND IN RECORD	NOT FOUND IN RECORD	NOT FOUND IN RECORD	NOT FOUND IN RECORD	NOT FOUND IN RECORD	NOT FOUND IN RECORD	NOT FOUND IN RECORD	NOT FOUND IN RECORD	39	EXTREMITY	1		321	DIAGNOSED	67.16986301	OTHER	OTHER	OTHER	YES	NO	NO		YES	NO	NO	NO	WHITE									TRUE	67	BONELIMB	LAAS	
ASCProject_0023	HNFS	NA	HNFS	Lip	NA	NA		8	22	M	HNFS	LEFT LOWER LIP	0	NO	1		NOT FOUND IN RECORD	NOT FOUND IN RECORD	NOT FOUND IN RECORD	NOT FOUND IN RECORD	NOT FOUND IN RECORD	NOT FOUND IN RECORD	NOT FOUND IN RECORD	NOT FOUND IN RECORD	NOT FOUND IN RECORD	NOT FOUND IN RECORD	12965	HNFS	0		23	DIAGNOSED	22.00273973	HEADFACENECK	HEADFACENECK	NED	YES	YES	YES	AFTER	NO	YES	NO	NO	WHITE									TRUE	22	HNFS	Non-RAAS/LAAS	
ASCProject_0385	Breast (Cutaneous)	No Mets	Breast (Cutaneous)	Breast	No Mets	No Mets		3	65	F	BREAST (CUTANEOUS)	LEFT BREAST	1	NO	1	1	LEFT CHEST WALL	321							NO METS	NO METS	673	BREAST (CUTANEOUS)	0	0	385	DIAGNOSED	65.18630137	BREAST	BREAST	BREAST	YES	NO	NO		YES	YES	YES	NO	WHITE									TRUE	65	BREAST (CUTANEOUS)	RAAS	0
ASCProject_0058	HNFS	No Mets	HNFS	Nose	No Mets	No Mets		8	41	M	HNFS	SKIN OF NOSE	0	NO	1	0									NO METS	NO METS	5088	HNFS	0	0	58	DIAGNOSED	41.67671233	HEADFACENECK	HEADFACENECK	NED	YES	YES	YES	AFTER	NO	NO	DK	NO	WHITE									TRUE	41	HNFS	Non-RAAS/LAAS	0
ASCProject_0387	Breast (Cutaneous)	No Mets	Breast (Cutaneous)	Breast	No Mets	No Mets		3	66	F	BREAST (CUTANEOUS)	LEFT BREAST	1	NO	1	0									NO METS	NO METS	249	BREAST (CUTANEOUS)	0	0	387	DIAGNOSED	66.1260274	BREAST	BREAST	NED	YES	YES			NO	YES	YES	NO	"NATIVE_HAWAIIAN,WHITE"									TRUE	66	BREAST (CUTANEOUS)	RAAS	0
ASCProject_0057	Breast (Cutaneous)	No Mets	Breast (Cutaneous)	Breast Skin	No Mets	No Mets		4	71	F	BREAST (CUTANEOUS)	RIGHT UPPER OUTER BREAST SKIN	1	NO	1	1	RIGHT CHEST WALL SKIN	270							NO METS	NO METS	1512	BREAST (CUTANEOUS)	0	0	57	DIAGNOSED	71.12876712	BREAST	BREAST	NED	YES	YES	NO		NO	YES	YES	NO	WHITE									TRUE	71	BREAST (CUTANEOUS)	RAAS	0
ASCProject_0135	Breast (Cutaneous)	Distant Lymph Node	Breast (Cutaneous)	Breast	Distant Lymph Node	Distant Lymph Node		4	66	F	BREAST (CUTANEOUS)	RIGHT BREAST 	1	NO	1	1	REGIONAL LYMPH NODE	119						119	DISTANT LYMPH NODE	DISTANT LYMPH NODE	1027	BREAST (CUTANEOUS)	0	1	135	DIAGNOSED	66.71780822	BREAST	BREAST	NED	YES	YES	NO		NO	YES	YES	NO	WHITE									TRUE	66	BREAST (CUTANEOUS)	RAAS	1
ASCProject_0065	Musculoskeletal	No Mets	Retroperitoneum	Retroperitoneum	No Mets	No Mets		9	60	F	"OTHER (LEFT RETROPERITONEUM, ADRENAL GLAND)"	LEFT RETROPERITONEAL MASS/ADRENAL GLAND	0	NO	0	0									NO METS	NO METS	2501	OTHER	0	0	65	DIAGNOSED	60.22191781	"SPLEEN,OTHER"	OTHER	NED	YES	YES	NO		NO	YES	NO	NO	WHITE									TRUE	60	OTHER	Non-RAAS/LAAS	0
ASCProject_0148	Breast (Cutaneous)	No Mets	Breast (Cutaneous)	Breast Skin	No Mets	No Mets		4	56	F	BREAST (CUTANEOUS)	RIGHT BREAST SKIN	1	YES	1	1	RIGHT CHEST WALL SKIN	293							NO METS	NO METS	465	BREAST (CUTANEOUS)	1	0	148	DIAGNOSED	56.4630137	BREAST	BREAST	BREAST	YES	YES	NO		NO	YES	YES	NO	WHITE									TRUE	56	BREAST (CUTANEOUS)	RAAS & LAAS	0
ASCProject_0159	Breast (Cutaneous)	Lung	Breast (Cutaneous)	Thorax and trunk	Lung	Lung		4	60	F	BREAST (CUTANEOUS)	LEFT CHEST WALL SKIN	1	NO	1	0								273	LUNG	LUNG	2718	BREAST (CUTANEOUS)	0	1	159	DIAGNOSED	61.11232877	BREAST	OTHER	OTHER	YES	DK	YES	AFTER	NO	YES	YES	NO	WHITE									TRUE	60	BREAST (CUTANEOUS)	RAAS	1
ASCProject_0170	Breast (Cutaneous)	No Mets	Breast (Cutaneous)	Breast	No Mets	No Mets		4	64	F	BREAST (CUTANEOUS)	LEFT BREAST	1	NO	1	1	"LEFT BREAST SKIN, LEFT BREAST SKIN"	339	692						NO METS	NO METS	970	BREAST (CUTANEOUS)	0	0	170	DIAGNOSED	64.6630137	OTHER	OTHER	NED	YES	YES	YES	AFTER	DK	YES	YES	NO	WHITE									TRUE	64	BREAST (CUTANEOUS)	RAAS	0
ASCProject_0047	Breast (Cutaneous)	No Mets	Breast (Cutaneous)	Breast	No Mets	No Mets		5	68	F	BREAST (CUTANEOUS)	RIGHT BREAST 	1	NO	1	0									NO METS	NO METS	492	BREAST (CUTANEOUS)	0	0	47	DIAGNOSED	68.2630137	BREAST	BREAST	DK	YES	YES	NO		NO	YES	YES	NO	WHITE									TRUE	68	BREAST (CUTANEOUS)	RAAS	0
ASCProject_0059	Breast (Cutaneous)	No Mets	Breast (Cutaneous)	Breast	No Mets	No Mets		5	52	F	BREAST (CUTANEOUS)	LEFT BREAST	1	NO	1	0									NO METS	NO METS	945	BREAST (CUTANEOUS)	0	0	59	DIAGNOSED	52.87123288	BREAST	BREAST	NED	YES	YES	NO		NO	YES	YES	NO	"AMERICAN_INDIAN,WHITE"									TRUE	52	BREAST (CUTANEOUS)	RAAS	0
ASCProject_0167	Breast (Cutaneous)	NA	Breast (Cutaneous)	Breast	NA	NA		5	65	F	BREAST (CUTANEOUS)	LEFT BREAST 	1	NO	1	1	"LEFT CHEST WALL SKIN, LEFT CHEST WALL"	438	1071					NOT FOUND IN RECORD	NOT FOUND IN RECORD	NOT FOUND IN RECORD	3353	BREAST (CUTANEOUS)	0		167	DIAGNOSED	65.37808219	BREAST	BREAST	NED	YES	YES	YES	BOTH	NO	YES	YES	NO	WHITE									TRUE	65	BREAST (CUTANEOUS)	RAAS	
ASCProject_0202	Breast (Cutaneous)	No Mets	Breast (Cutaneous)	Breast Skin	No Mets	No Mets		5	51	F	BREAST (CUTANEOUS)	LEFT BREAST SKIN	1	NO	1	0									NO METS	NO METS	1463	BREAST (CUTANEOUS)	0	0	202	DIAGNOSED	51.87671233	BREAST	BREAST	NED	YES	YES	NO		NO	YES	YES	NO	WHITE									TRUE	51	BREAST (CUTANEOUS)	RAAS	0
ASCProject_0158	Other Visceral Organs	Distant Lymph Node	Bowel	Bowel	Distant Lymph Node	Distant Lymph Node		9	50	M	VISCERAL ORGAN	SMALL BOWEL	0	NO	0		NOT FOUND IN RECORD	NOT FOUND IN RECORD	NOT FOUND IN RECORD	NOT FOUND IN RECORD	NOT FOUND IN RECORD	NOT FOUND IN RECORD	NOT FOUND IN RECORD	87	DISTANT LYMPH NODE	DISTANT LYMPH NODE	1978	VISCERAL ORGAN	0	1	158	DIAGNOSED	50.23561644	ABDOMINAL	"LYMPH,ABDOMINAL"	NED	YES	YES	NO		NO	YES	NO	NO	WHITE									TRUE	50	VISCERAL ORGAN	Non-RAAS/LAAS	1
ASCProject_0205	HNFS	"Distant Lymph Node, Lung"	HNFS	Nose	Distant Lymph Node	"Distant Lymph Node, Lung"		9	56	M	HNFS	NOSE	0	NO	1	1	HNFS							164	DISTANT LYMPH NODE	"DISTANT LYMPH NODE, LUNG, OTHER (PLEURA)"	507	HNFS	0	1	205	DIAGNOSED	56.62191781	HEADFACENECK	"HEADFACENECK,LYMPH"	LYMPH	YES	YES	YES	AFTER	YES	NO	NO	NO	WHITE									TRUE	56	HNFS	Non-RAAS/LAAS	3
ASCProject_0218	Extremities	Distant Lymph Node	Lower Extremity	Leg	Distant Lymph Node	Distant Lymph Node		9	29	M	EXTREMITY	BONE - LEFT TIBIA	0	NO	0	1	EXTREMITY 	434						610	DISTANT LYMPH NODE	DISTANT LYMPH NODE	1179	EXTREMITY	0	1	218	DIAGNOSED	29.45205479	BONELIMB	"LYMPH,BONELIMB"	"LYMPH,BONELIMB"	YES	DK	NO		YES	NO	NO	NO	WHITE									TRUE	29	BONELIMB	Non-RAAS/LAAS	1
ASCProject_0226	Missing or Unknown	NA	NA	NA	NA	NA		9	NOT FOUND IN RECORD	F	NOT FOUND IN RECORD	NOT FOUND IN RECORD		NOT FOUND IN RECORD			NOT FOUND IN RECORD	NOT FOUND IN RECORD	NOT FOUND IN RECORD	NOT FOUND IN RECORD	NOT FOUND IN RECORD	NOT FOUND IN RECORD	NOT FOUND IN RECORD	NOT FOUND IN RECORD	NOT FOUND IN RECORD	NOT FOUND IN RECORD	NOT FOUND IN RECORD	NA			226	DIAGNOSED	44.89315068	"LUNG,ABDOMINAL"	"LUNG,ABDOMINAL"	"LUNG,ABDOMINAL"	YES	NO	YES	AFTER	YES	NO	NO	NO	WHITE									TRUE				
ASCProject_0252	Musculoskeletal	Liver	Bone	Bone	Liver	Liver		9	53	F	OTHER (BONE)	L1 VERTEBRAE 	0	NO	0	0								280	LIVER	LIVER	912	BONE	0	1	252	DIAGNOSED	53.02191781	BONELIMB	BONELIMB	BONELIMB	NO		NO		YES	NO	NO	NO	WHITE									TRUE	53	BONELIMB	Non-RAAS/LAAS	1
ASCProject_0257	Heart	Lung	Heart	Atrium	Lung	Lung		9	75	F	CARDIAC	RIGHT ATRIUM	0	NO	0	0								35	LUNG	LUNG	817	CARDIAC	0	1	257	DIAGNOSED	75.50410959	HEART	HEART	HEART	YES	NO	YES	AFTER	NO	NO	NO	NO	WHITE									TRUE	75	HEART	Non-RAAS/LAAS	1
ASCProject_0264	Heart	"Liver, Spleen, Bone, Brain"	Heart	Lung	Brain	"Liver, Spleen, Bone, Brain"		9	56	M	CARDIAC	LUNG	0	NO	0	0								-23	BRAIN 	"LIVER, SPLEEN, BONE, BRAIN, SKIN"	342	CARDIAC	0	1	264	DIAGNOSED	56.68767123	"HEART,LIVER,SPLEEN,LUNG,BRAIN"	"HEART,LIVER,SPLEEN,LUNG,BRAIN"	"LUNG,BRAIN"	NO		YES		YES	NO	NO	NO	WHITE									TRUE	56	HEART	Non-RAAS/LAAS	5
ASCProject_0289	Breast (Cutaneous)	"Trunk, Distant Lymph Node, Lung"	Breast (Cutaneous)	Breast	Trunk	"Trunk, Distant Lymph Node, Lung"		5	62	F	BREAST (CUTANEOUS)	RIGHT BREAST 	1	NO	1	1	"RIGHT CHEST WALL, RIGHT CHEST WALL, RIGHT CHEST WALL, RIGHT CHEST WALL"	1838	1917	1982	2127			2154	TRUNK	"TRUNK, DISTANT LYMPH NODE, LUNG "	2575	BREAST (CUTANEOUS)	0	1	289	DIAGNOSED	60.61917808	BREAST	"BREAST,LYMPH"	"BREAST,LUNG,NED"	YES	NO	NO		YES	YES	NO	NO	"AMERICAN_INDIAN,BLACK,WHITE,OTHER"									TRUE	62	BREAST (CUTANEOUS)	RAAS	3
ASCProject_0356	Breast (Cutaneous)	Trunk	Breast (Cutaneous)	Breast	Abdomin and Pelvis	Abdomin and Pelvis		6	57	F	BREAST (CUTANEOUS)	RIGHT BREAST	1	NO	1	0								360	OTHER [PERITONEAL CAVITY]	OTHER [PERITONEAL CAVITY]	373	BREAST (CUTANEOUS)	0	1	356	DIAGNOSED	57.56164384	BREAST	BREAST	BREAST	YES	YES	NO		YES	YES	YES	NO	WHITE									TRUE	57	BREAST (CUTANEOUS)	RAAS	1
ASCProject_0301	HNFS	No Mets	HNFS	Temple	No Mets	No Mets		9	63	F	HNFS	RIGHT TEMPLE	0	NO	1	1	REGIONAL LYMPH NODE	757							NO METS	NO METS	897	HNFS	0	0																								TRUE	63	HNFS	Non-RAAS/LAAS	0
ASCProject_PZUDLM	Breast (Cutaneous)	No Mets	Breast (Cutaneous)	Breast	No Mets	No Mets		8	34	F	BREAST (CUTANEOUS)	RIGHT BREAST	1	NO	1	0									NO METS	NO METS	4889	BREAST (CUTANEOUS)	0	0																								TRUE	34	BREAST (CUTANEOUS)	RAAS	0
ASCProject_0099	Breast (Cutaneous)	No Mets	Breast (Cutaneous)	Breast	No Mets	No Mets		9	70	F	BREAST (CUTANEOUS)	RIGHT BREAST	1	NO	1	0									NO METS	NO METS	268	BREAST (CUTANEOUS)	0	0	99	DIAGNOSED	70.39178082	BREAST	BREAST	BREAST	NO		NO		YES	YES	NO	NO	WHITE									TRUE	70	BREAST (CUTANEOUS)	RAAS	0
ASCProject_0109	Breast (Cutaneous)	"Breast, Liver, Bone"	Breast (Cutaneous)	Breast	Breast	"Breast, Liver, Bone Marrow"		9	55	F	BREAST (CUTANEOUS)	LEFT BREAST	1	NO	1	1	"LEFT BREAST SKIN, LEFT CHEST WALL"	610	1492					1060	OTHER (RIGHT BREAST SKIN)	"OTHER(RIGHT BREAST SKIN), LIVER, OTHER [BONE MARROW, PERITONEAL FLUID]"	2543	BREAST (CUTANEOUS)	0	1	109	DIAGNOSED	55.75616438	BREAST	BREAST	BREAST	YES	NO	NO		NO	YES	YES	NO	WHITE									TRUE	55	BREAST (CUTANEOUS)	RAAS	4
ASCProject_0118	Breast (Cutaneous)	Bone	Breast (Cutaneous)	Breast	Bone	Bone		9	45	F	BREAST (CUTANEOUS)	LEFT BREAST	1	NO	1	0								13	BONE	BONE	1392	BREAST (CUTANEOUS)	0	1	118	DIAGNOSED	45.20273973	BREAST	"BREAST,BONELIMB,OTHER"	NED	YES	YES	NO		NO	YES	YES	NO	WHITE									TRUE	45	BREAST (CUTANEOUS)	RAAS	1
ASCProject_0268	Breast (Cutaneous)	No Mets	Breast (Cutaneous)	Breast	No Mets	No Mets		9	47	F	BREAST (CUTANEOUS)	RIGHT BREAST	1	NO	1	0									NO METS	NO METS	358	BREAST (CUTANEOUS)	0	0	268	DIAGNOSED	46.79178082	BREAST	BREAST	NED	YES	YES	NO		NO	YES	YES	NO	WHITE									TRUE	47	BREAST (CUTANEOUS)	RAAS	0
ASCProject_0332	Breast (Cutaneous)	Lung	Breast (Cutaneous)	Breast	Lung	Lung		9	75	F	BREAST (CUTANEOUS)	LEFT BREAST	1	NO	1	0								150	LUNG	LUNG	3424	BREAST (CUTANEOUS)	0	1	332	DIAGNOSED	75.75616438	BREAST	LUNG	NED	YES	YES	NO		NO	YES	YES	NO	WHITE									TRUE	75	BREAST (CUTANEOUS)	RAAS	1
ASCProject_0401	Other Visceral Organs	No Mets	Kidney	Adrenal Gland	No Mets	No Mets		9	55	M	VISCERAL ORGAN	ADRENAL GLAND	0	NO	0	0									NO METS	NO METS	64	VISCERAL ORGAN	0	0	401	DIAGNOSED	55.36712329	"LIVER,LYMPH,ABDOMINAL,OTHER"	OTHER	NED	YES	NO	NO		YES	NO	NO	NO	WHITE									TRUE	55	VISCERAL ORGAN	Non-RAAS/LAAS	0
ASCProject_0341	Breast (Cutaneous)	Lung	Breast (Cutaneous)	Breast	Lung	Lung		9	71	F	BREAST (CUTANEOUS)	LEFT BREAST	1	NO	1	0									NO METS	NO METS	1009	BREAST (CUTANEOUS)	0	0	341	DIAGNOSED	71.24657534	BREAST	BREAST	NED	YES	YES	YES	BEFORE	NO	YES	YES	NO	WHITE									TRUE	71	BREAST (CUTANEOUS)	RAAS	0
ASCProject_0368	Breast (Cutaneous)	No Mets	Breast (Cutaneous)	Breast	No Mets	No Mets		9	65	F	BREAST (CUTANEOUS)	RIGHT BREAST	1	NO	1	0									NO METS	NO METS	252	BREAST (CUTANEOUS)	0	0	368	DIAGNOSED	65.86849315	BREAST	BREAST	NED	YES	YES	NO		NO	YES	YES		WHITE									TRUE	65	BREAST (CUTANEOUS)	RAAS	0
ASCProject_0418	Hepatobiliary	No Mets	Spleen	Spleen	No Mets	No Mets		9	56	F	SPLEEN	SPLEEN	0	NO	0	1	OTHER [SPLENECTOMY BED]	124						124	NO METS	NO METS	144	SPLEEN	0	0	418	DIAGNOSED	56.92328767	SPLEEN	ABDOMINAL	ABDOMINAL	YES	YES	NO		NO	YES	NO	NO	WHITE									TRUE	56	SPLEEN	Non-RAAS/LAAS	0
ASCProject_0393	Breast (Cutaneous)	No Mets	Breast (Cutaneous)	Breast	No Mets	No Mets		9	75	F	BREAST (CUTANEOUS)	LEFT BREAST	1	NO	1	1	LEFT BREAST SKIN	115							NO METS	NO METS	890	BREAST (CUTANEOUS)	0	0	393	DIAGNOSED	75.35342466	BREAST	BREAST	NED	YES	YES	YES	AFTER	YES	YES	YES	NO	WHITE									TRUE	75	BREAST (CUTANEOUS)	RAAS	0
ASCProject_0422	Extremities	"Distant Lymph Node, Trunk"	Lower Extremity	Leg	Distant Lymph Node	"Distant Lymph Node, Abdomin and Pelvis"		9	62	F	SKIN-CUTANEOUS (ASSOCIATED WITH LYMPHEDEMA)	LEFT LATERAL LEG	1	YES	1	0								262	DISTANT LYMPH NODE	"DISTANT LYMPH NODE, OTHER[GROIN]"	1736	EXTREMITY	1	1	422	DIAGNOSED	62.15068493	OTHER	"LYMPH,BONELIMB,ABDOMINAL"	"LYMPH,BONELIMB,ABDOMINAL"	NO		NO		YES	YES	YES	NO	WHITE									TRUE	62	BONELIMB	RAAS & LAAS	2
ASCProject_P2HVYU	HNFS	No Mets	HNFS	Scalp	No Mets	No Mets		9	69	M	HNFS	SCALP	0	NO	1	1	HNFS	609							NO METS	NO METS	2072	HNFS	0	0																								TRUE	69	HNFS	Non-RAAS/LAAS	0
ASCProject_0414	Breast (Cutaneous)	No Mets	Breast (Cutaneous)	Breast Skin	No Mets	No Mets		9	50	F	BREAST (CUTANEOUS)	RIGHT BREAST SKIN	0	NO	1	0									NO METS	NO METS	1061	BREAST (CUTANEOUS)	0	0	414	DIAGNOSED	50.03561644	BREAST		BREAST	YES	YES	NO		YES	YES	NO	NO	WHITE									TRUE	50	BREAST (CUTANEOUS)	Non-RAAS/LAAS	0
ASCProject_P8B8WN	Breast (Cutaneous)	No Mets	Breast (Cutaneous)	Breast	No Mets	No Mets		9	56	F	BREAST (CUTANEOUS)	LEFT BREAST	1	NO	1	1	LEFT CHEST WALL SKIN	2429							NO METS	NO METS	2450	BREAST (CUTANEOUS)	0	0	P8B8WN	DIAGNOSED	56	BREAST	BREAST	BREAST	YES	NO	NO		YES	YES	YES	NO	WHITE									TRUE	56	BREAST (CUTANEOUS)	RAAS	0
ASCProject_PGXPR8	Musculoskeletal	"Visceral Organ, Lung"	Bone	Abdomin and Pelvis	Visceral Organ	"Visceral Organ, Lung"		9	44	F	OTHER (BONE)	LEFT PELVIC MASS	0	NO	0	0								0	VISCERAL ORGAN	"VISCERAL ORGAN, LUNG"	254	BONE	0	1																								TRUE	44	BONELIMB	Non-RAAS/LAAS	2
ASCProject_PKDW2V	HNFS	No Mets	HNFS	Forehead	No Mets	No Mets		9	59	F	HNFS	LEFT MEDIAL FOREHEAD	0	NO	1	0									NO METS	NO METS	522	HNFS	0	0																								TRUE	59	HNFS	Non-RAAS/LAAS	0
ASCProject_PKGZN6	Other Visceral Organs	NA	Bowel	Bowel	NA	NA		9	76	M	VISCERAL ORGAN	SMALL BOWEL	0	NO	0										NOT FOUND IN RECORD		3	VISCERAL ORGAN	0																									TRUE	76	VISCERAL ORGAN	Non-RAAS/LAAS	
ASCProject_PAMWDK	Breast (Cutaneous)	No Mets	Breast (Cutaneous)	Breast Skin	No Mets	No Mets		9	72	F	BREAST (CUTANEOUS)	LEFT BREAST SKIN	1	NO	1	0									NO METS	NO METS	61	BREAST (CUTANEOUS)	0	0	PAMWDK	DIAGNOSED	72.22191781	BREAST	BREAST	DK	YES	YES	DK		YES	YES	YES	NO	WHITE									TRUE	72	BREAST (CUTANEOUS)	RAAS	0
ASCProject_PN38F9	Breast (Cutaneous)	No Mets	Breast (Cutaneous)	Breast	No Mets	No Mets		9	71	F	BREAST (CUTANEOUS)	LEFT BREAST	1	NO	1	1	LEFT CHEST WALL	318							NO METS	NO METS	366	BREAST (CUTANEOUS)	0	0	PN38F9	DIAGNOSED	71	BREAST	BREAST	BREAST	YES	YES	NO		YES	YES	YES	NO	WHITE									TRUE	71	BREAST (CUTANEOUS)	RAAS	0
ASCProject_PRDZ3M	Extremities	"Lung, Distant Lymph Node, Bone, Trunk"	Upper Extremity	Shoulder	Lung	"Lung, Distant Lymph Node, Bone, Trunk"		9	51	M	SKIN-CUTANEOUS (ASSOCIATED WITH LYMPHEDEMA)	ERYTHEMATOUS LESION ON LEFT SCAPULAR/LEFT UPPER BACK	0	YES	1	1	EXTREMITY 	1333						1554	LUNG	"LUNG, DISTANT LYMPH NODE, BONE, TRUNK"	1773	OTHER	1	1																								TRUE	51	OTHER	LAAS	4
ASCProject_PWNLUF	Breast (Cutaneous)	NA	Breast (Cutaneous)	Breast	NA	NA		9	68	F	BREAST (CUTANEOUS)	LEFT BREAST	1	NO	1										NOT FOUND IN RECORD		62	BREAST (CUTANEOUS)	0																									TRUE	68	BREAST (CUTANEOUS)	RAAS	
ASCProject_PXPTMJ	HNFS	NA	HNFS	Face	NA	NA		9	78	M	HNFS	RIGHT MEDIAL CHEEK	0	NO	1										NOT FOUND IN RECORD		294	HNFS	0		PXPTMJ	DIAGNOSED	79	HEADFACENECK	HEADFACENECK	NED	YES	YES	YES	AFTER	YES	YES	NO	NO	WHITE									TRUE	78	HNFS	Non-RAAS/LAAS	
ASCProject_PYMFBV	Extremities	Lung	Upper Extremity	Arm	Lung	Lung		9	60	M	EXTREMITY	LEFT UPPER EXTREMITY AV FISTULA 	0	NO	0	0								42	LUNG	LUNG	50	EXTREMITY	0	1	PYMFBV	DIAGNOSED	60	OTHER		DK	NO		NO		NO	NO	NO	NO	WHITE									TRUE	60	BONELIMB	Non-RAAS/LAAS	1
ASCProject_PZCXCF	Hepatobiliary	"Liver, Bone"	Spleen	Spleen	Liver	"Liver, Bone"		9	59	M	SPLEEN	SPLEEN	0	NO	0	0								0	LIVER	"LIVER, BONE"	49	SPLEEN	0	1	PZCXCF	DIAGNOSED	59	"LIVER,SPLEEN"	"LIVER,SPLEEN"	"LIVER,SPLEEN"	YES	YES	NO		NO	NO	NO	NO	WHITE									TRUE	59	SPLEEN	Non-RAAS/LAAS	2
ASCProject_0042	HNFS	No Mets	HNFS	Scalp	No Mets	No Mets		10	83	F	HNFS	LEFT SCALP	0	NO	1	0									NO METS	NO METS	355	HNFS	0	0	42	DIAGNOSED	83.2630137	SCALP	"HEADFACENECK,SCALP"	NED	NO		YES			NO	NO	NO	WHITE									TRUE	83	HNFS	Non-RAAS/LAAS	0
ASCProject_0369	Other Visceral Organs	No Mets	Ovary	Ovary	No Mets	No Mets		10	38	F	VISCERAL ORGAN	OVARY	0	NO	0	0									NO METS	NO METS	190	VISCERAL ORGAN	0	0	369	DIAGNOSED	39.02191781	ABDOMINAL	ABDOMINAL	DK	YES	DK	NO		YES	NO	NO	NO	WHITE									TRUE	38	VISCERAL ORGAN	Non-RAAS/LAAS	0
ASCProject_0078	Breast (Cutaneous)	No Mets	Breast (Cutaneous)	Breast Skin	No Mets	No Mets		11	64	F	BREAST (CUTANEOUS)	LEFT BREAST SKIN	1	NO	1	1	"LEFT CHEST WALL SKIN, LEFT CHEST WALL SKIN, LEFT CHEST WALL SKIN, LEFT CHEST WALL SKIN, LEFT CHEST WALL SKIN"	1962	2345	2904	3136	3653			NO METS	NO METS	4178	BREAST (CUTANEOUS)	0	0	78	DIAGNOSED	64.82465753	BREAST	"BREAST,LYMPH"	BREAST	YES	YES	NO		NO	YES	YES	NO	WHITE									TRUE	64	BREAST (CUTANEOUS)	RAAS	0
ASCProject_0034	Other Rare Sites	No Mets	Penis	Penis	No Mets	No Mets		12	57	M	OTHER [PENIS]	SCROTUM	0	NO	0	0									NO METS	NO METS	1582	OTHER	0	0	34	DIAGNOSED	57.83287671	OTHER		OTHER	NO		NO		YES	NO	NO	NO	WHITE									TRUE	57	OTHER	Non-RAAS/LAAS	0
ASCProject_0052	Extremities	Lung	Lower Extremity	Hip	Lung	Lung		12	27	M	EXTREMITY	LEFT FEMUR/LEFT HIP MASS	0	NO	0	0								5	LUNG	"LUNG, EXTREMITY"	1394	EXTREMITY	0	1	52	DIAGNOSED	27.57808219	BONELIMB	"LUNG,OTHER"	NED	YES	YES	NO		NO	NO	NO	YES	WHITE									TRUE	27	BONELIMB	Non-RAAS/LAAS	2
ASCProject_0074	HNFS	No Mets	HNFS	Lip	No Mets	No Mets		12	83	M	HNFS	RIGHT UPPER LIP	0	NO	1	0									NO METS	NO METS	161	HNFS	0	0	74	DIAGNOSED	84.04383562	HEADFACENECK	HEADFACENECK	HEADFACENECK	NO		YES	BEFORE	YES	YES	NO	NO	"BLACK,WHITE"									TRUE	83	HNFS	Non-RAAS/LAAS	0
ASCProject_0120	HNFS	No Mets	HNFS	Scalp	No Mets	No Mets		12	56	F	HNFS	SCALP	0	NO	1	1	HNFS	395	761	1034					NO METS	NO METS	1291	HNFS	0	0	120	DIAGNOSED	57	SCALP	SCALP	SCALP	YES	NO	YES	AFTER	YES	NO	NO	NO	BLACK									TRUE	56	HNFS	Non-RAAS/LAAS	0
ASCProject_0168	Missing or Unknown	"Liver, Lung, Distant Lymph Node, Visceral Organ"	Primary Site Unknown	Liver	"Liver, Lung, Distant Lymph Node, Visceral Organ"	"Liver, Lung, Distant Lymph Node, Visceral Organ"		12	20	M	OTHER [PRIMARY SITE UNKNOWN]	LIVER	0	NO	0	0								0	"LIVER, LUNG, DISTANT LYMPH NODE, VISCERAL ORGAN"	"LIVER, LUNG, DISTANT LYMPH NODE, VISCERAL ORGAN"	217	OTHER	0	1	168	DIAGNOSED	21.01369863	"LIVER,LUNG,ABDOMINAL"	"LIVER,LUNG,ABDOMINAL"	"LIVER,LUNG,ABDOMINAL"	NO		NO		YES	NO	NO	NO	WHITE									TRUE	20	OTHER	Non-RAAS/LAAS	4
ASCProject_0187	HNFS	No Mets	HNFS	Scalp	No Mets	No Mets		12	64	F	HNFS	SCALP	0	NO	1	0									NO METS	NO METS	685	HNFS	0	0	187	DIAGNOSED	64.81643836	SCALP	"SCALP,LIVER"	LIVER	YES	NO	YES	AFTER	YES	YES	NO	NO	WHITE									TRUE	64	HNFS	Non-RAAS/LAAS	0
ASCProject_0193	HNFS	No Mets	HNFS	Forehead	No Mets	No Mets		12	43	F	HNFS	LEFT FOREHEAD	0	NO	1	0									NO METS	NO METS	538	HNFS	0	0	193	DIAGNOSED	43.06027397	SCALP	"HEADFACENECK,SCALP,LUNG"	"HEADFACENECK,SCALP,LUNG"	NO		YES	BEFORE	NO	YES	NO	NO	"WHITE,OTHER"									TRUE	43	HNFS	Non-RAAS/LAAS	0
ASCProject_0214	Musculoskeletal	No Mets	Trunk	Back	No Mets	No Mets		12	67	M	TRUNK	MID BACK	0	NO	1	0									NO METS	NO METS	511	OTHER	0	0	214	DIAGNOSED	67.58082192	OTHER	OTHER	OTHER	YES	DK	NO		NO	YES	NO	NO	WHITE									TRUE	67	OTHER	Non-RAAS/LAAS	0
ASCProject_0217	HNFS	No Mets	HNFS	Scalp	No Mets	No Mets		12	88	F	HNFS	LEFT PARIETAL SCALP	0	NO	1	1	HNFS	598							NO METS	NO METS	706	HNFS	0	0	217	DIAGNOSED	88.08219178	SCALP	SCALP	SCALP	NO		NO		YES	YES	NO	NO	WHITE									TRUE	88	HNFS	Non-RAAS/LAAS	0
ASCProject_0235	Extremities	Lung	Lower Extremity	Thigh	Lung	Lung		12	29	F	EXTREMITY	RIGHT THIGH	0	NO	0	0								593	LUNG	LUNG	1738	EXTREMITY	0	1	235	DIAGNOSED	29.94794521	"BONELIMB,OTHER"	"LUNG,BONELIMB"	LUNG	YES	YES	YES	BEFORE	YES	NO	NO	YES	WHITE									TRUE	29	BONELIMB	Non-RAAS/LAAS	1
ASCProject_0237	Breast (Cutaneous)	No Mets	Breast (Cutaneous)	Breast Skin	No Mets	No Mets		12	71	F	BREAST (CUTANEOUS)	RIGHT BREAST SKIN	1	NO	1	1	RIGHT BREAST	141							NO METS	NO METS	674	BREAST (CUTANEOUS)	0	0	237	DIAGNOSED	71.72876712	BREAST	BREAST	BREAST	NO		NO		YES	YES	YES		WHITE									TRUE	71	BREAST (CUTANEOUS)	RAAS	0
ASCProject_0241	Hepatobiliary	No Mets	Liver	Liver	No Mets	No Mets		12	55	M	VISCERAL ORGAN	LIVER	0	NO	0	0									NO METS	NO METS	5	LIVER	0	0	241	DIAGNOSED	50.91232877	LIVER	LIVER	LIVER	NO		NO		YES	NO	NO	NO	WHITE									TRUE	55	LIVER	Non-RAAS/LAAS	0
ASCProject_0243	Hepatobiliary	"Bone, Spleen, Distant Lymph Node"	Liver	Liver	"Bone, Spleen, Distant Lymph Node"	"Bone, Spleen, Distant Lymph Node"		12	51	F	LIVER	LIVER	0	NO	0	0								0	"BONE, SPLEEN, DISTANT LYMPH NODE"	"BONE, SPLEEN, DISTANT LYMPH NODE"	70	LIVER	0	1	243	DIAGNOSED	51.65205479	"LIVER,SPLEEN,BONELIMB"	"LIVER,SPLEEN,BONELIMB"	"LIVER,SPLEEN,BONELIMB"	NO		NO		NO	NO	NO	NO	WHITE									TRUE	51	LIVER	Non-RAAS/LAAS	3
ASCProject_0267	Breast (Parenchymal)	No Mets	Breast (Parenchymal)	Breast	No Mets	No Mets		12	35	F	BREAST (PARENCHYMAL)	LEFT BREAST	0	NO	0	0									NO METS	NO METS	109	BREAST (PARENCHYMAL)	0	0	267	DIAGNOSED	35	BREAST	BREAST	BREAST	NO		NO		YES	NO	NO	NO	WHITE									TRUE	35	BREAST (PARENCHYMAL)	Non-RAAS/LAAS	0
ASCProject_0270	Heart	"Liver, Bone"	Heart	Liver	Liver	"Liver, Bone"		12	45	F	CARDIAC	LIVER	0	NO	0									0	LIVER	"LIVER, BONE"	358	CARDIAC	0	1	270	DIAGNOSED	45.89041096	"HEART,LIVER,BONELIMB"	"HEART,LIVER,BONELIMB,OTHER"	"HEART,LIVER,BONELIMB,OTHER"	NO		NO		YES	NO	NO	NO	WHITE									TRUE	45	HEART	Non-RAAS/LAAS	2
ASCProject_0273	Breast (Cutaneous)	NA	Breast (Cutaneous)	Breast Skin	NA	NA		12	63	F	BREAST (CUTANEOUS)	LEFT BREAST SKIN	1	NO	1										NOT FOUND IN RECORD	NOT FOUND IN RECORD	221	BREAST (CUTANEOUS)	0		273	DIAGNOSED	63.43287671	BREAST	BREAST	BREAST	NO		NO		DK	YES	YES	NO	WHITE									TRUE	63	BREAST (CUTANEOUS)	RAAS	
ASCProject_0353	Other Rare Sites	No Mets	Brain	Brain	No Mets	No Mets		12	68	F	OTHER[BRAIN]	BRAIN	0	NO	0	1	OTHER[BRAIN]	0							NOT METS	NO METS	721	OTHER	0	0	353	DIAGNOSED	68.7890411	BRAIN	BRAIN	BRAIN	YES	YES	YES	AFTER	NO	YES		NO	WHITE									TRUE	68	OTHER	Non-RAAS/LAAS	0
ASCProject_0355	HNFS	NA	HNFS	Scalp	NA	NA		12	51	M	HNFS	SCALP	0	NO	1										NOT FOUND IN RECORD	NOT FOUND IN RECORD	286	HNFS	0		355	DIAGNOSED	52.04109589	SCALP	SCALP	SCALP	NO		NO		YES	NO	NO	NO	WHITE									TRUE	51	HNFS	Non-RAAS/LAAS	
ASCProject_0361	Breast (Cutaneous)	NA	Breast (Cutaneous)	Chest Wall	NA	NA		12	62	F	BREAST (CUTANEOUS)	LEFT CHEST WALL	1	NO	1	1	LEFT CHEST WALL	187							NOT FOUND IN RECORD	NOT FOUND IN RECORD	476	BREAST (CUTANEOUS)	0		361	DIAGNOSED	59.56438356	BREAST	BREAST	BREAST	YES	NO	YES	BOTH	YES	YES	YES	NO	AMERICAN_INDIAN									TRUE	62	BREAST (CUTANEOUS)	RAAS	
ASCProject_0389	Breast (Parenchymal)	NA	Breast (Parenchymal)	Breast	NA	NA		12	63	F	BREAST (PARENCHYMAL)	LEFT BREAST		NOT FOUND IN RECORD											NOT FOUND IN RECORD	NOT FOUND IN RECORD	1108	BREAST (PARENCHYMAL)			389	DIAGNOSED	63.62465753	BREAST	BREAST	NED	YES	YES	NO		NO	YES	NO	NO	WHITE									TRUE	63	BREAST (PARENCHYMAL)		
ASCProject_0394	Missing or Unknown	"Liver, Bone"	NA	Liver	Liver	"Liver, Bone"		12	38	F	NOT FOUND IN RECORD	LIVER	0	NO										0	LIVER	"LIVER, BONE"	17	NA	0	1	394	DIAGNOSED	38.68493151	DK	"LIVER,LUNG,BONELIMB"	"LIVER,LUNG,BONELIMB"	NO		NO		YES	NO	NO	NO	WHITE									TRUE	38		Non-RAAS/LAAS	2
ASCProject_0397	Heart	NA	Heart	Atrium	NA	NA		12	56	F	CARDIAC	RIGHT ATRIUM	0	NO	0										NOT FOUND IN RECORD	NOT FOUND IN RECORD	89	CARDIAC	0		397	DIAGNOSED	56.11780822	HEART	HEART	HEART	NO		NO		YES	NO	NO	NO	WHITE									TRUE	56	HEART	Non-RAAS/LAAS	
ASCProject_0411	Breast (Cutaneous)	NA	Breast (Cutaneous)	Breast	NA	NA		12	59	F	BREAST (CUTANEOUS)	RIGHT BREAST	1	NO	1	0											647	BREAST (CUTANEOUS)	0	1	411	DIAGNOSED	59.82739726	"BREAST,OTHER"	"BREAST,OTHER"	NED	YES	YES	YES	AFTER	NO	YES	YES	NO	WHITE									TRUE	59	BREAST (CUTANEOUS)	RAAS	
ASCProject_0412	HNFS	NA	HNFS	Nose	NA	NA		12	62	M	HNFS	LEFT NOSE	0	NO	1	0											413	HNFS	0	1	412	DIAGNOSED	62.5369863	HEADFACENECK	HEADFACENECK	DK	YES	YES	NO		YES	NO	NO	NO	WHITE									TRUE	62	HNFS	Non-RAAS/LAAS	
ASCProject_0415	Extremities	Distant Lymph Node	Lower Extremity	Thigh	Distant Lymph Node	Distant Lymph Node		12	69	M	EXTREMITY	RIGHT THIGH	0	NO	0	0								43	DISTANT LYMPH NODE	DISTANT LYMPH NODE	115	EXTREMITY	0	1	415	DIAGNOSED	69.8739726	BONELIMB	DK	DK	YES	NO	YES	AFTER	YES	YES	YES	NO	WHITE									TRUE	69	BONELIMB	Non-RAAS/LAAS	1
ASCProject_0417	Other Visceral Organs	"Distant Lymph Node,  Other Soft Tissues"	Lung	Lung	"Distant Lymph Node, Neck"	"Distant Lymph Node, Neck"		12	66	M	VISCERAL ORGAN	LEFT LUNG	0	NO	0									14	"DISTANT LYMPH NODE [LEFT INTRATHORACIC, LOWER NECK]"	"DISTANT LYMPH NODE [LEFT INTRATHORACIC, LOWER NECK]"	79	LUNG	0	1	417	DIAGNOSED	66.1260274	LUNG	LUNG	LUNG	NO		NO		YES	NO	NO	DK	WHITE									TRUE	66	LUNG	Non-RAAS/LAAS	2
ASCProject_0427	Extremities	"Bone, Lung,  Other Soft Tissues"	Upper Extremity	Shoulder	Bone	"Bone, Lung"		12	54	F	EXTREMITY	RIGHT SCAPULA	1	NO	0	0								92	BONE	"BONE, LUNG, OTHER[PLEURAL MASS,DIAPHRAGM]"	1856	EXTREMITY	0	1	427	DIAGNOSED	54.32328767	"BONELIMB,OTHER"	LUNG	LUNG	YES	YES	YES	BEFORE	YES	YES	YES	NO	WHITE									TRUE	54	BONELIMB	RAAS	4
ASCProject_0434	HNFS	NA	HNFS	Scalp	NA	NA		12	73	M	HNFS	SCALP (FOREHEAD ANTERIOR AREA)	0	NO	1	1	HNFS	290									393	HNFS	0	1	434	DIAGNOSED	73.31780822	"HEADFACENECK,SCALP"	"HEADFACENECK,SCALP"	"HEADFACENECK,SCALP"	NO		YES		YES	YES	YES	NO	WHITE									TRUE	73	HNFS	Non-RAAS/LAAS	
ASCProject_P6YLY9	Breast (Parenchymal)	"Lung, Bone"	Breast (Parenchymal)	Breast	Lung	"Lung, Bone"		12	43	F	BREAST (PARENCHYMAL)	RIGHT BREAST	0	NO	0	0								18	LUNG	"LUNG,BONE"	39	BREAST (PARENCHYMAL)	0	1																								TRUE	43	BREAST (PARENCHYMAL)	Non-RAAS/LAAS	2
ASCProject_0009	Breast (NOS)	Not Extracted	Breast (NOS)	NA																											9	DIAGNOSED	57.25205479	BREAST	BREAST	NED	YES	YES	NO		NO	YES	YES	NO	WHITE	BREAST	NO		NO		NO	YES	YES	FALSE	57.25205479	BREAST (NOS)		
ASCProject_0010	Heart	Not Extracted	Heart	NA																											10	DIAGNOSED	45.08219178	HEART	HEART	"NED,OTHER"	YES	NO	YES	AFTER	NO	NO	NO	NO	WHITE	HEART	NO		NO		NO	YES	NO	FALSE	45.08219178	HEART		
ASCProject_0016	Heart	Not Extracted	Heart	NA																											16	DIAGNOSED	21.2739726	"HEART,BONELIMB,DK"	"HEART,LUNG,BONELIMB"	"HEART,BONELIMB"	YES	YES	NO		YES	NO	NO	YES	WHITE	HEART	YES	"LUNG,BONELIMB"	YES	BONELIMB	DK	NO	NO	FALSE	21.2739726			
ASCProject_0021	Breast (NOS)	Not Extracted	Breast (NOS)	NA																											21	DIAGNOSED	31.58630137	BREAST	BREAST	NED	YES	YES	YES	AFTER	NO	NO	NO	NO	WHITE									FALSE	31.58630137	BREAST (NOS)		
ASCProject_0027	Breast (NOS)	Not Extracted	Breast (NOS)	NA																											27	DIAGNOSED	67.57534247	BREAST	BREAST	NED	YES	YES	NO		NO	YES	YES	NO	WHITE									FALSE	67.57534247	BREAST (NOS)		
ASCProject_0028	Extremities	Not Extracted	Lower Extremity	NA																											28	DIAGNOSED	70.07945205	OTHER	OTHER	NED	YES	YES	NO		NO	NO	NO	NO	"AMERICAN_INDIAN,WHITE"									FALSE	70.07945205	OTHER		
ASCProject_0032	HNFS	Not Extracted	HNFS	NA																											32	DIAGNOSED	27.8109589	HEADFACENECK	HEADFACENECK	HEADFACENECK	NO		YES		YES	NO	NO	NO	WHITE									FALSE	27.8109589	HNFS		
ASCProject_0039	Extremities	Not Extracted	Upper Extremity	NA																											39	DIAGNOSED	46.7260274	BONELIMB	BONELIMB	NED	YES	YES	YES	AFTER	NO	YES	YES	NO	WHITE									FALSE	46.7260274	BONELIMB		
ASCProject_0046	HNFS	Not Extracted	HNFS	NA																											46	DIAGNOSED	59.52876712	SCALP	SCALP	NED	YES	YES			NO	NO	NO	NO	"AMERICAN_INDIAN,WHITE"									FALSE	59.52876712	HNFS		
ASCProject_0051	Extremities	Not Extracted	Upper Extremity	NA																											51	DIAGNOSED	13.5369863	BONELIMB	BONELIMB	BONELIMB	YES	YES	NO		NO	NO	NO	NO	WHITE									FALSE	13.5369863	BONELIMB		
ASCProject_0056	Breast (NOS)	Not Extracted	Breast (NOS)	NA																											56	DIAGNOSED	70.20273973	BREAST	BREAST	NED	YES	YES	NO		NO	YES	YES	NO	WHITE									FALSE	70.20273973	BREAST (NOS)		
ASCProject_0060	Breast (NOS)	Not Extracted	Breast (NOS)	NA																											60	DIAGNOSED	46.29041096	BREAST	BREAST	NED	YES	YES	YES	BEFORE	NO	NO	NO	NO	WHITE									FALSE	46.29041096	BREAST (NOS)		
ASCProject_0062	Breast (NOS)	Not Extracted	Breast (NOS)	NA																											62	DIAGNOSED	72.00821918	BREAST	BREAST	NED	YES	YES	YES	BEFORE	NO	YES	YES	NO	WHITE									FALSE	72.00821918	BREAST (NOS)		
ASCProject_0069	Breast (NOS)	Not Extracted	Breast (NOS)	NA																											69	DIAGNOSED	65.64109589	BREAST	BREAST	NED	YES	YES	NO		NO	YES	YES	NO	WHITE									FALSE	65.64109589	BREAST (NOS)		
ASCProject_0080	HNFS	Not Extracted	HNFS	NA																											80	DIAGNOSED	72.78356164	SCALP	SCALP	SCALP	NO		NO		YES	YES	NO	NO	WHITE									FALSE	72.78356164	HNFS		
ASCProject_0081	Breast (NOS)	Not Extracted	Breast (NOS)	NA																											81	DIAGNOSED	20.83287671	BREAST	BREAST	NED	YES	YES	YES	AFTER	NO	NO	NO	NO	WHITE									FALSE	20.83287671	BREAST (NOS)		
ASCProject_0086	Breast (NOS)	Not Extracted	Breast (NOS)	NA																											86	DIAGNOSED	56.07123288	BREAST	BREAST	NED	YES	YES	NO		NO	NO	NO	NO	WHITE									FALSE	56.07123288	BREAST (NOS)		
ASCProject_0090	Breast (NOS)	Not Extracted	Breast (NOS)	NA																											90	DIAGNOSED	44.04657534	BREAST	BREAST	NED	YES	YES	YES	AFTER	NO	NO	NO	NO	WHITE									FALSE	44.04657534	BREAST (NOS)		
ASCProject_0091	HNFS	Not Extracted	HNFS	NA																											91	DIAGNOSED	60.72328767	HEADFACENECK	HEADFACENECK	NED	YES	YES	YES	AFTER	NO	YES	NO	NO	WHITE									FALSE	60.72328767	HNFS		
ASCProject_0093	Breast (NOS)	Not Extracted	Breast (NOS)	NA																											93	DIAGNOSED	71.29589041	BREAST	BREAST	NED	YES	YES	NO		NO	YES	YES	NO	WHITE									FALSE	71.29589041	BREAST (NOS)		
ASCProject_0096	HNFS	Not Extracted	HNFS	NA																											96	DIAGNOSED	60.50410959	HEADFACENECK	"HEADFACENECK,LUNG,LYMPH"	"HEADFACENECK,LUNG,LYMPH"	YES	YES	YES	BEFORE	YES	NO	NO	NO	WHITE									FALSE	60.50410959	HNFS		
ASCProject_0100	HNFS	Not Extracted	HNFS	NA																											100	DIAGNOSED	63.36712329	HEADFACENECK	HEADFACENECK	NED	YES	NO	YES	AFTER	NO	NO	NO	NO	WHITE									FALSE	63.36712329	HNFS		
ASCProject_0103	Breast (NOS)	Not Extracted	Breast (NOS)	NA																											103	DIAGNOSED	46.04657534	BREAST	BREAST	NED	YES	YES	NO		NO	NO	NO	NO	BLACK									FALSE	46.04657534	BREAST (NOS)		
ASCProject_0108	Musculoskeletal	Not Extracted	Pelvis	NA																											108	DIAGNOSED	58.01643836	"LUNG,BONELIMB,OTHER"	"LUNG,BONELIMB,OTHER"	NED	NO		NO		YES	NO	NO	NO	"BLACK,WHITE"									FALSE	58.01643836			
ASCProject_0116	Extremities	Not Extracted	Lower Extremity	NA																											116	DIAGNOSED	83.60821918	OTHER	LUNG	LUNG	YES	YES	YES	AFTER	YES	YES	NO	NO	WHITE									FALSE	83.60821918	OTHER		
ASCProject_0119	Breast (NOS)	Not Extracted	Breast (NOS)	NA																											119	DIAGNOSED	45.64931507	BREAST	BREAST	NED	YES	YES	NO		NO	NO	NO	NO	WHITE									FALSE	45.64931507	BREAST (NOS)		
ASCProject_0123	HNFS	Not Extracted	HNFS	NA																											123	DIAGNOSED	70.78082192	SCALP	SCALP	NED	NO		YES		NO		NO	NO	WHITE									FALSE	70.78082192	HNFS		
ASCProject_0130	Musculoskeletal	Not Extracted	Bone	NA																											130	DIAGNOSED	86.26849315	BONELIMB	BONELIMB	BONELIMB	NO		NO		NO	NO	NO	NO	BLACK									FALSE	86.26849315	BONELIMB		
ASCProject_0131	Breast (NOS)	Not Extracted	Breast (NOS)	NA																											131	DIAGNOSED	63.50958904	BREAST	BREAST	NED	YES	YES	NO		NO	YES	YES	NO	WHITE									FALSE	63.50958904	BREAST (NOS)		
ASCProject_0132	Musculoskeletal	Not Extracted	Trunk	NA																											132	DIAGNOSED	46.83561644	OTHER	OTHER	NED	YES	YES	YES	AFTER	NO	NO	NO	NO	WHITE									FALSE	46.83561644	OTHER		
ASCProject_0136	Extremities	Not Extracted	Upper Extremity	NA																											136	DIAGNOSED	19.43835616	OTHER	OTHER		YES	YES	NO		NO	NO	NO	NO	WHITE									FALSE	19.43835616	OTHER		
ASCProject_0149	HNFS	Not Extracted	HNFS	NA																											149	DIAGNOSED	71.07123288	HEADFACENECK	HEADFACENECK	NED	NO		NO		NO	YES	YES	NO	WHITE									FALSE	71.07123288	HNFS		
ASCProject_0171	Breast (NOS)	Not Extracted	Breast (NOS)	NA																											171	DIAGNOSED	44.36712329	BREAST	"SCALP,BREAST,LUNG,LYMPH,BONELIMB,DK"	"SCALP,LUNG,LYMPH,BONELIMB,DK"	YES	YES	YES	AFTER	YES	NO	NO	NO	WHITE									FALSE	44.36712329	BREAST (NOS)		
ASCProject_0176	Breast (NOS)	Not Extracted	Breast (NOS)	NA																											176	DIAGNOSED	38.07671233	BREAST	BREAST	NED	YES	YES	NO		NO	NO	NO	NO	WHITE									FALSE	38.07671233	BREAST (NOS)		
ASCProject_0177	Breast (NOS)	Not Extracted	Breast (NOS)	NA																											177	DIAGNOSED	62.14246575	BREAST	BREAST	NED	YES	YES	YES	AFTER	NO	YES	YES	NO	WHITE									FALSE	62.14246575	BREAST (NOS)		
ASCProject_0180	HNFS	Not Extracted	HNFS	NA																											180	DIAGNOSED	55.80273973	HEADFACENECK	HEADFACENECK	NED	YES	YES	NO		YES	NO	NO	NO	WHITE									FALSE	55.80273973	HNFS		
ASCProject_0189	Extremities	Not Extracted	Upper Extremity	NA																											189	DIAGNOSED	36.49315068	BONELIMB		LUNG	YES	NO	NO		YES	NO	YES	NO	JAPANESE									FALSE	36.49315068	BONELIMB		
ASCProject_0196	Breast (NOS)	Not Extracted	Breast (NOS)	NA																											196	DIAGNOSED	23.93150685	BREAST	BREAST	NED	YES	YES	NO		NO	NO	NO	NO	"NATIVE_HAWAIIAN,WHITE"									FALSE	23.93150685	BREAST (NOS)		
ASCProject_0208	Breast (NOS)	Not Extracted	Breast (NOS)	NA																											208	DIAGNOSED	48.99452055	BREAST	BREAST	NED	YES	YES	NO		DK	NO	NO	NO	OTHER									FALSE	48.99452055	BREAST (NOS)		
ASCProject_0216	Breast (NOS)	Not Extracted	Breast (NOS)	NA																											216	DIAGNOSED	64.7260274	BREAST	BREAST	NED	YES	YES	NO		NO	YES	YES	NO	WHITE									FALSE	64.7260274	BREAST (NOS)		
ASCProject_0223	Musculoskeletal	Not Extracted	Trunk	NA																											223	DIAGNOSED	71.75068493	OTHER	OTHER	NED	YES	YES	YES	BEFORE	NO	YES	YES	NO	WHITE									FALSE	71.75068493	OTHER		
ASCProject_0259	Hepatobiliary	Not Extracted	Liver	NA																											259	DIAGNOSED	76.05205479	"LIVER,LYMPH"	"LIVER,LYMPH"	"LIVER,LYMPH"	NO		NO		YES	NO	NO	NO	WHITE									FALSE	76.05205479			
ASCProject_0266	Extremities	Not Extracted	Lower Extremity	NA																											266	DIAGNOSED	37.4	"LUNG,OTHER"	"LUNG,OTHER"	"LUNG,OTHER"	YES	YES	NO		YES	NO	NO	NO	WHITE									FALSE	37.4			
ASCProject_0278	Breast (NOS)	Not Extracted	Breast (NOS)	NA																											278	DIAGNOSED	74.90684932	BREAST	BREAST	NED	YES	NO	NO		YES	YES	YES	NO	WHITE									FALSE	74.90684932	BREAST (NOS)		
ASCProject_0285	Breast (NOS)	Not Extracted	Breast (NOS)	NA																											285	DIAGNOSED	59.85479452	BREAST	BREAST	NED	YES	YES	NO		NO	NO	NO	NO	"JAPANESE,WHITE"									FALSE	59.85479452	BREAST (NOS)		
ASCProject_0288	Other Rare Sites	Not Extracted	Nerve	NA																											288	DIAGNOSED	65.49315068	"LUNG,OTHER"	"LUNG,OTHER"	"LUNG,OTHER"	NO		YES		YES	YES	YES	NO	WHITE									FALSE	65.49315068			
ASCProject_0299	Breast (NOS)	Not Extracted	Breast (NOS)	NA																											299	DIAGNOSED	75.72328767	BREAST	"BREAST,BONELIMB"	BONELIMB	YES	YES	YES	AFTER	YES	YES	NO	NO	AMERICAN_INDIAN									FALSE	75.72328767	BREAST (NOS)		
ASCProject_0300	Heart	Not Extracted	Heart	NA																											300	DIAGNOSED	42.91506849	HEART	"HEART,LIVER"	LIVER	NO		YES		YES	NO	NO	NO	BLACK									FALSE	42.91506849	HEART		
ASCProject_0303	HNFS	Not Extracted	HNFS	NA																											303	DIAGNOSED	67.76438356	HEADFACENECK	"HEADFACENECK,LYMPH,BONELIMB,DK"	NED	NO		YES		NO	YES	NO	NO	WHITE									FALSE	67.76438356	HNFS		
ASCProject_0304	HNFS	Not Extracted	HNFS	NA																											304	DIAGNOSED	85.63561644	SCALP	DK	SCALP	YES	YES	NO		YES	YES	NO	NO	WHITE									FALSE	85.63561644	HNFS		
ASCProject_0305	Other Visceral Organs	Not Extracted	Kidney	NA																											305	DIAGNOSED	71	ABDOMINAL	ABDOMINAL		YES	DK	NO		NO	NO	NO	NO	WHITE									FALSE	71	VISCERAL ORGAN		
ASCProject_0306	HNFS	Not Extracted	HNFS	NA																											306	DIAGNOSED	50.31506849	HEADFACENECK	HEADFACENECK	NED	YES	YES	YES	BEFORE	NO	NO	NO	NO	WHITE									FALSE	50.31506849	HNFS		
ASCProject_0310	Breast (NOS)	Not Extracted	Breast (NOS)	NA																											310	DIAGNOSED	74.0109589	BREAST	BREAST	DK	YES	YES	NO		YES	YES	YES	NO	WHITE									FALSE	74.0109589	BREAST (NOS)		
ASCProject_0322	Breast (NOS)	Not Extracted	Breast (NOS)	NA																											322	DIAGNOSED	70.73150685	BREAST	BREAST	"LUNG,NED"	YES	YES	NO		YES	YES	YES	NO	WHITE									FALSE	70.73150685	BREAST (NOS)		
ASCProject_0371	Heart	Not Extracted	Heart	NA																											371	DIAGNOSED	25.24931507	HEART	HEART	HEART	YES	NO	NO		YES	NO	NO	YES	OTHER									FALSE	25.24931507	HEART		
ASCProject_0373	Heart	Not Extracted	Heart	NA																											373	DIAGNOSED	58.59726027	HEART	"HEART,LUNG,BRAIN,LYMPH"	HEART	NO		YES		YES	NO	NO	NO	WHITE									FALSE	58.59726027	HEART		
ASCProject_0378	HNFS	Not Extracted	HNFS	NA																											378	DIAGNOSED	61.7890411	HEADFACENECK	"HEADFACENECK,LYMPH"	NED	YES	YES	YES	AFTER	NO	YES	YES	NO	WHITE									FALSE	61.7890411	HNFS		
ASCProject_0381	HNFS	Not Extracted	HNFS	NA																											381	DIAGNOSED	83.73424658	SCALP	SCALP	SCALP	NO		NO		YES	YES	NO	NO	WHITE									FALSE	83.73424658	HNFS		
ASCProject_0382	Breast (NOS)	Not Extracted	Breast (NOS)	NA																											382	DIAGNOSED	60.73972603	BREAST	BREAST	NED	YES	YES	NO		NO	YES		NO	WHITE									FALSE	60.73972603	BREAST (NOS)		
ASCProject_0388	Heart	Not Extracted	Heart	NA																											388	DIAGNOSED	63.2	"HEART,LUNG"	"HEART,LUNG"	"HEART,LUNG"	NO		NO		NO	NO	NO	NO	WHITE									FALSE	63.2			
ASCProject_0413	Breast (NOS)	Not Extracted	Breast (NOS)	NA																											413	DIAGNOSED	65.08767123	BREAST	BREAST	NED	YES	YES	NO		NO	YES	YES	NO	WHITE									FALSE	65.08767123	BREAST (NOS)		
ASCProject_0428	Extremities	Not Extracted	Lower Extremity	NA																											428	DIAGNOSED	48.19452055	OTHER	OTHER	OTHER	NO		YES		NO	NO	NO	YES										FALSE	48.19452055	OTHER		
ASCProject_0430	Breast (NOS)	Not Extracted	Breast (NOS)	NA																											430	DIAGNOSED	32.06849315	BREAST	BREAST	BREAST	YES	YES	YES	BEFORE	YES	NO	NO	NO	CHINESE									FALSE	32.06849315	BREAST (NOS)		
ASCProject_0432	Extremities	Not Extracted	Upper Extremity	NA																											432	DIAGNOSED	54.71506849	OTHER	OTHER	NED	YES	YES	NO		NO	NO	NO	NO	WHITE									FALSE	54.71506849	OTHER		
ASCProject_0435	Breast (NOS)	Not Extracted	Breast (NOS)	NA																											435	DIAGNOSED	59.10136986	BREAST	BREAST	NED	YES	YES	NO		NO	YES	YES	NO	WHITE									FALSE	59.10136986	BREAST (NOS)		
ASCProject_P47D8Z	Breast (NOS)	Not Extracted	Breast (NOS)	NA																											P47D8Z	DIAGNOSED	68.94794521	BREAST	BREAST	NED	YES	YES	NO		YES	YES	YES	NO	WHITE									FALSE	68.94794521	BREAST (NOS)		
ASCProject_P68AP7	HNFS	Not Extracted	HNFS	NA																											P68AP7	DIAGNOSED	77	HEADFACENECK	HEADFACENECK	HEADFACENECK	NO		NO		YES	YES	NO	NO	WHITE									FALSE	77	HNFS		
ASCProject_P6YLY10	Breast (NOS)	Not Extracted	Breast (NOS)	NA																											P6YLY10	DIAGNOSED	43.00273973	BREAST	"BREAST,DK"	"BREAST,DK"	YES	NO	NO		NO	NO	NO	NO	WHITE									FALSE	43.00273973	BREAST (NOS)		
ASCProject_P739VX	Extremities	Not Extracted	Upper Extremity	NA																											P739VX	DIAGNOSED	67	OTHER	BONELIMB	DK	YES	YES	YES	BOTH	YES	NO	NO	NO	WHITE									FALSE	67	OTHER		
ASCProject_PBHQJN	Breast (NOS)	Not Extracted	Breast (NOS)	NA																											PBHQJN	DIAGNOSED	58	BREAST	BREAST	NED	YES	YES	YES	AFTER	YES	NO	NO	NO	WHITE									FALSE	58	BREAST (NOS)		
ASCProject_PBPCT2	Other Visceral Organs	Not Extracted	Lung	NA																											PBPCT2	DIAGNOSED	49	LUNG	"HEART,LUNG"	LUNG	NO		NO		YES	NO	NO	NO	WHITE									FALSE	49	LUNG		
ASCProject_PE46M9	HNFS	Not Extracted	HNFS	NA																											PE46M9	DIAGNOSED	83	HEADFACENECK	HEADFACENECK	NED	YES	NO	YES	AFTER	NO	YES	NO	NO	WHITE									FALSE	83	HNFS		
ASCProject_PJT8MW	Extremities	Not Extracted	Lower Extremity	NA																											PJT8MW	DIAGNOSED	73	BONELIMB	"LYMPH,BONELIMB"	"LYMPH,BONELIMB"	YES	YES	NO		NO	YES	NO	NO	WHITE									FALSE	73	BONELIMB		
ASCProject_PKYCDL	HNFS	Not Extracted	HNFS	NA																											PKYCDL	DIAGNOSED	64	"HEADFACENECK,SCALP"	"HEADFACENECK,SCALP"	NED	NO		YES		NO	NO	NO	NO	WHITE									FALSE	64			
ASCProject_PQHM2E	Breast (NOS)	Not Extracted	Breast (NOS)	NA																											PQHM2E	DIAGNOSED	36	BREAST	BREAST	NED	YES	YES	NO		NO	NO	NO	NO	WHITE									FALSE	36	BREAST (NOS)		
ASCProject_PTLPDP	HNFS	Not Extracted	HNFS	NA																											PTLPDP	DIAGNOSED	68	HEADFACENECK	"SCALP,LUNG,LYMPH"	"LUNG,LYMPH"	YES	YES	NO		YES	YES	NO	NO	AMERICAN_INDIAN									FALSE	68	HNFS		
ASCProject_PY6FJH	HNFS	Not Extracted	HNFS	NA																											PY6FJH	DIAGNOSED	63.15616438	SCALP	SCALP	NED	YES	YES	YES	BEFORE	NO	NO	NO	NO	WHITE									FALSE	63.15616438	HNFS		
ASCProject_PYYKC9	Heart	Not Extracted	Heart	NA																											PYYKC9	DIAGNOSED	42	HEART	HEART	HEART	NO		NO		YES	NO	NO	NO	OTHER									FALSE	42	HEART		