STUDY ID	OTHER CANCERS	SITE OTHER CANCERS	DATE OTHER CANCERS (DAYS FROM DX)	OTHER CANCERS REMAPPED
ASCProject_0044				NOT FOUND
ASCProject_0066	LARGE B-CELL NON-HODGKINS LYMPHOMA	MEDIASTINAL LYMPH NODES	-1801.0	LYMPHOMA
ASCProject_0067				NOT FOUND
ASCProject_0164	INVASIVE BREAST CANCER	LEFT BREAST	-2364.0	BREAST CANCER
ASCProject_0179	RECTAL CARCINOID	RECTUM	1475.0	GASTROINTESTINAL CANCER
ASCProject_0015	FOLLICULAR LYMPHOMA	LEFT SUMANDIBULAR NODE	1448.0	LYMPHOMA
ASCProject_0049				NOT FOUND
ASCProject_0082				NOT FOUND
ASCProject_0084				NOT FOUND
ASCProject_0088	INVASIVE BREAST CANCER	RIGHT BREAST	-2574.0	BREAST CANCER
ASCProject_0094				NOT FOUND
ASCProject_0101				NOT FOUND
ASCProject_0146	IN SITU BREAST CANCER	LEFT BREAST 	-5180.0	BREAST CANCER
ASCProject_0146	INVASIVE BREAST CANCER	RIGHT BREAST	-2989.0	BREAST CANCER
ASCProject_0184				NOT FOUND
ASCProject_0212				NOT FOUND
ASCProject_0277	SQUAMOUS CELL CARCINOMA IN SITU	RIGHT TEMPLE SKIN	2057.0	SKIN CANCER
ASCProject_0008	TRANSITIONAL-CELL CARCINOMA	RIGHT URETER	-3403.0	OTHER CANCERS
ASCProject_0008	TRANSITIONAL-CELL CARCINOMA	BLADDER, LEFT URETER	-806.0	OTHER CANCERS
ASCProject_0020	INVASIVE BREAST CANCER	RIGHT BREAST	-2093.0	BREAST CANCER
ASCProject_0095	ENDOMETRIAL CANCER	UTERUS	-2072.0	ENDOMETRIAL CANCER
ASCProject_0173				NOT FOUND
ASCProject_0175	INVASIVE BREAST CANCER	RIGHT BREAST	-2450.0	BREAST CANCER
ASCProject_0207				NOT FOUND
ASCProject_0219	BASAL CELL CARCINOMA	RIGHT UPPER BACK, RIGHT ARM	0.0	SKIN CANCER
ASCProject_0225				NOT FOUND
ASCProject_0258				NOT FOUND
ASCProject_0335				NOT FOUND
ASCProject_0340	BASAL CELL CARCINOMA	FACE	-2896.0	SKIN CANCER
ASCProject_0340	SQUAMOUS CELL CARCINOMA	FACE		SKIN CANCER
ASCProject_0340	PANCREATIC CANCER	PANCREAS	1066.0	GASTROINTESTINAL CANCER
ASCProject_0342				NOT FOUND
ASCProject_0343				NOT FOUND
ASCProject_0345	INVASIVE BREAST CANCER	LEFT BREAST	-3962.0	BREAST CANCER
ASCProject_0351				NOT FOUND
ASCProject_0357				NOT FOUND
ASCProject_0365				NOT FOUND
ASCProject_0367				NOT FOUND
ASCProject_0372	IN SITU BREAST CANCER	RIGHT BREAST	-1564.0	BREAST CANCER
ASCProject_0375				NOT FOUND
ASCProject_0385	INVASIVE BREAST CANCER	LEFT BREAST	-1995.0	BREAST CANCER
ASCProject_0387	INVASIVE BREAST CANCER	LEFT BREAST	-3358.0	BREAST CANCER
ASCProject_0012				NOT FOUND
ASCProject_0013				NOT FOUND
ASCProject_0017				NOT FOUND
ASCProject_0035	BASAL CELL CARCINOMA	RIGHT CHEEK	-14447.0	SKIN CANCER
ASCProject_0035	RENAL ONCOCYTOMA	KIDNEY	1773.0	OTHER CANCERS
ASCProject_0057	INVASIVE BREAST CANCER	RIGHT BREAST	-1320.0	BREAST CANCER
ASCProject_0121	STROMAL TUMOR	GASTROINTESTINAL TRACT	2268.0	SARCOMA
ASCProject_0135	INVASIVE BREAST CANCER	RIGHT BREAST	-4991.0	BREAST CANCER
ASCProject_0148	INVASIVE BREAST CANCER	RIGHT BREAST	-2423.0	BREAST CANCER
ASCProject_0153	BASAL CELL CARCINOMA	Right Nasal Area		SKIN CANCER
ASCProject_0153	SQUAMOUS CELL CARCINOMA	scalp,neck 	-1482.0	SKIN CANCER
ASCProject_0159	INVASIVE BREAST CANCER	LEFT BREAST	-2222.0	BREAST CANCER
ASCProject_0159	SQUAMOUS CELL CARCINOMA 	NOT FOUND IN RECORD		SKIN CANCER
ASCProject_0170	INVASIVE BREAST CANCER	LEFT BREAST	-3042.0	BREAST CANCER
ASCProject_0172	NOT FOUND IN RECORD	NOT FOUND IN RECORD		NOT FOUND
ASCProject_0182	NOT FOUND IN RECORD	NOT FOUND IN RECORD		NOT FOUND
ASCProject_0197	INVASIVE BREAST CANCER	RIGHT BREAST	-6575.0	BREAST CANCER
ASCProject_0197	ENDOMETRIAL CANCER	UTERUS	-3288.0	ENDOMETRIAL CANCER
ASCProject_0290				NOT FOUND
ASCProject_0325	INVASIVE BREAST CANCER	LEFT BREAST	-7109.0	BREAST CANCER
ASCProject_0325	SQUAMOUS CELL CARCINOMA	LEFT HAND	-16.0	SKIN CANCER
ASCProject_0003	LEIOMYOSARCOMA	PERITONEUM	256.0	SARCOMA
ASCProject_0003	ADENOCARCINOMA	RECTUM, LUNG, LIVER, BONE	953.0	OTHER CANCERS
ASCProject_0005				NOT FOUND
ASCProject_0006				NOT FOUND
ASCProject_0007	CARCINOMA	THYROID	58.0	OTHER CANCERS
ASCProject_0011				NOT FOUND
ASCProject_0024				NOT FOUND
ASCProject_0026				NOT FOUND
ASCProject_0030				NOT FOUND
ASCProject_0038				NOT FOUND
ASCProject_0045				NOT FOUND
ASCProject_0047	INVASIVE BREAST CANCER	LEFT BREAST	-343.0	BREAST CANCER
ASCProject_0047	PAPILLARY THYROID CARCINOMA	THYROID	-287.0	PAPILLARY THYROID CARCINOMA
ASCProject_0055				NOT FOUND
ASCProject_0059	INVASIVE BREAST CANCER	LEFT BREAST	-2095.0	BREAST CANCER
ASCProject_0063	BASAL CELL CARCINOMA	LEFT EAR	-3076.0	SKIN CANCER
ASCProject_0063	PROSTATE CANCER	PROSTATE	-3076.0	PROSTATE CANCER
ASCProject_0064				NOT FOUND
ASCProject_0068	CANCER NOS	VULVA		OTHER CANCERS
ASCProject_0073	ADENOCARCINOMA	RECTUM	-119.0	OTHER CANCERS
ASCProject_0073	CARCINOID TUMOR	RECTUM, GASTROINTESTINAL TRACT	-85.0	GASTROINTESTINAL CANCER
ASCProject_0076				NOT FOUND
ASCProject_0089				NOT FOUND
ASCProject_0097	HODGKIN'S LYMPHOMA	LEFT NECK	-8096.0	LYMPHOMA
ASCProject_0097	SQUAMOUS CELL CARCINOMA	LEFT EAR	1035.0	SKIN CANCER
ASCProject_0097	INVASIVE BREAST CANCER	LEFT BREAST	2739.0	BREAST CANCER
ASCProject_0097	IN SITU BREAST CANCER	RIGHT BREAST	2739.0	BREAST CANCER
ASCProject_0098	ADENOCARCINOMA	LUNG	389.0	OTHER CANCERS
ASCProject_0102				NOT FOUND
ASCProject_0113				NOT FOUND
ASCProject_0134	SQUAMOUS CELL CARCINOMA	NOSE	553.0	SKIN CANCER
ASCProject_0134	MELANOMA	RIGHT FOREARM	685.0	SKIN CANCER
ASCProject_0145				NOT FOUND
ASCProject_0165	SQUAMOUS CELL CARCINOMA	SKIN NOS		SKIN CANCER
ASCProject_0165	BASAL CELL CARCINOMA	SKIN NOS		SKIN CANCER
ASCProject_0166	CHRONIC LYMPHOCYTIC LEUKEMIA		243.0	LYMPHOMA
ASCProject_0167	IN SITU BREAST CANCER	LEFT BREAST	-2450.0	BREAST CANCER
ASCProject_0167	SQUAMOUS CELL CARCINOMA IN SITU	RIGHT ARM	3255.0	SKIN CANCER
ASCProject_0194				NOT FOUND
ASCProject_0201				NOT FOUND
ASCProject_0202	INVASIVE BREAST CANCER	LEFT BREAST	-2604.0	BREAST CANCER
ASCProject_0220				NOT FOUND
ASCProject_0221	NOT FOUND IN RECORD			NOT FOUND
ASCProject_0222	BASAL CELL CARCINOMA	UPPER NOSE	-1169.0	SKIN CANCER
ASCProject_0222	MYELODYPLASTIC SYNDROME	BONE MARROW		OTHER CANCERS
ASCProject_0261	PAPILLARY THYROID CARCINOMA	THYROID	-2877.0	PAPILLARY THYROID CARCINOMA
ASCProject_0289	ENDOMETRIAL CANCER	UTERUS	-14123.0	ENDOMETRIAL CANCER
ASCProject_0289	IN SITU BREAST CANCER	RIGHT BREAST 	-2800.0	BREAST CANCER
ASCProject_0247				NOT FOUND
ASCProject_0356	INVASIVE BREAST CANCER	RIGHT BREAST	-3401.0	BREAST CANCER
ASCProject_0293				NOT FOUND
ASCProject_0294	PROSTATE CANCER	PROSTATE	-375.0	PROSTATE CANCER
ASCProject_0321	NOT FOUND IN RECORD	NOT FOUND IN RECORD		NOT FOUND
ASCProject_0023	NOT FOUND IN RECORD	NOT FOUND IN RECORD		NOT FOUND
ASCProject_PZUDLM	INVASIVE BREAST CANCER	LEFT BREAST	-1062.0	BREAST CANCER
ASCProject_PZUDLM	MELANOMA IN SITU	RIGHT CALF 	-513.0	SKIN CANCER
ASCProject_PZUDLM	MELANOMA IN SITU	RIGHT BACK	-13.0	SKIN CANCER
ASCProject_0058				NOT FOUND
ASCProject_0014				NOT FOUND
ASCProject_0025				NOT FOUND
ASCProject_0061				NOT FOUND
ASCProject_0065	PAPILLARY THYROID CARCINOMA	THYROID	-13.0	PAPILLARY THYROID CARCINOMA
ASCProject_0092	BASAL CELL CARCINOMA	RIGHT THIGH SKIN		SKIN CANCER
ASCProject_0092	SQUAMOUS CELL CARCINOMA	FOREHEAD, RIGHT FOREARM SKIN		SKIN CANCER
ASCProject_0092	SQUAMOUS CELL CARCINOMA	SCALP	1384.0	SKIN CANCER
ASCProject_0099	IN SITU BREAST CANCER	RIGHT BREAST	-4659.0	BREAST CANCER
ASCProject_0105				NOT FOUND
ASCProject_0109	INVASIVE BREAST CANCER	LEFT BREAST	-3317.0	BREAST CANCER
ASCProject_0117				NOT FOUND
ASCProject_0118	INVASIVE BREAST CANCER	RIGHT BREAST	-2945.0	BREAST CANCER
ASCProject_0157				NOT FOUND
ASCProject_0158	NOT FOUND IN RECORD			NOT FOUND
ASCProject_0205				NOT FOUND
ASCProject_0218				NOT FOUND
ASCProject_0226	NOT FOUND IN RECORD			NOT FOUND
ASCProject_0252				NOT FOUND
ASCProject_0257	SQUAMOUS CELL CARCINOMA	RIGHT THIGH	-24.0	SKIN CANCER
ASCProject_0264				NOT FOUND
ASCProject_0268	INVASIVE BREAST CANCER	RIGHT BREAST	-1392.0	BREAST CANCER
ASCProject_0268	BASAL CELL CARCINOMA	LEFT CHEST WALL	34.0	SKIN CANCER
ASCProject_0275				NOT FOUND
ASCProject_0301				NOT FOUND
ASCProject_0309				NOT FOUND
ASCProject_0332	INVASIVE BREAST CANCER	LEFT BREAST	-3259.0	BREAST CANCER
ASCProject_0341	INVASIVE BREAST CANCER	LEFT BREAST	-1619.0	BREAST CANCER
ASCProject_0368	BASAL CELL CARCINOMA	NOT FOUND IN RECORD		SKIN CANCER
ASCProject_0368	INVASIVE BREAST CANCER	RIGHT BREAST	-1826.0	BREAST CANCER
ASCProject_0393	INVASIVE BREAST CANCER	LEFT BREAST	-5104.0	BREAST CANCER
ASCProject_0398				NOT FOUND
ASCProject_0401	NOT FOUND IN RECORD			NOT FOUND
ASCProject_0403				NOT FOUND
ASCProject_0414	IN SITU BREAST CANCER	RIGHT BREAST	-1526.0	BREAST CANCER
ASCProject_0414	IN SITU BREAST CANCER	LEFT BREAST	-1526.0	BREAST CANCER
ASCProject_0418				NOT FOUND
ASCProject_0420				NOT FOUND
ASCProject_0422	OVARIAN CARCINOMA	OVARY	-6053.0	OTHER CANCERS
ASCProject_P2HVYU	NOT FOUND IN RECORD	NOT FOUND IN RECORD		NOT FOUND
ASCProject_P8B8WN	INVASIVE BREAST CANCER	LEFT BREAST	-2496.0	BREAST CANCER
ASCProject_PAMWDK	INVASIVE BREAST CANCER	LEFT BREAST	-5950.0	BREAST CANCER
ASCProject_PAMWDK	BASAL CELL CARCINOMA	NOT FOUND IN RECORD	-3028.0	SKIN CANCER
ASCProject_PAMWDK	INVASIVE BREAST CANCER	RIGHT BREAST	26.0	BREAST CANCER
ASCProject_PGXPR8				NOT FOUND
ASCProject_PKDW2V				NOT FOUND
ASCProject_PKGZN6	NOT FOUND IN RECORD			NOT FOUND
ASCProject_PMGVWU	HODGKIN'S LYMPHOMA	RIGHT CHEST WALL	-8429.0	LYMPHOMA
ASCProject_PMGVWU	BASAL CELL CARCINOMA	SKIN NOS	-758.0	SKIN CANCER
ASCProject_PN38F9	INVASIVE BREAST CANCER	LEFT BREAST	-3161.0	BREAST CANCER
ASCProject_PRDZ3M				NOT FOUND
ASCProject_PWNLUF	INVASIVE BREAST CANCER	LEFT BREAST	-3154.0	BREAST CANCER
ASCProject_PXPTMJ	SQUAMOUS CELL CARCINOMA	LEFT CHEEK	-3230.0	SKIN CANCER
ASCProject_PYMFBV				NOT FOUND
ASCProject_PZCXCF				NOT FOUND
ASCProject_0042				NOT FOUND
ASCProject_0369				NOT FOUND
ASCProject_0078	INVASIVE BREAST CANCER	LEFT BREAST	-3898.0	BREAST CANCER
ASCProject_0034	NO			NOT FOUND
ASCProject_0052	NO			NOT FOUND
ASCProject_0074	SQUAMOUS CELL CARCINOMA	SKIN		SKIN CANCER
ASCProject_0074	BASAL CELL CARCINOMA	SKIN		SKIN CANCER
ASCProject_0120	NO			NOT FOUND
ASCProject_0168	NO			NOT FOUND
ASCProject_0187	BASAL CELL CARCINOMA	LEFT UPPER EXTREMITY	-6771.0	SKIN CANCER
ASCProject_0187	BASAL CELL CARCINOMA	LEFT SHOULDER	-6455.0	SKIN CANCER
ASCProject_0193	NO			NOT FOUND
ASCProject_0214	BASAL CELL CARCINOMA	RIGHT PREAURICULAR	284.0	SKIN CANCER
ASCProject_0217	MELANOMA	BACK	-14247.0	SKIN CANCER
ASCProject_0235	NO			NOT FOUND
ASCProject_0237	BREAST CANCER NOS	RIGHT BREAST	-2461.0	BREAST CANCER
ASCProject_0241	NO			NOT FOUND
ASCProject_0243	NO			NOT FOUND
ASCProject_0267	NO			NOT FOUND
ASCProject_0270	NOT FOUND IN RECORD			NOT FOUND
ASCProject_0273	INVASIVE DUCTAL CARCINOMA	LEFT BREAST	-1550.0	BREAST CANCER
ASCProject_0353	NOT FOUND IN RECORD	NOT FOUND IN RECORD		NOT FOUND
ASCProject_0355	NOT FOUND IN RECORD 			NOT FOUND
ASCProject_0361	BREAST CANCER	LEFT BREAST	-3073.0	BREAST CANCER
ASCProject_0389	PHYLLODE TUMOR	LEFT BREAST	-3831.0	SARCOMA
ASCProject_0389	PHYLLODE TUMOR	LEFT BREAST	0.0	SARCOMA
ASCProject_0389	INVASIVE DUCTAL CARCINOMA W/ DCIS	LEFT BREAST	0.0	BREAST CANCER
ASCProject_0394	NOT FOUND IN RECORD			NOT FOUND
ASCProject_0397	NOT FOUND IN RECORD			NOT FOUND
ASCProject_0411	INVASIVE BREAST CANCER	RIGHT BREAST	-1742.0	BREAST CANCER
ASCProject_0412	BASAL CELL CARCINOMA	LEFT SHOULDER, STERNUM	-354.0	SKIN CANCER
ASCProject_0412	SQUAMOUS CELL CARCINOMA IN SITU	RIGHT HAND DORSAL SIDE	164.0	SKIN CANCER
ASCProject_0415	COLON CANCER	COLON	-2428.0	GASTROINTESTINAL CANCER
ASCProject_0415	BASAL CELL CARCINOMA	SKIN		SKIN CANCER
ASCProject_0415	SQUAMOUS CELL CARCINOMA	FACE	-2627.0	SKIN CANCER
ASCProject_0415	MELANOMA	SHOULDER	-2536.0	SKIN CANCER
ASCProject_0417	NO			NOT FOUND
ASCProject_0427	HODGKIN'S DISEASE NODULAR SCLEROSING	THYMIC TUMOR AND RIGHT PLEURAL SATELLITE LESION	-6649.0	LYMPHOMA
ASCProject_0434	PROSTATE CANCER	PROSTATE	-1861.0	PROSTATE CANCER
ASCProject_0434	BASAL CELL CARCINOMA	LEFT SHOULDER, BOTH LEGS, RIGHT UPPER CHEST		SKIN CANCER
ASCProject_P6YLY9				NOT FOUND
