STUDY ID	START DATE (DAYS FROM DX)	STOP DATE (DAYS FROM DX)	DRUG	MODE	CLINICAL TRIAL	TX RESPONSE	D/C REASON	ADVERSE EFFECTS	MODE (FORMATTED)
ASCProject_0003	106	264	IFOSFAMIDE	ADJUVANT	NO	RESPONSE	FINISHED COURSE	FACIAL DROOPINESS, NUMBNESS, TONGUE NUMBNESS, NAUSEA, DIARRHEA, VOMITING, HEADACHES, MUCOSITIS, NEUTROPENIC FEVER, THROMBOCYTOPENIA, ANEMIA, FATIGUE	ADJUVANT
ASCProject_0003	106	264	DOXORUBICIN	ADJUVANT	NO	RESPONSE	FINISHED COURSE	FACIAL DROOPINESS, NUMBNESS, TONGUE NUMBNESS, NAUSEA, DIARRHEA, VOMITING, HEADACHES, MUCOSITIS, NEUTROPENIC FEVER, THROMBOCYTOPENIA, ANEMIA, FATIGUE	ADJUVANT
ASCProject_0003	106	264	MESNA	ADJUVANT	NO		NOT FOUND IN RECORD	NOT FOUND IN RECORD	ADJUVANT
ASCProject_0003	106	264	DEXRAZOXANE	ADJUVANT	NO		NOT FOUND IN RECORD	NOT FOUND IN RECORD	ADJUVANT
ASCProject_0003	264	698	DOCETAXEL	ADJUVANT	NO	STABLE	ADVERSE EFFECTS	HOT FLASHES, THROMBOCYTOPENIA, NEUROPATHY	ADJUVANT
ASCProject_0003	264	431	GEMCITABINE	ADJUVANT	NO	STABLE	FINISHED COURSE	HOT FLASHES, NEUROPATHY	ADJUVANT
ASCProject_0003	442	477	PACLITAXEL	ADJUVANT	NO	NOT FOUND IN RECORD	ADVERSE EFFECTS	HEADACHE, LEG PAIN, FATIGUE	ADJUVANT
ASCProject_0003	986	1022	CAPECITABINE	OTHER CANCER	NO	NOT FOUND IN RECORD	NOT FOUND IN RECORD	NOT FOUND IN RECORD	OTHER
ASCProject_0003	1517	1609	BEVACIZUMAB	OTHER CANCER	NO	NOT FOUND IN RECORD	SURGERY 	NOT FOUND IN RECORD	OTHER
ASCProject_0003	1517	1670	FOLINIC ACID	OTHER CANCER	NO	MIXED	ADVERSE EFFECTS	FEVER	OTHER
ASCProject_0003	1517	1670	FLUOROURACIL	OTHER CANCER	NO	MIXED	ADVERSE EFFECTS	FEVER	OTHER
ASCProject_0003	1517	1670	OXALIPLATIN	OTHER CANCER	NO	MIXED	ADVERSE EFFECTS	FEVER	OTHER
ASCProject_0005	42	150	GEMCITABINE	NEOADJUVANT	NO	RESPONSE	FINISHED COURSE		NEOADJUVANT
ASCProject_0005	42	150	DOCETAXEL	NEOADJUVANT	NO	RESPONSE	FINISHED COURSE		NEOADJUVANT
ASCProject_0005	297	328	GEMCITABINE	ADJUVANT	NO	RESPONSE	FINISHED COURSE		ADJUVANT
ASCProject_0005	297	328	DOCETAXEL	ADJUVANT	NO	RESPONSE	FINISHED COURSE		ADJUVANT
ASCProject_0005	3637	3679	DOXORUBICIN	METS	NO	PROGRESSION	FINISHED COURSE		METS
ASCProject_0005	3637	3679	IFOSFAMIDE	METS	NO	PROGRESSION	FINISHED COURSE		METS
ASCProject_0005	3707	3786	PACLITAXEL	METS	NO	PROGRESSION	FINISHED COURSE		METS
ASCProject_0005	3787	3829	GEMCITABINE	METS	NO	STABLE	FINISHED COURSE		METS
ASCProject_0005	3787	3829	DOCETAXEL	METS	NO	STABLE	FINISHED COURSE		METS
ASCProject_0005	4179	4319	CLINICAL TRIAL	METS	YES	PROGRESSION	PROGRESSION		METS
ASCProject_0005	4179	4319	CLINICAL TRIAL	METS	YES	PROGRESSION	PROGRESSION		METS
ASCProject_0005	4346	4374	DOXORUBICIN	METS	NO	STABLE	ON TX AT LAST ENCOUNTER	NOT FOUND IN RECORD	METS
ASCProject_0005	4346	4374	OLARATUMAB	METS	NO	STABLE	ON TX AT LAST ENCOUNTER	SEVERE RASH, TACHYCARDIA	METS
ASCProject_0005	4346	4374	DEXRAZOXANE	METS	NO	STABLE	ON TX AT LAST ENCOUNTER	NOT FOUND IN RECORD	METS
ASCProject_0006	18	18	GEMCITABINE	METS	NO	RESPONSE	FINISHED COURSE	NOT FOUND IN RECORD	METS
ASCProject_0006	18	129	PACLITAXEL	METS	NO	RESPONSE	PROGRESSION	NAUSEA, NEUROPATHY	METS
ASCProject_0006	129	174	DOCETAXEL	METS	NO	STABLE	ADVERSE EFFECTS	FATIGUE, NEUTROPENIA, HEMOPTYSIS	METS
ASCProject_0006	129	174	GEMCITABINE	METS	NO	STABLE	ADVERSE EFFECTS	FATIGUE, NEUTROPENIA, HEMOPTYSIS	METS
ASCProject_0006	185	313	DOXORUBICIN	METS	NO	RESPONSE	PROGRESSION	FATIGUE	METS
ASCProject_0006	185	313	OLARATUMAB	METS	NO	RESPONSE	PROGRESSION	FATIGUE	METS
ASCProject_0006	331	375	IFOSFAMIDE	METS	NO	PROGRESSION	ADVERSE EFFECTS	NAUSEA, EPHROTOXICITY, NEUROTIXICITY, ALOPECIA, FATIGUE, ANEMIA	METS
ASCProject_0006	331	375	MESNA	METS	NO				METS
ASCProject_0007	23	135	GEMCITABINE	NEOADJUVANT	NO	RESPONSE	SURGERY	FATIGUE	NEOADJUVANT
ASCProject_0007	23	128	DOCETAXEL	NEOADJUVANT	NO	RESPONSE	ADVERSE EFFECTS	DIARRHEA, LOWER EXTREMITY SWELLING, FATIGUE, HYPOKALEMIA	NEOADJUVANT
ASCProject_0007	417	487	DOXORUBICIN	NEOADJUVANT	NO	RESPONSE	NOT FOUND IN RECORD	NAUSEA, NEUTROPENIA	NEOADJUVANT
ASCProject_0007	417	487	IFOSFAMIDE	NEOADJUVANT	NO	RESPONSE	NOT FOUND IN RECORD	NAUSEA, NEUTROPENIA	NEOADJUVANT
ASCProject_0007	417	487	MESNA	NEOADJUVANT	NO		NOT FOUND IN RECORD		NEOADJUVANT
ASCProject_0008	-3372	-3327	CISPLATIN	OTHER CANCER	NO	NOT FOUND IN RECORD	NOT FOUND IN RECORD	NOT FOUND IN RECORD	OTHER
ASCProject_0008	-3372	-3282	GEMCITABINE	OTHER CANCER	NO	NOT FOUND IN RECORD	NOT FOUND IN RECORD	NOT FOUND IN RECORD	OTHER
ASCProject_0008	-3313	-3282	CARBOPLATIN	OTHER CANCER	NO	NOT FOUND IN RECORD	NOT FOUND IN RECORD	NOT FOUND IN RECORD	OTHER
ASCProject_0008	25	96	GEMCITABINE	ADJUVANT	NO	STABLE	NOT FOUND IN RECORD	NOT FOUND IN RECORD	ADJUVANT
ASCProject_0008	25	96	PACLITAXEL	ADJUVANT	NO	STABLE	NOT FOUND IN RECORD	NOT FOUND IN RECORD	ADJUVANT
ASCProject_0011	24	179	DOXORUBICIN	NEOADJUVANT	NO	RESPONSE	ADVERSE EFFECTS	MYELOSUPPRESSION, NAUSEA, CONSTIPATION, FATIGUE	NEOADJUVANT
ASCProject_0011	24	179	IFOSFAMIDE	NEOADJUVANT	NO	RESPONSE	ADVERSE EFFECTS	MYELOSUPPRESSION, NAUSEA, CONSTIPATION, FATIGUE	NEOADJUVANT
ASCProject_0012	22	175	PACLITAXEL	NEOADJUVANT	NO	RESPONSE	FINISHED COURSE	NOT FOUND IN RECORD	NEOADJUVANT
ASCProject_0013	43	71	DOXORUBICIN	NEOADJUVANT	NO	RESPONSE	SURGERY	NAUSEA	NEOADJUVANT
ASCProject_0013	232	329	PACLITAXEL	ADJUVANT	NO	STABLE	FINISHED COURSE	NOT FOUND IN RECORD	ADJUVANT
ASCProject_0014									UNKNOWN
ASCProject_0015	38	164	CLINICAL TRIAL	METS	YES	RESPONSE	FINISHED COURSE	FATIGUE, DIARRHEA	METS
ASCProject_0015	38	175	CLINICAL TRIAL	METS	YES	RESPONSE	FINISHED COURSE	NOT FOUND IN RECORD	METS
ASCProject_0015	359	424	MESNA	METS	NO		FINISHED COURSE	NOT FOUND IN RECORD	METS
ASCProject_0015	359	424	DEXRAZOXANE	METS	NO		FINISHED COURSE	NOT FOUND IN RECORD	METS
ASCProject_0015	359	424	IFOSFAMIDE	METS	NO	STABLE	FINISHED COURSE	NEUTROPENIC FEVER	METS
ASCProject_0015	359	424	DOXORUBICIN	METS	NO	STABLE	FINISHED COURSE	NEUTROPENIC FEVER	METS
ASCProject_0015	442	505	GEMCITABINE	METS	NO	NED	FINISHED COURSE	NOT FOUND IN RECORD	METS
ASCProject_0015	449	505	DOCETAXEL	METS	NO	NED	FINISHED COURSE	NOT FOUND IN RECORD	METS
ASCProject_0015	1506	1952	PEMBROLIZUMAB	METS	NO	NED	ON TX AT LAST ENCOUNTER	HYPOTHYROIDISM	METS
ASCProject_0017	35	91	PACLITAXEL	NEOADJUVANT	NO	RESPONSE	NOT FOUND IN RECORD	NOT FOUND IN RECORD	NEOADJUVANT
ASCProject_0017	119	133	PACLITAXEL	NEOADJUVANT	NO	MIXED	PROGRESSION	NOT FOUND IN RECORD	NEOADJUVANT
ASCProject_0017	198	205	PACLITAXEL	ADJUVANT	NO	RESPONSE	FINISHED COURSE	NOT FOUND IN RECORD	ADJUVANT
ASCProject_0017	401	511	DOXORUBICIN	METS	NO	PROGRESSION	PROGRESSION	NOT FOUND IN RECORD	METS
ASCProject_0017	401	511	OLARATUMAB	METS	NO	PROGRESSION	PROGRESSION	NOT FOUND IN RECORD	METS
ASCProject_0017	527	576	CLINICAL TRIAL	METS	YES	PROGRESSION	ADVERSE EFFECTS	GRADE 3 TRANSAMINITIS	METS
ASCProject_0017	604	667	PEMBROLIZUMAB	METS	NO	PROGRESSION	PROGRESSION	NOT FOUND IN RECORD	METS
ASCProject_0017	704	814	GEMCITABINE	METS	NO	STABLE	ADVERSE EFFECTS	FATIGUE, THRUSH, HYPOTENSION, DIZZINESS, LFT ELEVATION	METS
ASCProject_0017	704	814	DOCETAXEL	METS	NO	STABLE	ADVERSE EFFECTS	FATIGUE, THRUSH, HYPOTENSION, DIZZINESS, LFT ELEVATION	METS
ASCProject_0017	704	814	DENOSUMAB	METS	NO	STABLE	ADVERSE EFFECTS	NOT FOUND IN RECORD	METS
ASCProject_0020	-2093	-2001	DOXORUBICIN	OTHER CANCER	NO				OTHER
ASCProject_0020	-2093	-2001	CYCLOPHOSPHAMIDE	OTHER CANCER	NO				OTHER
ASCProject_0020	-2001	-1940	PACLITAXEL	OTHER CANCER	NO				OTHER
ASCProject_0023	NOT FOUND IN RECORD	NOT FOUND IN RECORD	NOT FOUND IN RECORD	NOT FOUND IN RECORD	NOT FOUND IN RECORD	NOT FOUND IN RECORD	NOT FOUND IN RECORD	NOT FOUND IN RECORD	UNKNOWN
ASCProject_0024	956	1017	MESNA	LOCAL RECURRENCE	NO			NOT FOUND IN RECORD	LOCAL RECURRENCE
ASCProject_0024	975	1036	DOXORUBICIN	LOCAL RECURRENCE	NO	RESPONSE	FINISHED COURSE	NAUSEA	LOCAL RECURRENCE
ASCProject_0024	975	1036	IFOSFAMIDE	LOCAL RECURRENCE	NO	RESPONSE	FINISHED COURSE	NAUSEA	LOCAL RECURRENCE
ASCProject_0024	1060	1221	GEMCITABINE	LOCAL RECURRENCE	NO	RESPONSE	FINISHED COURSE	NOT FOUND IN RECORD	LOCAL RECURRENCE
ASCProject_0024	1060	1221	DOCETAXEL	LOCAL RECURRENCE	NO	RESPONSE	FINISHED COURSE	PAIN WITH SWALLOWING, NEUTROPENIA, FUNGAL INFECTION, PANCYTOPENIA, FAITGUE, DIARRHEA, DESQUAMATION OF HANDS, PEELING/BURNING OF LIPS	LOCAL RECURRENCE
ASCProject_0024	1069	1069	PACLITAXEL	LOCAL RECURRENCE	NO	OTHER (ONLY ONE DOSE)	NOT FOUND IN RECORD	NOT FOUND IN RECORD	LOCAL RECURRENCE
ASCProject_0024	1298	1466	PACLITAXEL	LOCAL RECURRENCE	NO	STABLE	NED	FATIGUE	LOCAL RECURRENCE
ASCProject_0024	1795	1867	PACLITAXEL	METS	NO	RESPONSE	SURGERY	FATIGUE	METS
ASCProject_0024	1900	2040	PACLITAXEL	METS	NO	STABLE	PROGRESSION	ALOPECIA	METS
ASCProject_0024	1900	2021	TEMOZOLOMIDE	METS	NO	STABLE	PROGRESSION	ALOPECIA, FATIGUE	METS
ASCProject_0024	2337	2492	DOCETAXEL	METS	NO	MIXED	FINISHED COURSE	FATIGUE	METS
ASCProject_0024	2337	2492	GEMCITABINE	METS	NO	MIXED	FINISHED COURSE	FATIGUE	METS
ASCProject_0024	2538	2629	PEMBROLIZUMAB	METS	NO	MIXED	OTHER [CEREBRAL EDEMA]	NAUSEA	METS
ASCProject_0024	2692	3014	OLARATUMAB	METS	NO	RESPONSE	NOT FOUND IN RECORD	NAUSEA, FATIGUE, DIARRHEA	METS
ASCProject_0024	2692	3014	DOXORUBICIN	METS	NO	RESPONSE	NOT FOUND IN RECORD	NAUSEA, FATIGUE, DIARRHEA	METS
ASCProject_0024	3147	3196	DOXORUBICIN	METS	NO	RESPONSE	OTHER [HOSPICE]	NOT FOUND IN RECORD	METS
ASCProject_0024	3147	3196	OLARATUMAB	METS	NO	RESPONSE	OTHER [HOSPICE]	NOT FOUND IN RECORD	METS
ASCProject_0025	87	230	DOXORUBICIN	ADJUVANT	NO	NOT FOUND IN RECORD	FINISHED COURSE	NEUTROPENIA	ADJUVANT
ASCProject_0025	87	230	IFOSFAMIDE	ADJUVANT	NO	NOT FOUND IN RECORD	FINISHED COURSE	NEUTROPENIA	ADJUVANT
ASCProject_0025	87	230	MESNA	ADJUVANT	NO		FINISHED COURSE	NOT FOUND IN RECORD	ADJUVANT
ASCProject_0025	250	381	GEMCITABINE	ADJUVANT	NO	NOT FOUND IN RECORD	FINISHED COURSE	NOT FOUND IN RECORD	ADJUVANT
ASCProject_0025	250	381	DOCETAXEL	ADJUVANT	NO	NOT FOUND IN RECORD	FINISHED COURSE	NOT FOUND IN RECORD	ADJUVANT
ASCProject_0025	381	487	PACLITAXEL	ADJUVANT	NO	NED	NOT FOUND IN RECORD	NOT FOUND IN RECORD	ADJUVANT
ASCProject_0025	629	704	DOXORUBICIN	METS	NO	RESPONSE	NOT FOUND IN RECORD	NOT FOUND IN RECORD	METS
ASCProject_0025	629	704	IFOSFAMIDE	METS	NO	RESPONSE	NOT FOUND IN RECORD	NOT FOUND IN RECORD	METS
ASCProject_0025	629	704	MESNA	METS	NO		NOT FOUND IN RECORD	NOT FOUND IN RECORD	METS
ASCProject_0025	629	704	DEXRAZOXANE	METS	NO		NOT FOUND IN RECORD	NOT FOUND IN RECORD	METS
ASCProject_0025	783	1061	GEMCITABINE	METS	NO	NOT FOUND IN RECORD	PROGRESSION	NOT FOUND IN RECORD	METS
ASCProject_0025	783	1061	BEVACIZUMAB	METS	NO	NOT FOUND IN RECORD	PROGRESSION	NOT FOUND IN RECORD	METS
ASCProject_0025	783	1061	DOCETAXEL	METS	NO	NOT FOUND IN RECORD	PROGRESSION	NOT FOUND IN RECORD	METS
ASCProject_0025	1078	1158	CLINICAL TRIAL	METS	YES	NOT FOUND IN RECORD	NOT FOUND IN RECORD	NOT FOUND IN RECORD	METS
ASCProject_0025	1163	1163	LIPOSOMAL DOXORUBICIN	METS	NO	RESPONSE	NOT FOUND IN RECORD	NOT FOUND IN RECORD	METS
ASCProject_0025	1163	1163	IFOSFAMIDE	METS	NO	RESPONSE	NOT FOUND IN RECORD	NOT FOUND IN RECORD	METS
ASCProject_0025	1208	1250	CLINICAL TRIAL	METS	YES	PROGRESSION	PROGRESSION	NOT FOUND IN RECORD	METS
ASCProject_0025	1267	1407	GEMCITABINE	METS	NO	PROGRESSION	PROGRESSION	NOT FOUND IN RECORD	METS
ASCProject_0025	1267	1407	DOCETAXEL	METS	NO	PROGRESSION	PROGRESSION	NOT FOUND IN RECORD	METS
ASCProject_0025	1424	1467	DACARBAZINE	METS	NO	MIXED	OTHER [DECEASED]	THROMBOCYTOPENIA	METS
ASCProject_0025	1428	1488	SORAFENIB	METS	NO	MIXED	PROGRESSION	NOT FOUND IN RECORD	METS
ASCProject_0026	982	1348	PACLITAXEL	METS	NO	STABLE	PROGRESSION	RASH	METS
ASCProject_0026	1348	1468	DOXORUBICIN	METS	NO	RESPONSE	PROGRESSION	NOT FOUND IN RECORD	METS
ASCProject_0026	1348	1468	OLARATUMAB	METS	NO	RESPONSE	PROGRESSION	NOT FOUND IN RECORD	METS
ASCProject_0026	1468	1591	GEMCITABINE	METS	NO	RESPONSE	ADVERSE EFFECTS	NOT FOUND IN RECORD	METS
ASCProject_0026	1468	1591	DOCETAXEL	METS	NO	RESPONSE	ADVERSE EFFECTS	NOT FOUND IN RECORD	METS
ASCProject_0026	1560	1679	PROPRANOLOL	METS	NO	NOT FOUND IN RECORD	ON TX AT LAST ENCOUNTER	NOT FOUND IN RECORD	METS
ASCProject_0030	93	204	DOXORUBICIN	ADJUVANT	NO	NOT FOUND IN RECORD	FINISHED COURSE	NEUTROPENIA, MUCOSITIS, SEVERE NAUSEA, EMESIS, FATIGUE	ADJUVANT
ASCProject_0030	93	204	IFOSFAMIDE	ADJUVANT	NO	NOT FOUND IN RECORD	FINISHED COURSE	NEUTROPENIA, MUCOSITIS, SEVERE NAUSEA, EMESIS, FATIGUE	ADJUVANT
ASCProject_0030	93	204	MESNA	ADJUVANT	NO		FINISHED COURSE		ADJUVANT
ASCProject_0030	215	323	PACLITAXEL	ADJUVANT	NO	NOT FOUND IN RECORD	ADVERSE EFFECTS	BONE AND JOINT DISCOMFORT, NEUROPATHY, NAUSEA, FATIGUE, MOUHT SORE, CONSTIPATION, NEUTROPENIA, THROMBOCYTOPENIA, ANEMIA	ADJUVANT
ASCProject_0034	39	165	LIPOSOMAL DOXORUBICIN		NO	STABLE	OTHER [STABLE DISEASE]	RASH, FATIGUE	UNKNOWN
ASCProject_0034	179	291	PACLITAXEL PROTEIN BOUND		NO	PROGRESSION	PROGRESSION	FATIGUE	UNKNOWN
ASCProject_0034	326	479	EVEROLIMUS		NO	STABLE	OTHER [LACK OF RESPONSE]	FATIGUE, ORAL ULCERS	UNKNOWN
ASCProject_0034	479	NOT FOUND IN RECORD	CLINICAL TRIAL		YES	NOT FOUND IN RECORD	NOT FOUND IN RECORD	NOT FOUND IN RECORD	UNKNOWN
ASCProject_0034	861	NOT FOUND IN RECORD	CHEMOTHERAPY NOS		NOT FOUND IN RECORD	NOT FOUND IN RECORD	NOT FOUND IN RECORD	DIARRHEA	UNKNOWN
ASCProject_0034	1205	NOT FOUND IN RECORD	IMMUNOTHERAPY NOS		NOT FOUND IN RECORD	RESPONSE	NOT FOUND IN RECORD	NOT FOUND IN RECORD	UNKNOWN
ASCProject_0034	1289	NOT FOUND IN RECORD	CHEMOTHERAPY NOS		NOT FOUND IN RECORD	NOT FOUND IN RECORD	NOT FOUND IN RECORD	NOT FOUND IN RECORD	UNKNOWN
ASCProject_0035	924	1055	PACLITAXEL	LOCAL RECURRENCE	NO	RESPONSE	FINISHED COURSE	RASH, NAUSEA, CONSTIPATION, NEUROPATHY, ALOPECIA	LOCAL RECURRENCE
ASCProject_0035	1137	1231	PACLITAXEL	ADJUVANT	NO	NOT FOUND IN RECORD	FINISHED COURSE	NOT FOUND IN RECORD	ADJUVANT
ASCProject_0035	1231	1335	DOCETAXEL	ADJUVANT	NO	NED	ADVERSE EFFECTS	NAUSEA, VOMITING, NEUROPATHY, FATIGUE, PNEUMONIA	ADJUVANT
ASCProject_0035	1231	1377	GEMCITABINE	ADJUVANT	NO	NED	FINISHED COURSE	NAUSEA, VOMITING, NEUROPATHY, PNEUMONIA	ADJUVANT
ASCProject_0035	1379	1447	DOXORUBICIN	ADJUVANT	NO	NED	ADVERSE EFFECTS	NAUSEA, VOMITING	ADJUVANT
ASCProject_0035	1379	1447	DEXRAZOXANE	ADJUVANT	NO		OTHER (NOT NEEDED ONCE CHEMO STOPPED)	NOT FOUND IN RECORD	ADJUVANT
ASCProject_0035	1379	1447	IFOSFAMIDE	ADJUVANT	NO	NED	ADVERSE EFFECTS	NAUSEA, VOMITING	ADJUVANT
ASCProject_0038	199	234	GEMCITABINE	LOCAL RECURRENCE	NO	NOT FOUND IN RECORD	NOT FOUND IN RECORD	DIARRHEA, FACIAL FLUSHING	LOCAL RECURRENCE
ASCProject_0038	199	234	DOCETAXEL	LOCAL RECURRENCE	NO	NOT FOUND IN RECORD	NOT FOUND IN RECORD	DIARRHEA, FACIAL FLUSHING	LOCAL RECURRENCE
ASCProject_0038	388	503	DOXORUBICIN	LOCAL RECURRENCE	NO	STABLE	NOT FOUND IN RECORD		LOCAL RECURRENCE
ASCProject_0038	545	666	PAZOPANIB	ADJUVANT	NO	MIXED	ADVERSE EFFECTS	DIARRHEA, FATIGUE	ADJUVANT
ASCProject_0038	577	741	ZOLEDRONIC ACID	METS	NO	STABLE	ON TX AT LAST ENCOUNTER		METS
ASCProject_0038	667	713	PACLITAXEL	METS	NO	PROGRESSION	ADVERSE EFFECTS	LEUKOPENIA	METS
ASCProject_0038	723	758	GEMCITABINE	METS	NO	MIXED	ON TX AT LAST ENCOUNTER	ANEMIA, DYSPNEA	METS
ASCProject_0038	723	758	DACARBAZINE	METS	NO	MIXED	ON TX AT LAST ENCOUNTER	ANEMIA, DYSPNEA	METS
ASCProject_0038	758	758	DENOSUMAB	METS	NO				METS
ASCProject_0042									UNKNOWN
ASCProject_0044	12	213	DOXORUBICIN	METS	NO	NOT FOUND IN RECORD	NOT FOUND IN RECORD	NOT FOUND IN RECORD	METS
ASCProject_0044	12	213	OLARATUMAB	METS	NO	NOT FOUND IN RECORD	NOT FOUND IN RECORD	NOT FOUND IN RECORD	METS
ASCProject_0044	243	351	GEMCITABINE	METS	NO	NOT FOUND IN RECORD	ADVERSE EFFECTS	POOR TOLERANCE	METS
ASCProject_0044	243	320	DOCETAXEL	METS	NO	NOT FOUND IN RECORD	NOT FOUND IN RECORD	NOT FOUND IN RECORD	METS
ASCProject_0044	351	544	PACLITAXEL	METS	NO	RESPONSE	CHEMO HOLIDAY	NEUROPATHY, FATIGUE	METS
ASCProject_0045	41	121	DOXORUBICIN	ADJUVANT	NO	NOT FOUND IN RECORD	FINISHED COURSE	DECREASED BLOOD CELL COUNTS	ADJUVANT
ASCProject_0045	41	121	IFOSFAMIDE	ADJUVANT	NO	NOT FOUND IN RECORD	FINISHED COURSE	DECREASED BLOOD CELL COUNTS	ADJUVANT
ASCProject_0045	41	121	MESNA	ADJUVANT	NO			NOT FOUND IN RECORD	ADJUVANT
ASCProject_0047	-299	404	ANASTROZOLE	OTHER CANCER	NO	NOT FOUND IN RECORD	NOT FOUND IN RECORD	JOINT PAIN, HEADACHES	OTHER
ASCProject_0049	30	134	IFOSFAMIDE	NEOADJUVANT	NO	RESPONSE	FINISHED COURSE	NAUSEA, VOMITING, HEADACHE, ALOPECIA, ANOREXIA, CONSTIPATION, MOUTH SORES, WATERY EYES, LIP NUMBNESS, FATIGUE, DECREASED BLOOD COUNTS	NEOADJUVANT
ASCProject_0049	30	134	DOXORUBICIN	NEOADJUVANT	NO	RESPONSE	FINISHED COURSE	NAUSEA, VOMITING, HEADACHE, ALOPECIA, ANOREXIA, CONSTIPATION, MOUTH SORES, WATERY EYES, LIP NUMBNESS, FATIGUE, DECREASED BLOOD COUNTS	NEOADJUVANT
ASCProject_0049	187	335	GEMCITABINE	ADJUVANT	NO	RESPONSE	PATIENT CHOICE	NEUTROPENIA, DIARRHEA, VOMITING, NEUROPATHY	ADJUVANT
ASCProject_0049	187	335	DOCETAXEL	ADJUVANT	NO	RESPONSE	PATIENT CHOICE	DIARRHEA, VOMITING, NEUROPATHY	ADJUVANT
ASCProject_0052	6	65	CISPLATIN	METS	NO	PROGRESSION	PROGRESSION	NAUSEA	METS
ASCProject_0052	65	176	MESNA	METS	NO		NOT FOUND IN RECORD	NOT FOUND IN RECORD	METS
ASCProject_0052	65	211	DOXORUBICIN	METS	NO	MIXED	PROGRESSION	NEUROTOXICITY, NAUSEA	METS
ASCProject_0052	65	211	IFOSFAMIDE	METS	NO	MIXED	PROGRESSION	NEUROTOXICITY, NAUSEA	METS
ASCProject_0052	211	589	GEMCITABINE	METS	NO	RESPONSE	ADVERSE EFFECTS	FATIGUE, NAUSEA, VOMITING, RASH, EDEMA	METS
ASCProject_0052	211	589	DOCETAXEL	METS	NO	RESPONSE	ADVERSE EFFECTS	FATIGUE, NAUSEA, VOMITING, RASH, EDEMA	METS
ASCProject_0055	60	172	GEMCITABINE	ADJUVANT	NO	NOT FOUND IN RECORD	FINISHED COURSE	NOT FOUND IN RECORD	ADJUVANT
ASCProject_0055	60	172	DOCETAXEL	ADJUVANT	NO	NOT FOUND IN RECORD	FINISHED COURSE	NOT FOUND IN RECORD	ADJUVANT
ASCProject_0055	733	907	DOXORUBICIN	METS	NO	RESPONSE	FINISHED COURSE	DIZZINESS, NAIL DISCOLORATION, DIARRHEA, RUNNY NOSE	METS
ASCProject_0055	733	907	IFOSFAMIDE	METS	NO	RESPONSE	FINISHED COURSE	DIZZINESS, NAIL DISCOLORATION, DIARRHEA, RUNNY NOSE	METS
ASCProject_0055	733	907	DEXRAZOXANE	METS	NO		FINISHED COURSE	NOT FOUND IN RECORD	METS
ASCProject_0055	916	983	PACLITAXEL	METS	NO	STABLE 	FINISHED COURSE	FATIGUE	METS
ASCProject_0055	1002	1179	NIVOLUMAB	METS	NO	MIXED	PROGRESSION	NOT FOUND IN RECORD	METS
ASCProject_0055	1187	1247	DOXORUBICIN	METS	NO	RESPONSE	PROGRESSION, ADVERSE EFFECTS	NEUTROPENIA, MARROW TOXICIITY	METS
ASCProject_0055	1187	1247	OLARATUMAB	METS	NO	RESPONSE	PROGRESSION, ADVERSE EFFECTS	NEUTROPENIA, MARROW TOXICIITY	METS
ASCProject_0055	1259	1388	GEMCITABINE	METS	NO	RESPONSE	ADVERSE EFFECTS	GI SYMPTOMS	METS
ASCProject_0055	1259	1389	DOCETAXEL	METS	NO	RESPONSE	ADVERSE EFFECTS	GI SYMPTOMS	METS
ASCProject_0055	1406	1492	PEMBROLIZUMAB	METS	NO	STABLE 	PROGRESSION, ADVERSE EFFECTS	PNEUMONITIS	METS
ASCProject_0055	1530	1530	METHOTREXATE	METS	NO		ON TX AT LAST ENCOUNTER		METS
ASCProject_0055	1530	1530	VINBLASTINE	METS	NO		ON TX AT LAST ENCOUNTER		METS
ASCProject_0055	1530	1530	PROPRANOLOL	METS	NO		ON TX AT LAST ENCOUNTER		METS
ASCProject_0057	-1259	-955	ANASTROZOLE	OTHER CANCER	NO	NOT FOUND IN RECORD	ADVERSE EFFECTS	MUSCLE/JOINT PAIN	OTHER
ASCProject_0057	-1259	-528	TAMOXIFEN	OTHER CANCER	NO	NOT FOUND IN RECORD	ADVERSE EFFECTS	MUSCLE/JOINT PAIN	OTHER
ASCProject_0058	250	311	DOXORUBICIN	NEOADJUVANT	NO	RESPONSE	NOT FOUND IN RECORD	NOT FOUND IN RECORD	NEOADJUVANT
ASCProject_0058	250	311	PACLITAXEL	NEOADJUVANT	NO	RESPONSE	NOT FOUND IN RECORD	NOT FOUND IN RECORD	NEOADJUVANT
ASCProject_0059	-2049	-1988	DOCETAXEL	OTHER CANCER	NO	NOT FOUND IN RECORD	FINISHED COURSE	NOT FOUND IN RECORD	OTHER
ASCProject_0059	-2049	-1988	CYCLOPHOSPHAMIDE	OTHER CANCER	NO	NOT FOUND IN RECORD	FINISHED COURSE	NOT FOUND IN RECORD	OTHER
ASCProject_0061	1943	1979	CLINICAL TRIAL	METS	YES	NOT FOUND IN RECORD	ADVERSE EFFECTS	HAND-FOOT SYNDROME, RASH, FATIGUE, NAUSEA, STOMATITIS, DIARRHEA, MOUTH SORES, DYSGEUSIA, EPISTAXIS, HEADACHE	METS
ASCProject_0061	1982	1996	PAZOPANIB	METS	NO	NOT FOUND IN RECORD	ON TX AT LAST ENCOUNTER	NOT FOUND IN RECORD	METS
ASCProject_0063	123	221	PACLITAXEL	ADJUVANT	NO	RESPONSE	SURGERY	FATIGUE, LOSS OF APPETITE	ADJUVANT
ASCProject_0063	377	426	PACLITAXEL	ADJUVANT	NO	RESPONSE	FINISHED COURSE	NOT FOUND IN RECORD	ADJUVANT
ASCProject_0063	710	782	CLINICAL TRIAL	METS	YES	MIXED	ADVERSE EFFECTS	NAUSEA, VOMITING, DIAHRREA	METS
ASCProject_0063	710	782	CLINICAL TRIAL	METS	YES	MIXED	ADVERSE EFFECTS	NAUSEA, VOMITING, DIAHRREA	METS
ASCProject_0064	4140	4367	PACLITAXEL	METS	NO	RESPONSE	PROGRESSION	NOT FOUND IN RECORD	METS
ASCProject_0064	4447	4564	DOXORUBICIN	METS	NO	STABLE	ADVERSE EFFECTS	NAUSEA	METS
ASCProject_0064	4447	4564	OLARATUMAB	METS	NO	STABLE	ADVERSE EFFECTS	NAUSEA	METS
ASCProject_0064	4660	4726	CLINICAL TRIAL	METS	YES	NOT FOUND IN RECORD	CHEMO HOLIDAY	NOT FOUND IN RECORD	METS
ASCProject_0064	4660	4704	CLINICAL TRIAL	METS	YES		ADVERSE EFFECTS	VOMITING, HYPERTENSION	METS
ASCProject_0065	143	202	PACLITAXEL	ADJUVANT	NO	NED	PATIENT CHOICE	STOMACH CRAMPS, DIARRHEA, EPISTAXIS, NEUROPATHY	ADJUVANT
ASCProject_0065	241	301	PACLITAXEL	ADJUVANT	NO	NED	CHEMO HOLIDAY	NOT FOUND IN RECORD	ADJUVANT
ASCProject_0066	-1801	-1650	RITUXIMAB	OTHER CANCER	NO	NOT FOUND IN RECORD	NOT FOUND IN RECORD	NOT FOUND IN RECORD	OTHER
ASCProject_0066	-1801	-1650	CYCLOPHOSPHAMIDE	OTHER CANCER	NO	NOT FOUND IN RECORD	NOT FOUND IN RECORD	NOT FOUND IN RECORD	OTHER
ASCProject_0066	-1801	-1650	DOXORUBICIN	OTHER CANCER	NO	NOT FOUND IN RECORD	NOT FOUND IN RECORD	NOT FOUND IN RECORD	OTHER
ASCProject_0066	-1801	-1650	VINCRISTINE	OTHER CANCER	NO	NOT FOUND IN RECORD	NOT FOUND IN RECORD	NOT FOUND IN RECORD	OTHER
ASCProject_0067	20	84	PACLITAXEL	NEOADJUVANT	NO	RESPONSE	FINISHED COURSE	NAUSEA, FATIGUE	NEOADJUVANT
ASCProject_0068	40	147	DOXORUBICIN	ADJUVANT	NO	RESPONSE	ADVERSE EFFECTS	FATIGUE	ADJUVANT
ASCProject_0068	40	147	DACARBAZINE	ADJUVANT	NO	RESPONSE	ADVERSE EFFECTS	FATIGUE	ADJUVANT
ASCProject_0068	40	147	DEXRAZOXANE	ADJUVANT	NO		OTHER (NOT NEEDED ONCE CHEMO STOPPED)		ADJUVANT
ASCProject_0068	147	277	PACLITAXEL	ADJUVANT	NO	NOT FOUND IN RECORD	ADVERSE EFFECTS	NEUROPATHY	ADJUVANT
ASCProject_0073	89	103	GEMCITABINE	ADJUVANT	NO	OTHER (ONLY ONE DOSE)	OTHER (DEVELOPED ANAPHYLACTIC REACTION AFTER STARTING DOCETAXEL DURING SECOND CYCLE , ADVISED GEMZAR ALONE UNLIKELY TO BE EFFECTIVE)	FATIGUE	ADJUVANT
ASCProject_0073	89	103	DOCETAXEL	ADJUVANT	NO	OTHER (ONLY ONE DOSE)	ADVERSE EFFECTS	FATIGUE, ANAPHYLACTIC REACTION	ADJUVANT
ASCProject_0073	120	215	PACLITAXEL	ADJUVANT	NO	NOT FOUND IN RECORD	FINISHED COURSE	FATIGUE, CONSTIPATION	ADJUVANT
ASCProject_0074	31	144	PACLITAXEL	ADJUVANT	NO	RESPONSE	FINISHED COURSE	FATIGUE	ADJUVANT
ASCProject_0076	138	229	GEMCITABINE	ADJUVANT	NO	NOT FOUND IN RECORD	FINISHED COURSE	NOT FOUND IN RECORD	ADJUVANT
ASCProject_0076	138	229	DOCETAXEL	ADJUVANT	NO	NOT FOUND IN RECORD	FINISHED COURSE	NOT FOUND IN RECORD	ADJUVANT
ASCProject_0078	-3686	NOT FOUND IN RECORD	TAMOXIFEN	OTHER CANCER	NO	NOT FOUND IN RECORD	NOT FOUND IN RECORD	NOT FOUND IN RECORD	OTHER
ASCProject_0078	3949	4061	CLINICAL TRIAL	LOCAL RECURRENCE	YES	RESPONSE	PROGRESSION	NOT FOUND IN RECORD	LOCAL RECURRENCE
ASCProject_0078	3949	4045	CLINICAL TRIAL	LOCAL RECURRENCE	YES	RESPONSE	PROGRESSION	CONFUSION, FATIGUE, AND ARTHRALGIAS	LOCAL RECURRENCE
ASCProject_0078	NOT FOUND IN RECORD	-2802	EXEMESTANE	OTHER CANCER	NO	NOT FOUND IN RECORD	ADVERSE EFFECTS	NOT FOUND IN RECORD	OTHER
ASCProject_0078	NOT FOUND IN RECORD	-2802	LETROZOLE	OTHER CANCER	NO	NOT FOUND IN RECORD	ADVERSE EFFECTS	NOT FOUND IN RECORD	OTHER
ASCProject_0082	42	203	LIPOSOMAL DOXORUBICIN	ADJUVANT	NO	NOT FOUND IN RECORD	NOT FOUND IN RECORD	NOT FOUND IN RECORD	ADJUVANT
ASCProject_0084									UNKNOWN
ASCProject_0088	-2466	-2376	DOXORUBICIN	OTHER CANCER	NO	NOT FOUND IN RECORD	NOT FOUND IN RECORD	NOT FOUND IN RECORD	OTHER
ASCProject_0088	-2466	-2376	CYCLOPHOSPHAMIDE	OTHER CANCER	NO	NOT FOUND IN RECORD	NOT FOUND IN RECORD	NOT FOUND IN RECORD	OTHER
ASCProject_0088	-2466	-2376	PACLITAXEL	OTHER CANCER	NO	NOT FOUND IN RECORD	NOT FOUND IN RECORD	NOT FOUND IN RECORD	OTHER
ASCProject_0088	-2466	-2376	TRASTUZUMAB	OTHER CANCER	NO	NOT FOUND IN RECORD	NOT FOUND IN RECORD	NOT FOUND IN RECORD	OTHER
ASCProject_0088	30	150	IFOSFAMIDE	NEOADJUVANT	NO	RESPONSE	NOT FOUND IN RECORD	NEUTROPENIC FEVER	NEOADJUVANT
ASCProject_0088	30	150	MESNA	NEOADJUVANT	NO		NOT FOUND IN RECORD	NOT FOUND IN RECORD	NEOADJUVANT
ASCProject_0088	30	150	DOXORUBICIN	NEOADJUVANT	NO	RESPONSE	NOT FOUND IN RECORD	NEUTROPENIC FEVER	NEOADJUVANT
ASCProject_0088	253	326	PACLITAXEL	ADJUVANT	NO	NOT FOUND IN RECORD	ADVERSE EFFECTS	RASH, SORE THROAT, NEUROPATHY	ADJUVANT
ASCProject_0088	364	470	GEMCITABINE	ADJUVANT	NO	NOT FOUND IN RECORD	FINISHED COURSE	COUGH, LOW WBC, NAUSEA	ADJUVANT
ASCProject_0088	812	912	GEMCITABINE	LOCAL RECURRENCE	NO	RESPONSE	ADVERSE EFFECTS	SEVERE FATIGUE, EDEMA, NEUROPATHY, RASH, NAUSEA, ANEMIA, WATERY EYES	LOCAL RECURRENCE
ASCProject_0088	812	912	DOCETAXEL	LOCAL RECURRENCE	NO	RESPONSE	ADVERSE EFFECTS	SEVERE FATIGUE, EDEMA, NEUROPATHY, RASH, NAUSEA, ANEMIA, WATERY EYES	LOCAL RECURRENCE
ASCProject_0088	992	1037	PACLITAXEL	LOCAL RECURRENCE	NO	NOT FOUND IN RECORD	FINISHED COURSE	NEUROPATHY, MOUTH TENDERNESS	LOCAL RECURRENCE
ASCProject_0089	51	112	GEMCITABINE	ADJUVANT	NO	NOT FOUND IN RECORD	FINISHED COURSE	NOT FOUND IN RECORD	ADJUVANT
ASCProject_0089	51	112	DOCETAXEL	ADJUVANT	NO	NOT FOUND IN RECORD	FINISHED COURSE	NOT FOUND IN RECORD	ADJUVANT
ASCProject_0092	29	124	PACLITAXEL	NEOADJUVANT	NO	NED	PATIENT CHOICE	FATIGUE, NEUROPATHY	NEOADJUVANT
ASCProject_0094	654	750	PACLITAXEL PROTEIN BOUND	METS	NO	NOT FOUND IN RECORD	PATIENT CHOICE	NOT FOUND IN RECORD	METS
ASCProject_0094	NOT FOUND IN RECORD	NOT FOUND IN RECORD	DENOSUMAB	METS	NO	NOT FOUND IN RECORD	NOT FOUND IN RECORD	NOT FOUND IN RECORD	METS
ASCProject_0094	NOT FOUND IN RECORD	NOT FOUND IN RECORD	ZOLEDRONIC ACID	METS	NO	NOT FOUND IN RECORD	NOT FOUND IN RECORD	NOT FOUND IN RECORD	METS
ASCProject_0095	-1954	-1825	CARBOPLATIN	OTHER CANCER	NOT FOUND IN RECORD	NOT FOUND IN RECORD	FINISHED COURSE	SMALL BOWEL OBSTRUCTION	OTHER
ASCProject_0095	-1954	-1825	PACLITAXEL	OTHER CANCER	NOT FOUND IN RECORD	NOT FOUND IN RECORD	FINISHED COURSE	SMALL BOWEL OBSTRUCTION	OTHER
ASCProject_0095	NOT FOUND IN RECORD	NOT FOUND IN RECORD	CHEMOTHERAPY NOS	ADJUVANT	NO	NOT FOUND IN RECORD	NOT FOUND IN RECORD	NOT FOUND IN RECORD	ADJUVANT
ASCProject_0095	NOT FOUND IN RECORD	2011	NIVOLUMAB	ADJUVANT	NO	NOT FOUND IN RECORD	ON TX AT LAST ENCOUNTER	NOT FOUND IN RECORD	ADJUVANT
ASCProject_0097	30	121	DOXORUBICIN	ADJUVANT	NO	NOT FOUND IN RECORD	NOT FOUND IN RECORD	STOMATITIS	ADJUVANT
ASCProject_0097	121	213	PACLITAXEL	ADJUVANT	NO	NOT FOUND IN RECORD	FINISHED COURSE	NOT FOUND IN RECORD	ADJUVANT
ASCProject_0097	425	545	LIPOSOMAL DOXORUBICIN	METS	NO	NOT FOUND IN RECORD	FINISHED COURSE	NOT FOUND IN RECORD	METS
ASCProject_0097	578	1066	CLINICAL TRIAL	METS	YES	NOT FOUND IN RECORD	PROGRESSION	NOT FOUND IN RECORD	METS
ASCProject_0097	1094	2374	SORAFENIB	METS	NO	NOT FOUND IN RECORD	SURGERY	NOT FOUND IN RECORD	METS
ASCProject_0097	1400	1431	SIROLIMUS	METS	NO	NOT FOUND IN RECORD	ADVERSE EFFECTS	DIARRHEA, WEIGHT LOSS	METS
ASCProject_0097	2404	NOT FOUND IN RECORD	SORAFENIB	METS	NO	NOT FOUND IN RECORD	NOT FOUND IN RECORD	NOT FOUND IN RECORD	METS
ASCProject_0097	2830	3849	ANASTROZOLE	OTHER CANCER	NO		NOT FOUND IN RECORD	NOT FOUND IN RECORD	OTHER
ASCProject_0097	2830	3480	GOSERELIN	OTHER CANCER	NO		NOT FOUND IN RECORD	NOT FOUND IN RECORD	OTHER
ASCProject_0097	2861	3137	PAZOPANIB	METS	NO	NOT FOUND IN RECORD	PROGRESSION	NOT FOUND IN RECORD	METS
ASCProject_0097	3152	3220	GEMCITABINE	METS	NO	RESPONSE	FINISHED COURSE	NOT FOUND IN RECORD	METS
ASCProject_0097	3152	3220	DOCETAXEL	METS	NO	RESPONSE	FINISHED COURSE	FLUID RETENTION	METS
ASCProject_0097	3293	3531	SORAFENIB	METS	NO	RESPONSE	PROGRESSION	DIARRHEA, HAND DRYNESS	METS
ASCProject_0097	3555	3702	PACLITAXEL	METS	NO	NOT FOUND IN RECORD	OTHER [PNEUMONIA]	POST-NASAL DRIP, PERIPHERAL NEUROPATHY	METS
ASCProject_0097	3555	3702	BEVACIZUMAB	METS	NO	NOT FOUND IN RECORD	OTHER [PNEUMONIA]	POST-NASAL DRIP, PERIPHERAL NEUROPATHY	METS
ASCProject_0097	3893	3973	REGORAFENIB	METS	NO	NOT FOUND IN RECORD	NOT FOUND IN RECORD	NEUROPATHY	METS
ASCProject_0097	4759	4759	IMMUNOTHERAPY NOS	METS	NOT FOUND IN RECORD	NOT FOUND IN RECORD	ON TX AT LAST ENCOUNTER	NOT FOUND IN RECORD	METS
ASCProject_0097	NOT FOUND IN RECORD	NOT FOUND IN RECORD	PACLITAXEL PROTEIN BOUND	METS	NO	NOT FOUND IN RECORD	NOT FOUND IN RECORD	NEUROPATHY	METS
ASCProject_0098	40	229	PACLITAXEL	ADJUVANT	NO	RESPONSE	FINISHED COURSE	SKIN INFLAMMATION, EYE IRRITATION	ADJUVANT
ASCProject_0098	288	288	PEMBROLIZUMAB	METS	NO		ADVERSE EFFECTS	NOT FOUND IN RECORD	METS
ASCProject_0098	397	544	GEMCITABINE	METS	NO	RESPONSE	CHEMO HOLIDAY	CONSTIPATION	METS
ASCProject_0098	397	404	DOCETAXEL	METS	NO	NOT FOUND IN RECORD	ADVERSE EFFECTS	THROMBOXYTOPENIA, MUCOSITIS, HERCEPTIC LESIONS, FATIGUE	METS
ASCProject_0098	433	475	PROPRANOLOL	METS	NO	STABLE	NOT FOUND IN RECORD	NOT FOUND IN RECORD	METS
ASCProject_0098	579	618	GEMCITABINE	METS	NO	RESPONSE	PROGRESSION	NOT FOUND IN RECORD	METS
ASCProject_0098	637	782	CLINICAL TRIAL	METS	YES	RESPONSE	PROGRESSION	NOT FOUND IN RECORD	METS
ASCProject_0098	782	782	LIPOSOMAL DOXORUBICIN	METS	NO	NOT FOUND IN RECORD	ADVERSE EFFECTS	NOT FOUND IN RECORD	METS
ASCProject_0098	782	830	OLARATUMAB	METS	NO	RESPONSE	PROGRESSION	NOT FOUND IN RECORD	METS
ASCProject_0098	824	824	LIPOSOMAL DOXORUBICIN	METS	NO	PROGRESSION	ADVERSE EFFECTS	NOT FOUND IN RECORD	METS
ASCProject_0098	824	831	DOXORUBICIN	METS	NO	NOT FOUND IN RECORD	ADVERSE EFFECTS	FATIGUE, BRADYCARDIA	METS
ASCProject_0098	965	1006	PAZOPANIB	METS	NO	NOT FOUND IN RECORD	ON TX AT LAST ENCOUNTER	FATIGUE	METS
ASCProject_0099	63	232	PACLITAXEL	NEOADJUVANT	NO	RESPONSE	ADVERSE EFFECTS	NEUROPATHY, DIARRHEA, FATIGUE, NAIL DYSTROPHY, BLOATING	NEOADJUVANT
ASCProject_0099	NOT FOUND IN RECORD	NOT FOUND IN RECORD	ANASTROZOLE	OTHER CANCER	NO	NOT FOUND IN RECORD	NOT FOUND IN RECORD	NOT FOUND IN RECORD	OTHER
ASCProject_0101	97	295	PACLITAXEL	ADJUVANT	NO	MIXED	FINISHED COURSE	RASH	ADJUVANT
ASCProject_0101	133	295	GEMCITABINE	ADJUVANT	NO	MIXED	FINISHED COURSE	RASH	ADJUVANT
ASCProject_0102	31	144	DOXORUBICIN	NEOADJUVANT	NO	RESPONSE	FINISHED COURSE	CONSTIPATION, NEUTROPENIA, ANEMIA, THROMBOCYTOPENIA, ALOPECIA	NEOADJUVANT
ASCProject_0102	31	144	IFOSFAMIDE	NEOADJUVANT	NO	RESPONSE	FINISHED COURSE	CONSTIPATION, NEUTROPENIA, ANEMIA, THROMBOCYTOPENIA, ALOPECIA	NEOADJUVANT
ASCProject_0102	223	356	GEMCITABINE	ADJUVANT	NO	NOT FOUND IN RECORD	FINISHED COURSE	MUCOSITIS, MINIMAL NEUROPATHY, CONSTIPATION	ADJUVANT
ASCProject_0102	223	356	DOCETAXEL	ADJUVANT	NO	NOT FOUND IN RECORD	FINISHED COURSE	MUCOSITIS, MINIMAL NEUROPATHY, CONSTIPATION	ADJUVANT
ASCProject_0102	358	450	PACLITAXEL	ADJUVANT	NO	NED	NED	NOT FOUND IN RECORD	ADJUVANT
ASCProject_0105									UNKNOWN
ASCProject_0109	-3244	-3176	DOXORUBICIN	OTHER CANCER	NO	NOT FOUND IN RECORD	FINISHED COURSE	NOT FOUND IN RECORD	OTHER
ASCProject_0109	-3244	-3176	CYCLOPHOSPHAMIDE	OTHER CANCER	NO	NOT FOUND IN RECORD	FINISHED COURSE	NOT FOUND IN RECORD	OTHER
ASCProject_0109	-3176	-3071	PACLITAXEL	OTHER CANCER	NO	NOT FOUND IN RECORD	FINISHED COURSE	NOT FOUND IN RECORD	OTHER
ASCProject_0109	-2959	-2833	TRASTUZUMAB	OTHER CANCER	NO	NOT FOUND IN RECORD	ADVERSE EFFECTS	CARDIOMYOPATHY	OTHER
ASCProject_0109	1551	1614	CLINICAL TRIAL	METS	YES	RESPONSE	OTHER [INELLIGIBLE FOR STUDY D/T MISSED DOSES]	NEUTROPENIA, ANEMIA, PANCYTOPENIA, CONSTIPATION, LIVER TOXICITY, MUCOSITIS, FATIGUE, JOINT PAIN, DIARRHEA	METS
ASCProject_0109	1621	1621	DOCETAXEL	METS	NO	NOT FOUND IN RECORD	ADVERSE EFFECTS	NEUTROPENIA	METS
ASCProject_0109	1621	1656	GEMCITABINE	METS	NO	NOT FOUND IN RECORD	ADVERSE EFFECTS	NEUTROPENIA	METS
ASCProject_0109	2024	2051	PACLITAXEL	METS	NO	RESPONSE	NOT FOUND IN RECORD	NAUSEA	METS
ASCProject_0113	114	665	PACLITAXEL	ADJUVANT	NO	NOT FOUND IN RECORD	ADVERSE EFFECTS	NEUROPATHY	ADJUVANT
ASCProject_0113	178	259	GEMCITABINE	ADJUVANT	NO	NOT FOUND IN RECORD	OTHER [XRT]	NOT FOUND IN RECORD	ADJUVANT
ASCProject_0113	178	526	BEVACIZUMAB	ADJUVANT	NO	RESPONSE	OTHER [WOUND]	NOT FOUND IN RECORD	ADJUVANT
ASCProject_0113	301	526	GEMCITABINE	ADJUVANT	NO	RESPONSE	OTHER [WOUND]	NOT FOUND IN RECORD	ADJUVANT
ASCProject_0117	51	113	IFOSFAMIDE	ADJUVANT	NO	NOT FOUND IN RECORD	FINISHED COURSE	FATIGUE	ADJUVANT
ASCProject_0117	51	113	DOXORUBICIN	ADJUVANT	NO	NOT FOUND IN RECORD	FINISHED COURSE	FATIGUE	ADJUVANT
ASCProject_0118	-2945	-2883	DOXORUBICIN	OTHER CANCER	NO	NOT FOUND IN RECORD	FINISHED COURSE	NOT FOUND IN RECORD	OTHER
ASCProject_0118	-2945	-2883	CYCLOPHOSPHAMIDE	OTHER CANCER	NO	NOT FOUND IN RECORD	FINISHED COURSE	NOT FOUND IN RECORD	OTHER
ASCProject_0118	-2822	-2730	PACLITAXEL	OTHER CANCER	NO	NOT FOUND IN RECORD	FINISHED COURSE	NOT FOUND IN RECORD	OTHER
ASCProject_0118	-2702	-1879	ANASTROZOLE	OTHER CANCER	NO	NOT FOUND IN RECORD	PATIENT CHOICE	NOT FOUND IN RECORD	OTHER
ASCProject_0118	-1757	-1300	ANASTROZOLE	OTHER CANCER	NO	NOT FOUND IN RECORD	PATIENT CHOICE	NOT FOUND IN RECORD	OTHER
ASCProject_0118	16	170	GEMCITABINE	NEOADJUVANT	NO	RESPONSE	PROGRESSION	NOT FOUND IN RECORD	NEOADJUVANT
ASCProject_0118	23	170	DOCETAXEL	NEOADJUVANT	NO	RESPONSE	PROGRESSION	NOT FOUND IN RECORD	NEOADJUVANT
ASCProject_0118	264	332	DOXORUBICIN	ADJUVANT	NO	NED	FINISHED COURSE	THROMBOCYTOPENIA, NEUTROPENIA, ARTHRALGIAS, FATIGUE, ALOPECIA, PANCYTOPENIA	ADJUVANT
ASCProject_0118	264	332	IFOSFAMIDE	ADJUVANT	NO	NED	FINISHED COURSE	THROMBOCYTOPENIA, NEUTROPENIA, ARTHRALGIAS, FATIGUE, ALOPECIA, PANCYTOPENIA	ADJUVANT
ASCProject_0118	264	332	MESNA	ADJUVANT	NO	NED	FINISHED COURSE	THROMBOCYTOPENIA, NEUTROPENIA, ARTHRALGIAS, FATIGUE, PANCYTOPENIA	ADJUVANT
ASCProject_0118	264	332	DACARBAZINE	ADJUVANT	NO	NED	FINISHED COURSE	ARTHRALGIAS, FATIGUE, PANCYTOPENIA	ADJUVANT
ASCProject_0120	822	850	GEMCITABINE	LOCAL RECURRENCE	NO	NOT FOUND IN RECORD	OTHER [EXPOSED SKULL]	FATIGUE, NAUSEA	LOCAL RECURRENCE
ASCProject_0120	822	850	DOCETAXEL	LOCAL RECURRENCE	NO	NOT FOUND IN RECORD	OTHER [EXPOSED SKULL]	FATIGUE, NAUSEA	LOCAL RECURRENCE
ASCProject_0120	1268	1291	PACLITAXEL	LOCAL RECURRENCE	NO	NOT FOUND IN RECORD	NOT FOUND IN RECORD	ITCHING	LOCAL RECURRENCE
ASCProject_0121	624	792	CLINICAL TRIAL	METS	YES	STABLE	PROGRESSION	ABNORMAL LFT'S	METS
ASCProject_0121	813	1069	DOXORUBICIN	METS	NO	RESPONSE	FINISHED COURSE	NOT FOUND IN RECORD	METS
ASCProject_0134	38	137	PACLITAXEL	NEOADJUVANT	NO	RESPONSE	FINISHED COURSE	ALOPECIA, FATIGUE	NEOADJUVANT
ASCProject_0134	241	374	PACLITAXEL	ADJUVANT	NO	RESPONSE	PROGRESSION	DYSPNEA ON EXERTION, FATIGUE	ADJUVANT
ASCProject_0134	388	872	SORAFENIB	ADJUVANT	NO	RESPONSE	PROGRESSION	FATIGUE, WEAKNESS, CALLUSES ON FEET, ERYTHEMA IN HAND, RASH, HAND-FOOT SYNDROME	ADJUVANT
ASCProject_0134	873	900	LIPOSOMAL DOXORUBICIN	LOCAL RECURRENCE	NO	NOT FOUND IN RECORD	PROGRESSION	NOT FOUND IN RECORD	LOCAL RECURRENCE
ASCProject_0134	948	1033	CLINICAL TRIAL	LOCAL RECURRENCE	YES	RESPONSE	PROGRESSION	FATIGUE, FINGER TIP CRACKING	LOCAL RECURRENCE
ASCProject_0134	1067	1821	CLINICAL TRIAL	ADJUVANT	YES	MIXED	ON TX AT LAST ENCOUNTER	RASH	ADJUVANT
ASCProject_0135	153	248	DOXORUBICIN	LOCAL RECURRENCE	NO	RESPONSE	FINISHED COURSE	NOT FOUND IN RECORD	LOCAL RECURRENCE
ASCProject_0135	153	248	IFOSFAMIDE	LOCAL RECURRENCE	NO	RESPONSE	FINISHED COURSE	NOT FOUND IN RECORD	LOCAL RECURRENCE
ASCProject_0135	153	248	DEXRAZOXANE	LOCAL RECURRENCE	NO		FINISHED COURSE	NOT FOUND IN RECORD	LOCAL RECURRENCE
ASCProject_0145	319	640	LIPOSOMAL DOXORUBICIN	METS	NO	RESPONSE	PROGRESSION	FATIGUE, RASH, PALMAR PLANTAR ERYTHRODYSESTHESIA, FATIGUE, RED STOMATITIS, CONSTIPATION, NAUSEA	METS
ASCProject_0145	640	689	PACLITAXEL	METS	NO	PROGRESSION	PROGRESSION	ARHTRALGIA, MYALGIA, FATIGUE, ALOPECIA	METS
ASCProject_0145	695	809	GEMCITABINE	METS	NO	RESPONSE	ADVERSE EFFECTS	NAUSEA, CONSTIPATION, ANEMIA, FATIGUE, MILD MUCOSITIS, MILD ARTHRALGIA, THROMBOCYTOSIS, MILD CONFUSION	METS
ASCProject_0145	826	867	OLARATUMAB	METS	NO	RESPONSE	ON TX AT LAST ENCOUNTER	NOT FOUND IN RECORD	METS
ASCProject_0145	826	867	DOXORUBICIN	METS	NO	RESPONSE	ON TX AT LAST ENCOUNTER	NOT FOUND IN RECORD	METS
ASCProject_0146	-4815	-3354	TAMOXIFEN	OTHER CANCER	NO	STABLE	PROGRESSION 	NOT FOUND IN RECORD	OTHER
ASCProject_0146	-2898	-2776	DOXORUBICIN	OTHER CANCER	NO	NOT FOUND IN RECORD	FINISHED COURSE	NOT FOUND IN RECORD	OTHER
ASCProject_0146	-2898	-2776	CYCLOPHOSPHAMIDE	OTHER CANCER	NO	NOT FOUND IN RECORD	FINISHED COURSE	NOT FOUND IN RECORD	OTHER
ASCProject_0146	-2898	-2776	PACLITAXEL	OTHER CANCER	NO	NOT FOUND IN RECORD	FINISHED COURSE	NOT FOUND IN RECORD	OTHER
ASCProject_0146	-2715	-67	ANASTROZOLE	OTHER CANCER	NO	NOT FOUND IN RECORD	NOT FOUND IN RECORD	NOT FOUND IN RECORD	OTHER
ASCProject_0146	200	256	CLINICAL TRIAL	ADJUVANT	YES	NOT FOUND IN RECORD	PROGRESSION 	NOT FOUND IN RECORD	ADJUVANT
ASCProject_0146	263	1880	PACLITAXEL	ADJUVANT	NO	RESPONSE	NED	RIGORS, NEUROPATHY	ADJUVANT
ASCProject_0148	-2423	-2392	DOCETAXEL	OTHER CANCER	NO	NOT FOUND IN RECORD	NOT FOUND IN RECORD	NOT FOUND IN RECORD	OTHER
ASCProject_0148	-1997	-1632	TRASTUZUMAB	OTHER CANCER	NO	NOT FOUND IN RECORD	NOT FOUND IN RECORD	NOT FOUND IN RECORD	OTHER
ASCProject_0148	-40	473	LETROZOLE	OTHER CANCER	NO	NOT FOUND IN RECORD	ON TX AT LAST ENCOUNTER	NOT FOUND IN RECORD	OTHER
ASCProject_0148	361	402	IFOSFAMIDE	LOCAL RECURRENCE	NO	NOT FOUND IN RECORD	ADVERSE EFFECTS	HALLUFINCATIONS	LOCAL RECURRENCE
ASCProject_0148	361	402	MESNA	LOCAL RECURRENCE	NO		OTHER [TAKEN OFF IFOSFAMIDE]	NOT FOUND IN RECORD	LOCAL RECURRENCE
ASCProject_0148	361	468	DOXORUBICIN	LOCAL RECURRENCE	NO	RESPONSE	NOT FOUND IN RECORD	NOT FOUND IN RECORD	LOCAL RECURRENCE
ASCProject_0148	NOT FOUND IN RECORD	NOT FOUND IN RECORD	ANASTROZOLE	OTHER CANCER	NO	NOT FOUND IN RECORD	NOT FOUND IN RECORD	NOT FOUND IN RECORD	OTHER
ASCProject_0153	10	101	DOCETAXEL	METS	NO	RESPONSE	ADVERSE EFFECTS	ANASARCA	METS
ASCProject_0153	10	136	GEMCITABINE	METS	NO	RESPONSE	ADVERSE EFFECTS	ANASARCA	METS
ASCProject_0153	158	179	PAZOPANIB	METS	NO	NOT FOUND IN RECORD	ADVERSE EFFECTS	NAUSEA, HYPERTENSION, HEADACHE, ELEVATION IN BILIRUBIN, LFT, THROMBOCYTOPENIA	METS
ASCProject_0153	200	235	PACLITAXEL PROTEIN BOUND	METS	NO	NOT FOUND IN RECORD	ADVERSE EFFECTS	NEUTROPENIA	METS
ASCProject_0153	256	286	PACLITAXEL PROTEIN BOUND	METS	NO	RESPONSE	ADVERSE EFFECTS	MYALGIA	METS
ASCProject_0153	298	375	BEVACIZUMAB	METS	NO	RESPONSE	PROGRESSION, ADVERSE EFFECTS	THROMBOCYTOPENIA	METS
ASCProject_0153	388	529	DOXORUBICIN	METS	NO	NOT FOUND IN RECORD	PROGRESSION	LOW EF	METS
ASCProject_0153	445	529	DEXRAZOXANE	METS	NO				METS
ASCProject_0153	535	564	VINORELBINE	METS	NO	OTHER (NO RESPONSE)	ADVERSE EFFECTS	HEPATIC IMPAIRMENT	METS
ASCProject_0153	585	585	VINORELBINE	METS	NO	OTHER (NO RESPONSE)	PROGRESSION		METS
ASCProject_0157					NO				UNKNOWN
ASCProject_0158	NOT FOUND IN RECORD	NOT FOUND IN RECORD	NOT FOUND IN RECORD	NOT FOUND IN RECORD					UNKNOWN
ASCProject_0159	-2163	-1949	CHEMOTHERAPY NOS	OTHER CANCER	NO	NOT FOUND IN RECORD	SURGERY 	NOT FOUND IN RECORD	OTHER
ASCProject_0159	-1949	-1562	TRASTUZUMAB	OTHER CANCER	NO	RESPONSE	NOT FOUND IN RECORD	NOT FOUND IN RECORD	OTHER
ASCProject_0164	-2194	-1656	TAMOXIFEN	OTHER CANCER	NO	NOT FOUND IN RECORD	OTHER [POSTMENOPAUSAL SWITCH TO AROMATASE INHIBITOR]	NOT FOUND IN RECORD	OTHER
ASCProject_0164	-1656	-1626	EXEMESTANE	OTHER CANCER	NO	NOT FOUND IN RECORD	ADVERSE EFFECTS	JOINT PAIN	OTHER
ASCProject_0164	-1626	-1595	ANASTROZOLE	OTHER CANCER	NO	NOT FOUND IN RECORD	ADVERSE EFFECTS	JOINT PAIN	OTHER
ASCProject_0164	-1595	-1565	LETROZOLE	OTHER CANCER	NO	NOT FOUND IN RECORD	ADVERSE EFFECTS	NOT FOUND IN RECORD	OTHER
ASCProject_0164	-1565	780	TAMOXIFEN	OTHER CANCER	NO	NOT FOUND IN RECORD	FINISHED COURSE	NOT FOUND IN RECORD	OTHER
ASCProject_0165	24	148	PACLITAXEL	NEOADJUVANT	NO	MIXED	PROGRESSION	EPISTAXIS, FATIGUE, CONSIPATION, NEUROPATHY	NEOADJUVANT
ASCProject_0165	24	148	BEVACIZUMAB	NEOADJUVANT	NO	MIXED	PROGRESSION	EPISTAXIS, FATIGUE, CONSIPATION, NEUROPATHY	NEOADJUVANT
ASCProject_0165	153	236	GEMCITABINE	NEOADJUVANT	NO	STABLE	ADVERSE EFFECTS	NEUROPATHY, MUCOSITIS, FATIGUE, NAUSEA, EDEMA, DIARRHEA	NEOADJUVANT
ASCProject_0165	153	236	DOCETAXEL	NEOADJUVANT	NO	STABLE	ADVERSE EFFECTS	NEUROPATHY, MUCOSITIS, FATIGUE, EDEMA, DIARRHEA	NEOADJUVANT
ASCProject_0165	260	432	DOXORUBICIN	NEOADJUVANT	NO	RESPONSE	OTHER [MAXIMUM BENEFIT ACHIEVED]	COUGH, CONSTIPATION, NEUTROPENIA, THROMBOCYTOPENIA, ANEMIA, ALOPECIA	NEOADJUVANT
ASCProject_0165	260	432	DEXRAZOXANE	NEOADJUVANT	NO			NOT FOUND IN RECORD	NEOADJUVANT
ASCProject_0165	300	432	IFOSFAMIDE	NEOADJUVANT	NO	RESPONSE	OTHER [MAXIMUM BENEFIT ACHIEVED]	COUGH, CONSTIPATION, NEUTROPENIA, THROMBOCYTOPENIA, ANEMIA, ALOPECIA	NEOADJUVANT
ASCProject_0165	300	432	MESNA	NEOADJUVANT	NO			NOT FOUND IN RECORD	NEOADJUVANT
ASCProject_0165	601	642	CLINICAL TRIAL	METS	YES	RESPONSE	PROGRESSION	FATIGUE, MYALGIA, HYPERTENSION, CONSTIPATION	METS
ASCProject_0165	650	713	CYCLOPHOSPHAMIDE	METS	NO	PROGRESSION	PROGRESSION	FATIGUE, NAUSEA, CONSTIPATION, NEUROPATHY	METS
ASCProject_0165	650	713	MESNA	METS	NO			NOT FOUND IN RECORD	METS
ASCProject_0165	748	814	CLINICAL TRIAL	METS	YES	RESPONSE	NOT FOUND IN RECORD	NAUSEA, CONSTIPATION, LIMB NUMBNESS, SKIN AND TEMPERATURE HYPERSENSITIVITY, VERTIGO, IMPAIRED MOTOR FUNCTION, SOB	METS
ASCProject_0165	814	860	CRIZOTINIB	METS	NO	PROGRESSION	PROGRESSION	DIAPHORESIS, SOB, MOUTH SORES	METS
ASCProject_0165	860	988	PEMBROLIZUMAB	METS	NO	RESPONSE	ADVERSE EFFECTS	RENAL IMPAIRMENT - RISING CREATININE	METS
ASCProject_0166	519	720	PACLITAXEL PROTEIN BOUND	METS	NO	RESPONSE	OTHER [STABLE DISEASE]	NOT FOUND IN RECORD	METS
ASCProject_0166	840	960	CLINICAL TRIAL	METS	YES	STABLE	PROGRESSION	NOT FOUND IN RECORD	METS
ASCProject_0166	1218	1247	PACLITAXEL PROTEIN BOUND	METS	NO	NOT FOUND IN RECORD	PROGRESSION	DECREASED APPETITE, TASTE CHANGES, PERIPHERAL NEUROPATHY	METS
ASCProject_0166	1273	1522	PEMBROLIZUMAB	METS	NO	RESPONSE	ADVERSE EFFECTS	AUTOIMMUNE HEPATITIS	METS
ASCProject_0166	1735	1765	PEMBROLIZUMAB	METS	NO	NED	ADVERSE EFFECTS	AUTOIMMUNE HEPATITIS	METS
ASCProject_0167	-2305	-1297	TAMOXIFEN	OTHER CANCER	NO	NOT FOUND IN RECORD	NOT FOUND IN RECORD	NOT FOUND IN RECORD	OTHER
ASCProject_0167	-1297	-1121	ANASTROZOLE	OTHER CANCER	NO	NOT FOUND IN RECORD	PATIENT CHOICE	NOT FOUND IN RECORD	OTHER
ASCProject_0167	10	38	DOXORUBICIN	NEOADJUVANT	NO	RESPONSE	SURGERY	NAUSEA, FATIGUE	NEOADJUVANT
ASCProject_0167	10	38	IFOSFAMIDE	NEOADJUVANT	NO	RESPONSE	SURGERY	NAUSEA, FATIGUE	NEOADJUVANT
ASCProject_0167	10	38	DACARBAZINE	NEOADJUVANT	NO	RESPONSE	SURGERY	NAUSEA, FATIGUE	NEOADJUVANT
ASCProject_0167	117	371	LIPOSOMAL DOXORUBICIN	ADJUVANT	NO	RESPONSE	ADVERSE EFFECTS	GASTROENTEROLOGICAL, CARDIAC, AND SKIN TOXICITIES, DECREASED APPETITE, NEUROPATHY	ADJUVANT
ASCProject_0167	117	413	PACLITAXEL	ADJUVANT	NO	RESPONSE	ADVERSE EFFECTS	GASTROENTEROLOGICAL, CARDIAC, AND SKIN TOXICITIES, DECREASED APPETITE, NEUROPATHY	ADJUVANT
ASCProject_0167	493	536	CAPECITABINE	LOCAL RECURRENCE	NO	NOT FOUND IN RECORD	FINISHED COURSE	NOT FOUND IN RECORD	LOCAL RECURRENCE
ASCProject_0167	963	NOT FOUND IN RECORD	DOCETAXEL	LOCAL RECURRENCE	NO	NOT FOUND IN RECORD	NOT FOUND IN RECORD	FATIGUE, LOSS OF APPETITE, NEUTROPENIA	LOCAL RECURRENCE
ASCProject_0167	963	NOT FOUND IN RECORD	GEMCITABINE	LOCAL RECURRENCE	NO	NOT FOUND IN RECORD	NOT FOUND IN RECORD	FATIGUE, LOSS OF APPETITE, NEUTROPENIA	LOCAL RECURRENCE
ASCProject_0168	8	148	GEMCITABINE	METS	NO	RESPONSE	NOT FOUND IN RECORD	MOUTH SORES, NOSEBLEEDS, HEADACHES, ANEMIA	METS
ASCProject_0168	8	148	DOXORUBICIN	METS	NO	RESPONSE	NOT FOUND IN RECORD	MOUTH SORES, NOSEBLEEDS, HEADACHES, ANEMIA	METS
ASCProject_0168	8	148	PACLITAXEL	METS	NO	RESPONSE	NOT FOUND IN RECORD	MOUTH SORES, NOSEBLEEDS, HEADACHES, ANEMIA	METS
ASCProject_0168	217	217	GEMCITABINE	METS	NO	NOT FOUND IN RECORD	ON TX AT LAST DATE OF ENCOUNTER	MOUTH SORES, NOSEBLEEDS, HEADACHES, ANEMIA	METS
ASCProject_0168	217	217	DOXORUBICIN	METS	NO	NOT FOUND IN RECORD	ON TX AT LAST DATE OF ENCOUNTER	MOUTH SORES, NOSEBLEEDS, HEADACHES, ANEMIA	METS
ASCProject_0168	217	217	PACLITAXEL	METS	NO	NOT FOUND IN RECORD	ON TX AT LAST DATE OF ENCOUNTER	MOUTH SORES, NOSEBLEEDS, HEADACHES, ANEMIA	METS
ASCProject_0168	217	217	OLARATUMAB	METS	NO	NOT FOUND IN RECORD	ON TX AT LAST DATE OF ENCOUNTER	MOUTH SORES, NOSEBLEEDS, HEADACHES, ANEMIA	METS
ASCProject_0170	366	507	PACLITAXEL	LOCAL RECURRENCE	NO	RESPONSE	FINISHED COURSE		LOCAL RECURRENCE
ASCProject_0172									UNKNOWN
ASCProject_0173	77	130	PACLITAXEL	NEOADJUVANT	NO	NOT FOUND IN RECORD	FINISHED COURSE	NOT FOUND IN RECORD	NEOADJUVANT
ASCProject_0175	-2297	-1566	TAMOXIFEN	OTHER CANCER	NO	NOT FOUND IN RECORD	NOT FOUND IN RECORD	NOT FOUND IN RECORD	OTHER
ASCProject_0175	-1566	168	ANASTROZOLE	OTHER CANCER	NO	NOT FOUND IN RECORD	NOT FOUND IN RECORD	NOT FOUND IN RECORD	OTHER
ASCProject_0175	17	164	GEMCITABINE	NEOADJUVANT	NO	RESPONSE	FINISHED COURSE	FATIGUE	NEOADJUVANT
ASCProject_0175	17	164	DOCETAXEL	NEOADJUVANT	NO	RESPONSE	FINISHED COURSE	FATIGUE	NEOADJUVANT
ASCProject_0179	61	172	DOXORUBICIN	ADJUVANT	NO	NOT FOUND IN RECORD	FINISHED COURSE	NEUROPATHY, ANEMIA, PANCYOPENIA	ADJUVANT
ASCProject_0179	61	172	IFOSFAMIDE	ADJUVANT	NO	NOT FOUND IN RECORD	FINISHED COURSE	NEUROPATHY, ANEMIA, PANCYOPENIA	ADJUVANT
ASCProject_0179	61	172	MESNA	ADJUVANT	NO	NOT FOUND IN RECORD	FINISHED COURSE		ADJUVANT
ASCProject_0182	NOT FOUND IN RECORD	NOT FOUND IN RECORD	NOT FOUND IN RECORD	NOT FOUND IN RECORD	NOT FOUND IN RECORD	NOT FOUND IN RECORD	NOT FOUND IN RECORD	NOT FOUND IN RECORD	UNKNOWN
ASCProject_0184	61	373	PACLITAXEL	METS	NO	RESPONSE	ON TX AT LAST ENCOUNTER	FATIGUE, DIARRHEA, NEUROPATHY	METS
ASCProject_0184	161	373	ZOLEDRONIC ACID	METS	NO		ON TX AT LAST ENCOUNTER	NOT FOUND IN RECORD	METS
ASCProject_0187	225	333	CHEMOTHERAPY NOS	ADJUVANT	NO	NOT FOUND IN RECORD	OTHER [LAST NOTE]	FATIGUE, WEAKNESS	ADJUVANT
ASCProject_0193	33	89	LIPOSOMAL DOXORUBICIN	ADJUVANT	NO	PROGRESSION	PROGRESSION	MUCOSITIS, HAND-FOOT SYNDROME, FATIGUE, NAUSEA	ADJUVANT
ASCProject_0193	40	221	PROPRANOLOL	ADJUVANT	NO	NOT FOUND IN RECORD	OTHER [LAST DATE MENTIONED]	NOT FOUND IN RECORD	ADJUVANT
ASCProject_0193	112	222	CLINICAL TRIAL	ADJUVANT	YES	PROGRESSION	PROGRESSION	NOT FOUND IN RECORD	ADJUVANT
ASCProject_0193	512	538	GEMCITABINE	ADJUVANT	NO	RESPONSE	ON TX AT LAST DATE OF ENCOUNTER	NOT FOUND IN RECORD	ADJUVANT
ASCProject_0193	512	538	PACLITAXEL	ADJUVANT	NO	RESPONSE	ON TX AT LAST DATE OF ENCOUNTER	NOT FOUND IN RECORD	ADJUVANT
ASCProject_0193	512	538	DOXORUBICIN	ADJUVANT	NO	RESPONSE	ON TX AT LAST DATE OF ENCOUNTER	NOT FOUND IN RECORD	ADJUVANT
ASCProject_0193	512	538	OLARATUMAB	ADJUVANT	NO	RESPONSE	ON TX AT LAST DATE OF ENCOUNTER	NOT FOUND IN RECORD	ADJUVANT
ASCProject_0194	36	157	IFOSFAMIDE	NEOADJUVANT	NO	RESPONSE	FINISHED COURSE	FATIGUE, NAUSEA	NEOADJUVANT
ASCProject_0194	36	157	MESNA	NEOADJUVANT	NO		FINISHED COURSE	NOT FOUND IN RECORD	NEOADJUVANT
ASCProject_0194	36	157	DOXORUBICIN	NEOADJUVANT	NO	RESPONSE	FINISHED COURSE	FATIGUE, NAUSEA	NEOADJUVANT
ASCProject_0194	157	157	DEXRAZOXANE	NEOADJUVANT	NO		FINISHED COURSE	NOT FOUND IN RECORD	NEOADJUVANT
ASCProject_0194	199	283	GEMCITABINE	NEOADJUVANT	NO	RESPONSE	SURGERY	NOT FOUND IN RECORD	NEOADJUVANT
ASCProject_0194	199	283	DOCETAXEL	NEOADJUVANT	NO	RESPONSE	SURGERY	NOT FOUND IN RECORD	NEOADJUVANT
ASCProject_0194	308	477	PEMBROLIZUMAB	ADJUVANT	NO	PROGRESSION	PROGRESSION	NOT FOUND IN RECORD	ADJUVANT
ASCProject_0194	421	477	PACLITAXEL PROTEIN BOUND	METS	NO	MIXED	PROGRESSION	NOT FOUND IN RECORD	METS
ASCProject_0194	430	NOT FOUND IN RECORD	DENOSUMAB	METS	NO		NOT FOUND IN RECORD	NOT FOUND IN RECORD	METS
ASCProject_0194	471	624	GEMCITABINE	METS	NO	RESPONSE	OTHER [TREATMENT BREAK]	NOT FOUND IN RECORD	METS
ASCProject_0194	471	624	DOCETAXEL	METS	NO	RESPONSE	OTHER [TREATMENT BREAK]	NOT FOUND IN RECORD	METS
ASCProject_0197	120	212	PACLITAXEL	ADJUVANT	NO	MIXED	PROGRESSION	NEUROPATHY	ADJUVANT
ASCProject_0197	243	273	DOXORUBICIN	ADJUVANT	NO	NOT FOUND IN RECORD	FINISHED COURSE		ADJUVANT
ASCProject_0197	273	318	OLARATUMAB	ADJUVANT	NO	NOT FOUND IN RECORD	PROGRESSION		ADJUVANT
ASCProject_0197	334	485	PAZOPANIB	METS	NO	RESPONSE	ADVERSE EFFECTS	DIMINISHED APPETITE, HEART COMPLICATIONS	METS
ASCProject_0197	549	556	PAZOPANIB	METS	NO	NOT FOUND IN RECORD	ON TX AT LAST ENCOUNTER		METS
ASCProject_0201	1567	1630	GEMCITABINE	ADJUVANT	NO	NED	ADVERSE EFFECTS	NAUSEA AND VOMITING	ADJUVANT
ASCProject_0201	1567	1630	DOCETAXEL	ADJUVANT	NO	NED	ADVERSE EFFECTS	NAUSEA AND VOMITING	ADJUVANT
ASCProject_0201	3772	3947	IFOSFAMIDE	METS	NO	RESPONSE	ADVERSE EFFECTS	CYTOPENIA, NEUTROPENIC FEVER	METS
ASCProject_0201	3772	3947	DOXORUBICIN	METS	NO	RESPONSE	ADVERSE EFFECTS	CYTOPENIA, NEUTROPENIC FEVER	METS
ASCProject_0202									UNKNOWN
ASCProject_0205			NONE						UNKNOWN
ASCProject_0207	19	56	PACLITAXEL	METS	NO	MIXED	PROGRESSION	NOT FOUND IN RECORD	METS
ASCProject_0207	63	NOT FOUND IN RECORD	GEMCITABINE	METS	NO	NOT FOUND IN RECORD	NOT FOUND IN RECORD	NOT FOUND IN RECORD	METS
ASCProject_0207	63	NOT FOUND IN RECORD	DOCETAXEL	METS	NO	NOT FOUND IN RECORD	NOT FOUND IN RECORD	NOT FOUND IN RECORD	METS
ASCProject_0207	63	NOT FOUND IN RECORD	BEVACIZUMAB	METS	NO	NOT FOUND IN RECORD	NOT FOUND IN RECORD	NOT FOUND IN RECORD	METS
ASCProject_0212	-6	86	IFOSFAMIDE	NEOADJUVANT	 NO	RESPONSE	NOT FOUND IN RECORD	ESOPHAGITIS	NEOADJUVANT
ASCProject_0212	-6	86	DOXORUBICIN	NEOADJUVANT	NO	RESPONSE	NOT FOUND IN RECORD	ESOPHAGITIS	NEOADJUVANT
ASCProject_0212	125	214	GEMCITABINE	NEOADJUVANT	NO	STABLE	NOT FOUND IN RECORD	HAND FOOT SYNDROME	NEOADJUVANT
ASCProject_0212	125	214	DOCETAXEL	NEOADJUVANT	NO	STABLE	NOT FOUND IN RECORD	HAND FOOT SYNDROME	NEOADJUVANT
ASCProject_0212	267	359	PACLITAXEL	NEOADJUVANT	NO	RESPONSE	NOT FOUND IN RECORD	NOT FOUND IN RECORD	NEOADJUVANT
ASCProject_0212	694	786	PEMBROLIZUMAB	METS	NO	PROGRESSION	PROGRESSION	NOT FOUND IN RECORD	METS
ASCProject_0212	832	920	DOXORUBICIN	METS	NO	MIXED	PROGRESSION	NOT FOUND IN RECORD	METS
ASCProject_0212	832	920	OLARATUMAB	METS	NO	MIXED	PROGRESSION	NOT FOUND IN RECORD	METS
ASCProject_0212	921	1117	PACLITAXEL	METS	NO	RESPONSE	ON TX AT LAST ENCOUNTER	FATIGUE	METS
ASCProject_0212	921	1117	PEMBROLIZUMAB	METS	NO	RESPONSE	ON TX AT LAST ENCOUNTER	FATIGUE	METS
ASCProject_0214									UNKNOWN
ASCProject_0217	41	99	GEMCITABINE	NEOADJUVANT	NO	PROGRESSION	ADVERSE EFFECTS	DIARRHEA	NEOADJUVANT
ASCProject_0217	57	706	PROPRANOLOL	NEOADJUVANT	NO	MIXED	ON TX AT LAST DATE OF ENCOUNTER	NOT FOUND IN RECORD	NEOADJUVANT
ASCProject_0217	99	155	PAZOPANIB	NEOADJUVANT	NO	MIXED	ADVERSE EFFECTS	DIARRHEA	NEOADJUVANT
ASCProject_0217	183	211	PACLITAXEL	NEOADJUVANT	NO	OTHER [NOT ON TX LONG ENOUGH]	ADVERSE EFFECTS/ NED	DIARRHEA	NEOADJUVANT
ASCProject_0217	650	706	PEMBROLIZUMAB	LOCAL RECURRENCE	NO	RESPONSE	ON TX AT LAST DATE OF ENCOUNTER	FATIGUE, BODY ACHES	LOCAL RECURRENCE
ASCProject_0218	631	827	PACLITAXEL	METS	NO	RESPONSE	NOT FOUND IN RECORD	NOT FOUND IN RECORD	METS
ASCProject_0219			NONE						UNKNOWN
ASCProject_0220	2116	2177	PACLITAXEL	LOCAL RECURRENCE	NO	NOT FOUND IN RECORD	ADVERSE EFFECTS	NAUSEA, VOMTING, DIARRHEA, NEUTROPENIA	LOCAL RECURRENCE
ASCProject_0221	83	175	PACLITAXEL	NEOADJUVANT	NO	RESPONSE	SURGERY	NOT FOUND IN RECORD	NEOADJUVANT
ASCProject_0222	52	142	PACLITAXEL	ADJUVANT	NO	RESPONSE	FINISHED COURSE	NOT FOUND IN RECORD	ADJUVANT
ASCProject_0222	322	378	DOXORUBICIN	ADJUVANT	NO	NOT FOUND IN RECORD	PROGRESSION, ADVERSE EFFECTS	HAND FOOT SKIN REACTION	ADJUVANT
ASCProject_0222	752	864	GEMCITABINE	LOCAL RECURRENCE	NO	RESPONSE	NOT FOUND IN RECORD	NOT FOUND IN RECORD	LOCAL RECURRENCE
ASCProject_0222	752	864	DOCETAXEL	LOCAL RECURRENCE	NO	RESPONSE	NOT FOUND IN RECORD	NOT FOUND IN RECORD	LOCAL RECURRENCE
ASCProject_0222	1133	1358	CLINICAL TRIAL	METS	NO	RESPONSE	NOT FOUND IN RECORD	PERIPHERAL NEUROAPTHY, LETHARGY	METS
ASCProject_0222	1133	1204	CLINICAL TRIAL	METS	NO	RESPONSE	NOT FOUND IN RECORD	LETHARGY	METS
ASCProject_0225	120	197	PACLITAXEL	NEOADJUVANT	NO	RESPONSE	FINISHED COURSE	WEAKNESS, FATIGUE, NAUSEA	NEOADJUVANT
ASCProject_0225	197	310	GEMCITABINE	NEOADJUVANT	NO	RESPONSE	FINISHED COURSE	MUCOSITIS, THROMBOCYTOPENIA. FEBRILE NEUTROPENIA, ANEMIA, FATIGUE, POOR APPETITE, LOSS OF TASTE, LIGHTHEADED, MOUTH AND THROAT PAIN, PERIPHERPAL NEUROPATHY	NEOADJUVANT
ASCProject_0225	197	310	DOCETAXEL	NEOADJUVANT	NO	RESPONSE	FINISHED COURSE	MUCOSITIS, THROMBOCYTOPENIA. FEBRILE NEUTROPENIA, ANEMIA, FATIGUE, POOR APPETITE, LOSS OF TASTE, LIGHTHEADED, MOUTH AND THROAT PAIN, PERIPHERPAL NEUROPATHY	NEOADJUVANT
ASCProject_0225	530	607	DOXORUBICIN	ADJUVANT	NO	NOT FOUND IN RECORD	NOT FOUND IN RECORD	PANCYTOPENIA	ADJUVANT
ASCProject_0225	530	607	DEXRAZOXANE	ADJUVANT	NO	NOT FOUND IN RECORD	NOT FOUND IN RECORD	NOT FOUND IN RECORD	ADJUVANT
ASCProject_0226	NOT FOUND IN RECORD	NOT FOUND IN RECORD	NOT FOUND IN RECORD						UNKNOWN
ASCProject_0235	161	215	PACLITAXEL	ADJUVANT	NO	NED	FINISHED COURSE	ALOPECIA	ADJUVANT
ASCProject_0235	242	265	DOXORUBICIN	ADJUVANT	NO	NED	ADVERSE EFFECTS	NAUSEA, VOMITING	ADJUVANT
ASCProject_0235	242	265	IFOSFAMIDE	ADJUVANT	NO	NED	ADVERSE EFFECTS	NAUSEA, VOMITING	ADJUVANT
ASCProject_0235	682	761	DOCETAXEL	METS	NO	MIXED	SURGERY	FATIGUE	METS
ASCProject_0235	682	761	GEMCITABINE	METS	NO	MIXED	SURGERY	FATIGUE	METS
ASCProject_0235	783	810	DOCETAXEL	METS	NO	PROGRESSION	FINISHED COURSE	FATIGUE, MILD NEUROPATHY	METS
ASCProject_0235	783	810	GEMCITABINE	METS	NO	PROGRESSION	FINISHED COURSE	FATIGUE, MILD NEUROPATHY	METS
ASCProject_0235	1660	1738	PACLITAXEL	METS	NO	NOT FOUND IN RECORD	ON TX AT LAST DATE OF ENCOUNTER	NOT FOUND IN RECORD	METS
ASCProject_0237	-2399	-2338	DOXORUBICIN	OTHER CANCER	NO	NOT FOUND IN RECORD	FINISHED COURSE	NOT FOUND IN RECORD	OTHER
ASCProject_0237	-2399	-2338	CYCLOPHOSPHAMIDE	OTHER CANCER	NO	NOT FOUND IN RECORD	FINISHED COURSE	NOT FOUND IN RECORD	OTHER
ASCProject_0237	-2338	-2278	PACLITAXEL	OTHER CANCER	NO	NOT FOUND IN RECORD	FINISHED COURSE	NOT FOUND IN RECORD	OTHER
ASCProject_0237	-2218	-1395	ANASTROZOLE	OTHER CANCER	NO	NOT FOUND IN RECORD	NOT FOUND IN RECORD	NOT FOUND IN RECORD	OTHER
ASCProject_0237	-1273	9	TAMOXIFEN	OTHER CANCER	NO	NOT FOUND IN RECORD	PROGRESSION	NOT FOUND IN RECORD	OTHER
ASCProject_0237	25	144	CLINICAL TRIAL	NEOADJUVANT	YES	RESPONSE	PROGRESSION	SKIN SENSITIVITY, DRY MOUTH, LOSS OF TASTE, DIARRHEA, ALOPECIA	NEOADJUVANT
ASCProject_0237	25	144	CLINICAL TRIAL	NEOADJUVANT	YES	RESPONSE	PROGRESSION	SKIN SENSITIVITY, DRY MOUTH, LOSS OF TASTE, DIARRHEA, ALOPECIA	NEOADJUVANT
ASCProject_0237	NOT FOUND IN RECORD	NOT FOUND IN RECORD	PACLITAXEL	NEOADJUVANT	NOT FOUND IN RECORD	NOT FOUND IN RECORD	NOT FOUND IN RECORD	NOT FOUND IN RECORD	NEOADJUVANT
ASCProject_0241	NOT FOUND IN RECORD	NOT FOUND IN RECORD	NOT FOUND IN RECORD	NOT FOUND IN RECORD	NOT FOUND IN RECORD	NOT FOUND IN RECORD	NOT FOUND IN RECORD	NOT FOUND IN RECORD	UNKNOWN
ASCProject_0243	-111	11	SIROLIMUS		NO	RESPONSE	NOT FOUND IN RECORD	NOT FOUND IN RECORD	UNKNOWN
ASCProject_0247	2565	2699	PACLITAXEL	METS	NO	RESPONSE	FINISHED COURSE	CYTOPENIA, MOUTH SORES, ALOPECIA, FATIGUE, PEDAL EDEMA, RASH, EAR PAIN	METS
ASCProject_0252	34	120	PACLITAXEL PROTEIN BOUND	OTHER (PT HAD NO SURGERY)	NO	STABLE	ADVERSE EFFECTS	NAIL TOXICITY, NEUROPATHY	OTHER
ASCProject_0252	55	120	BEVACIZUMAB	OTHER (PT HAD NO SURGERY)	NO	STABLE	ADVERSE EFFECTS	NAIL TOXICITY	OTHER
ASCProject_0252	150	164	PAZOPANIB	OTHER (PT HAD NO SURGERY)	NO		OTHER - INFECTION		OTHER
ASCProject_0252	192	339	PAZOPANIB	OTHER (PT HAD NO SURGERY)	NO	PROGRESSION	PROGRESSION		OTHER
ASCProject_0252	351	483	GEMCITABINE	METS	NO	RESPONSE	ADVERSE EFFECTS	RASH, FATIGUE	METS
ASCProject_0252	358	483	DOCETAXEL	METS	NO	RESPONSE	ADVERSE EFFECTS	ARTHRALGIA, FATIGUE, LE EDEMA, SKIN BLISTERING 	METS
ASCProject_0252	478	723	ZOLEDRONIC ACID	METS	NO				METS
ASCProject_0252	513	694	OLARATUMAB	METS	NO	PROGRESSION	PROGRESSION	CYTOPENIA	METS
ASCProject_0252	513	694	DOXORUBICIN	METS	NO	PROGRESSION	PROGRESSION	CYTOPENIA	METS
ASCProject_0252	617	694	DEXRAZOXANE	METS	NO			NEUTROPENIA	METS
ASCProject_0252	701	723	PACLITAXEL	METS	NO	NOT FOUND IN RECORD	ON TX AT LAST ENCOUNTER	ERYTHEMA, MYALGIA	METS
ASCProject_0257	40	109	DOXORUBICIN	METS	NO	RESPONSE	ADVERSE EFFECTS	FATIGUE, FORGETFULNESS	METS
ASCProject_0257	40	109	OLARATUMAB	METS	NO	RESPONSE	ADVERSE EFFECTS	FATIGUE, FORGETFULNESS	METS
ASCProject_0258	279	320	GEMCITABINE	ADJUVANT	NO	RESPONSE	NED	NOT FOUND IN RECORD	ADJUVANT
ASCProject_0258	279	448	DOCETAXEL	ADJUVANT	NO	RESPONSE	NED	NOT FOUND IN RECORD	ADJUVANT
ASCProject_0261	99	105	PACLITAXEL	METS	NO	PROGRESSION	PROGRESSION	NOT FOUND IN RECORD	METS
ASCProject_0261	129	184	CLINICAL TRIAL	METS	YES	PROGRESSION	NOT FOUND IN RECORD	NOT FOUND IN RECORD	METS
ASCProject_0261	156	211	CLINICAL TRIAL	METS	YES	PROGRESSION	NOT FOUND IN RECORD	NOT FOUND IN RECORD	METS
ASCProject_0261	219	245	CLINICAL TRIAL	METS	YES	PROGRESSION	PROGRESSION	FATIGUEL NAUSEA, BLOATING, EARLY SATIETY	METS
ASCProject_0261	275	470	GEMCITABINE	METS	NO	RESPONSE	NOT FOUND IN RECORD	NOT FOUND IN RECORD	METS
ASCProject_0261	275	470	DOCETAXEL	METS	NO	RESPONSE	NOT FOUND IN RECORD	NOT FOUND IN RECORD	METS
ASCProject_0264	40	237	GEMCITABINE	METS	NO	RESPONSE	PROGRESSION	FATIGUE, DIARRHEA, ANEMIA	METS
ASCProject_0264	40	237	DOCETAXEL	METS	NO	RESPONSE	PROGRESSION	FATIGUE, DIARRHEA, ANEMIA, MUSCLE WEAKNESS	METS
ASCProject_0264	47	336	PROPRANOLOL	METS	NO				METS
ASCProject_0264	252	308	DOXORUBICIN	METS	NO	RESPONSE	PROGRESSION	NUMBNESS, SOFT STOOL,DYSGEUSIA	METS
ASCProject_0264	294	308	CISPLATIN	METS	NO	STABLE	PROGRESSION	NUMBNESS	METS
ASCProject_0264	336	NOT FOUND IN RECORD	PAZOPANIB	METS	NO	NOT FOUND IN RECORD	NOT FOUND IN RECORD	NOT FOUND IN RECORD	METS
ASCProject_0267	32	39	PACLITAXEL	NEOADJUVANT	NO	OTHER [NOT ON TX LONG ENOUGH]	OTHER [CONSULT/TX PLAN]	FATIGUE, NIGHT SWEATS, HOT FLASHES	NEOADJUVANT
ASCProject_0267	39	109	GEMCITABINE	NEOADJUVANT	NO	NOT FOUND IN RECORD	ON TX AT LAST DATE OF ENCOUNTER	FATIGUE, HEADACHES, BACK ACHES	NEOADJUVANT
ASCProject_0267	39	109	DOCETAXEL	NEOADJUVANT	NO	NOT FOUND IN RECORD	ON TX AT LAST DATE OF ENCOUNTER	FATIGUE, HEADACHES, BACK ACHES	NEOADJUVANT
ASCProject_0268	-1310	215	TAMOXIFEN	ADJUVANT	NO		ON TX AT LAST ENCOUNTER	NEUROAPTHY	ADJUVANT
ASCProject_0268	103	197	NOT FOUND IN RECORD	ADJUVANT	NO	NOT FOUND IN RECORD	FINISHED COURSE	NOT FOUND IN RECORD	ADJUVANT
ASCProject_0270	19	69	DOXORUBICIN	METS	NO	PROGRESSION	PROGRESSION	FATIGUE	METS
ASCProject_0270	19	69	OLARATUMAB	METS	NO	PROGRESSION	PROGRESSION	FATIGUE	METS
ASCProject_0270	99	190	GEMCITABINE	METS	NO	RESPONSE	PROGRESSION	FATIGUE	METS
ASCProject_0270	99	190	DOCETAXEL	METS	NO	RESPONSE	PROGRESSION	FATIGUE	METS
ASCProject_0270	191	358	PAZOPANIB	METS	NO	PROGRESSION	PROGRESSION	NOT FOUND IN RECORD	METS
ASCProject_0270	309	348	OTHER[CHEMOEMBOLIZATION NOS]	METS	NO	NOT FOUND IN RECORD	FINISHED COURSE	NOT FOUND IN RECORD	METS
ASCProject_0270	358	358	NIVOLUMAB	METS	NO	NOT FOUND IN RECORD	ON TX AT LAST DATE OF ENCOUNTER	NOT FOUND IN RECORD	METS
ASCProject_0273	-1426	221	ANASTROZOLE	OTHER CANCER	NO	STABLE	ON TX AT LAST DATE OF ENCOUNTER	FATIGUE	OTHER
ASCProject_0273	30	114	PACLITAXEL	NEOADJUVANT	NO	NOT FOUND IN RECORD	FINISHED COURSE	NEUTROPENIA	NEOADJUVANT
ASCProject_0275			NONE						UNKNOWN
ASCProject_0277			NONE						UNKNOWN
ASCProject_0289	1982	2118	DOXORUBICIN	LOCAL RECURRENCE	NO	RESPONSE 	FINISHED COURSE	NOT FOUND IN RECORD	LOCAL RECURRENCE
ASCProject_0289	1982	2118	DEXRAZOXANE	LOCAL RECURRENCE	NO		FINISHED COURSE	NOT FOUND IN RECORD	LOCAL RECURRENCE
ASCProject_0289	2260	2526	PAZOPANIB	METS	NO	RESPONSE 	FINISHED COURSE	NOT FOUND IN RECORD	METS
ASCProject_0290	35	202	PACLITAXEL	ADJUVANT	NO	NED	FINISHED COURSE	NOT FOUND IN RECORD	ADJUVANT
ASCProject_0290	427	637	CLINICAL TRIAL	METS	YES	PROGRESSION	PROGRESSION	NOT FOUND IN RECORD	METS
ASCProject_0290	553	637	CLINICAL TRIAL	METS	YES	PROGRESSION	PROGRESSION	NOT FOUND IN RECORD	METS
ASCProject_0290	644	812	DOCETAXEL	METS	NO	RESPONSE	PROGRESSION	NOT FOUND IN RECORD	METS
ASCProject_0290	826	994	DOXORUBICIN	METS	NO	PROGRESSION	PROGRESSION	NOT FOUND IN RECORD	METS
ASCProject_0290	826	994	OLARATUMAB	METS	NO	PROGRESSION	PROGRESSION	NOT FOUND IN RECORD	METS
ASCProject_0290	1227	1311	CLINICAL TRIAL	METS	YES	NOT FOUND IN RECORD	ON TX AT LAST ENCOUNTER	NOT FOUND IN RECORD	METS
ASCProject_0293	-333	-265	PROPRANOLOL	NEOADJUVANT	NO	NOT FOUND IN RECORD	OTHER-MISDIAGNOSIS	NOT FOUND IN RECORD	NEOADJUVANT
ASCProject_0293	-265	-51	SIROLIMUS	NEOADJUVANT	NO	RESPONSE	PROGRESSION	NOT FOUND IN RECORD	NEOADJUVANT
ASCProject_0293	120	197	BEVACIZUMAB	ADJUVANT	NO	NOT FOUND IN RECORD	PROGRESSION	NOT FOUND IN RECORD	ADJUVANT
ASCProject_0293	230	374	TRAMETINIB	METS	NO	MIXED	ON TX AT LAST ENCOUNTER	DIARRHEA, RASH	METS
ASCProject_0294	357	421	CHEMOTHERAPY NOS	LOCAL RECURRENCE	NO	NOT FOUND IN RECORD	ON TX AT LAST ENCOUNTER	NOT FOUND IN RECORD	LOCAL RECURRENCE
ASCProject_0301	29	99	PACLITAXEL	NEOADJUVANT	NO	NOT FOUND IN RECORD	ADVERSE EFFECTS	NOT FOUND IN RECORD	NEOADJUVANT
ASCProject_0309	NOT FOUND IN RECORD	NOT FOUND IN RECORD	NOT FOUND IN RECORD		NO				UNKNOWN
ASCProject_0321	0	39	PACLITAXEL	NEOADJUVANT	NO	NOT FOUND IN RECORD	ON TX AT LAST ENCOUNTER	LOW WBC	NEOADJUVANT
ASCProject_0325	64	1331	PROPRANOLOL	OTHER (MIGHT BE USING FOR RESTING TREMORS)	NO	NOT FOUND IN RECORD	ON TX AT LAST ENCOUNTER	NOT FOUND IN RECORD	OTHER
ASCProject_0325	997	1108	PACLITAXEL	METS	NO	NED	FINISHED COURSE	NOT FOUND IN RECORD	METS
ASCProject_0325	1271	1317	BEVACIZUMAB	METS	NO	NOT FOUND IN RECORD	ON TX AT LAST ENCOUNTER	NOT FOUND IN RECORD	METS
ASCProject_0332	-3014	-1188	TAMOXIFEN	OTHER CANCER	NO	NOT FOUND IN RECORD	FINISHED COURSE	NOT FOUND IN RECORD	OTHER
ASCProject_0332	181	893	PACLITAXEL	METS	NO	NOT FOUND IN RECORD	ADVERSE EFFECTS	CHRONIC NEUROPATHY	METS
ASCProject_0335	126	314	CLINICAL TRIAL	ADJUVANT	YES	RESPONSE	ON TX AT LAST ENCOUNTER	MILD: NAUSEA, DIARRHEA	ADJUVANT
ASCProject_0340	357	1066	PROPRANOLOL	LOCAL RECURRENCE	NO	STABLE	ADVERSE EFFECTS	NOT FOUND IN RECORD	LOCAL RECURRENCE
ASCProject_0341	-1528	108	ANASTROZOLE	OTHER CANCER	NO	NOT FOUND IN RECORD	NOT FOUND IN RECORD	NOT FOUND IN RECORD	OTHER
ASCProject_0341	8	85	PACLITAXEL	NEOADJUVANT	NO	RESPONSE	ADVERSE EFFECTS	FATIGUE, NEUROPATHY	NEOADJUVANT
ASCProject_0342	26	71	IFOSFAMIDE	ADJUVANT	NO	RESPONSE	FINISHED COURSE	NOT FOUND IN RECORD	ADJUVANT
ASCProject_0342	26	71	MESNA	ADJUVANT	NO			NOT FOUND IN RECORD	ADJUVANT
ASCProject_0342	26	71	DOXORUBICIN	ADJUVANT	NO	RESPONSE	FINISHED COURSE	NOT FOUND IN RECORD	ADJUVANT
ASCProject_0342	432	525	IFOSFAMIDE	METS	NO	RESPONSE	ADVERSE EFFECTS	NOT FOUND IN RECORD	METS
ASCProject_0342	432	525	MESNA	METS	NO			NOT FOUND IN RECORD	METS
ASCProject_0342	432	525	DOXORUBICIN	METS	NO	RESPONSE	ADVERSE EFFECTS	dECreased EF	METS
ASCProject_0342	432	525	DEXRAZOXANE	METS	NO			NOT FOUND IN RECORD	METS
ASCProject_0342	470	621	GEMCITABINE	METS	NO	PROGRESSION	PROGRESSION	NOT FOUND IN RECORD	METS
ASCProject_0342	470	621	DOCETAXEL	METS	NO	PROGRESSION	PROGRESSION	NOT FOUND IN RECORD	METS
ASCProject_0342	791	NOT FOUND IN RECORD	PEMBROLIZUMAB	METS	NO	MIXED	NOT FOUND IN RECORD	PNEUMONITIS	METS
ASCProject_0343	9	28	PACLITAXEL	METS	NO	RESPONSE	OTHER (PREGNANCY)	NOT FOUND IN RECORD	METS
ASCProject_0343	50	141	GEMCITABINE	METS	NO	MIXED 	PROGRESSION 	NOT FOUND IN RECORD	METS
ASCProject_0343	50	141	DOCETAXEL	METS	NO	MIXED 	PROGRESSION 	NOT FOUND IN RECORD	METS
ASCProject_0343	150	191	DOXORUBICIN	METS	NO	OTHER (NO RESPONSE)	PROGRESSION 	NOT FOUND IN RECORD	METS
ASCProject_0343	150	191	OLARATUMAB	METS	NO	OTHER (NO RESPONSE)	PROGRESSION 	NOT FOUND IN RECORD	METS
ASCProject_0343	192	339	PAZOPANIB	METS	NO	STABLE	ON TX AT LAST ENCOUNTER	NOT FOUND IN RECORD	METS
ASCProject_0345	-3939	-2570	TAMOXIFEN	OTHER CANCER	NO	NOT FOUND IN RECORD	ADVERSE EFFECTS	DEPRESSION 	OTHER
ASCProject_0345	103	161	GEMCITABINE	ADJUVANT	NO	NOT FOUND IN RECORD	NOT FOUND IN RECORD	NEUROPATHY	ADJUVANT
ASCProject_0345	103	161	DOCETAXEL	ADJUVANT	NO	NOT FOUND IN RECORD	NOT FOUND IN RECORD	NEUROPATHY	ADJUVANT
ASCProject_0351			NOT FOUND IN RECORD						UNKNOWN
ASCProject_0353	NOT FOUND IN RECORD	NOT FOUND IN RECORD	NOT FOUND IN RECORD	NOT FOUND IN RECORD	NOT FOUND IN RECORD	NOT FOUND IN RECORD	NOT FOUND IN RECORD	NOT FOUND IN RECORD	UNKNOWN
ASCProject_0355	72	215	LIPOSOMAL DOXORUBICIN	NEOADJUVANT	NO	RESPONSE	FINISHED COURSE	SKIN RASH	NEOADJUVANT
ASCProject_0356	-3370	-3250	DOCETAXEL	OTHER CANCER	NO	NOT FOUND IN RECORD	NOT FOUND IN RECORD	LEUKOPENIA	OTHER
ASCProject_0356	-3370	-3250	CYCLOPHOSPHAMIDE	OTHER CANCER	NO	NOT FOUND IN RECORD	NOT FOUND IN RECORD	LEUKOPENIA	OTHER
ASCProject_0356	-3219	49	LETROZOLE	OTHER CANCER	NO	NOT FOUND IN RECORD	OTHER [TO START CHEMO FOR ANGIOSARCOMA]	NOT FOUND IN RECORD	OTHER
ASCProject_0356	49	112	PACLITAXEL	ADJUVANT	NO	NOT FOUND IN RECORD	FINISHED COURSE	NAUSEA, NEUROPATHY, FATIGUE, LEUKOPENIA	ADJUVANT
ASCProject_0356	49	112	DOXORUBICIN	ADJUVANT	NO	NOT FOUND IN RECORD	FINISHED COURSE	NAUSEA, NEUROPATHY, FATIGUE, LEUKOPENIA	ADJUVANT
ASCProject_0356	373	373	DOCETAXEL	METS	NO	NOT FOUND IN RECORD	ON TX AT LAST ENCOUNTER	NOT FOUND IN RECORD	METS
ASCProject_0357			NONE						UNKNOWN
ASCProject_0361	-2922	-1120	CHEMOTHERAPY	OTHER CANCER	NOT FOUND IN RECORD	NOT FOUND IN RECORD	NOT FOUND IN RECORD	NOT FOUND IN RECORD	OTHER
ASCProject_0361	-714	476	TAMOXIFEN	OTHER CANCER	NO 	NOT FOUND IN RECORD	NOT FOUND IN RECORD	NOT FOUND IN RECORD	OTHER
ASCProject_0365									UNKNOWN
ASCProject_0367									UNKNOWN
ASCProject_0368	-1706	NOT FOUND IN RECORD	ANASTROZOLE	OTHER CANCER	NO	NOT FOUND IN RECORD	NOT FOUND IN RECORD	NOT FOUND IN RECORD	OTHER
ASCProject_0368	28	120	DOXORUBICIN	NEOADJUVANT	NO	NOT FOUND IN RECORD	FINISHED COURSE	NOT FOUND IN RECORD	NEOADJUVANT
ASCProject_0368	28	120	DEXRAZOXANE	NEOADJUVANT	NO	NOT FOUND IN RECORD	FINISHED COURSE	NOT FOUND IN RECORD	NEOADJUVANT
ASCProject_0368	120	226	PACLITAXEL	NEOADJUVANT	NO	NOT FOUND IN RECORD	FINISHED COURSE	NOT FOUND IN RECORD	NEOADJUVANT
ASCProject_0369	43	145	GEMCITABINE	NEOADJUVANT	NO	RESPONSE	FINISHED COURSE	NOT FOUND IN RECORD	NEOADJUVANT
ASCProject_0369	43	145	DOCETAXEL	NEOADJUVANT	NO	RESPONSE	FINISHED COURSE	NOT FOUND IN RECORD	NEOADJUVANT
ASCProject_0372	53	140	DOXORUBICIN	ADJUVANT	NO	NOT FOUND IN RECORD	ADVERSE EFFECTS	SUBSTANTIAL TOXICITY DESPITE DOSE REDUCTION	ADJUVANT
ASCProject_0372	53	140	IFOSFAMIDE	ADJUVANT	NO	NOT FOUND IN RECORD	ADVERSE EFFECTS	SUBSTANTIAL TOXICITY DESPITE DOSE REDUCTION	ADJUVANT
ASCProject_0375	335	466	PACLITAXEL	METS	NO	RESPONSE	FINISHED COURSE	NOT FOUND IN RECORD	METS
ASCProject_0385	21	35	GEMCITABINE	NEOADJUVANT	NO	NOT FOUND IN RECORD	ADVERSE EFFECTS	NEUROPATHY	NEOADJUVANT
ASCProject_0385	21	35	DOCETAXEL	NEOADJUVANT	NO	NOT FOUND IN RECORD	ADVERSE EFFECTS	NEUROPATHY	NEOADJUVANT
ASCProject_0385	55	105	PACLITAXEL	NEOADJUVANT	NO	RESPONSE	ADVERSE EFFECTS	NEUROPATHY	NEOADJUVANT
ASCProject_0385	598	640	SUNITINIB	ADJUVANT	NO	NOT FOUND IN RECORD	ADVERSE EFFECTS	HOSPITALIZED FOR FALL, SEIZURE ACITIVITY	ADJUVANT
ASCProject_0387									UNKNOWN
ASCProject_0389	65	156	DOXORUBICIN	ADJUVANT	NO	NOT FOUND IN RECORD	FINISHED COURSE	NAUSEA, FATIGUE	ADJUVANT
ASCProject_0389	65	156	CYCLOPHOSPHAMIDE	ADJUVANT	NO	NOT FOUND IN RECORD	FINISHED COURSE	NAUSEA, FATIGUE	ADJUVANT
ASCProject_0393	-5043	-2335	NOT FOUND IN RECORD	OTHER CANCER	NO	NOT FOUND IN RECORD	NOT FOUND IN RECORD	NOT FOUND IN RECORD	OTHER
ASCProject_0393	211	890	PROPRANOLOL	ADJUVANT	NO	NOT FOUND IN RECORD	ON TX AT LAST ENCOUNTER	NOT FOUND IN RECORD	ADJUVANT
ASCProject_0394	9	17	GEMCITABINE	METS	NO	NOT FOUND IN RECORD	ON TX AT LAST DATE OF ENCOUNTER	NOT FOUND IN RECORD	METS
ASCProject_0394	9	17	PACLITAXEL	METS	NO	NOT FOUND IN RECORD	ON TX AT LAST DATE OF ENCOUNTER	NOT FOUND IN RECORD	METS
ASCProject_0397	16	89	DOXORUBICIN	NEOADJUVANT	NO	RESPONSE	ON TX AT LAST DATE OF ENCOUNTER	NAUSEA	NEOADJUVANT
ASCProject_0397	16	89	IFOSFAMIDE	NEOADJUVANT	NO	RESPONSE	ON TX AT LAST DATE OF ENCOUNTER	NAUSEA	NEOADJUVANT
ASCProject_0398			NONE						UNKNOWN
ASCProject_0401	64	64	GEMCITABINE	ADJUVANT	NO	NOT FOUND IN RECORD	ON TX AT LAST ENCOUNTER	NOT FOUND IN RECORD	ADJUVANT
ASCProject_0403									UNKNOWN
ASCProject_0411	-1675	-92	LETROZOLE	OTHER CANCER	NO	RESPONSE	FINISHED COURSE	NOT FOUND IN RECORD	OTHER
ASCProject_0411	36	59	GEMCITABINE	NEOADJUVANT	NO	RESPONSE	FINISHED COURSE	NOT FOUND IN RECORD	NEOADJUVANT
ASCProject_0411	36	59	DOCETAXEL	NEOADJUVANT	NO	RESPONSE	FINISHED COURSE	NOT FOUND IN RECORD	NEOADJUVANT
ASCProject_0412	104	160	PACLITAXEL	ADJUVANT	NO	NOT FOUND IN RECORD	NOT FOUND IN RECORD	NOT FOUND IN RECORD	ADJUVANT
ASCProject_0412	259	328	PACLITAXEL	ADJUVANT	NO	NOT FOUND IN RECORD	FINISHED COURSE	NOT FOUND IN RECORD	ADJUVANT
ASCProject_0414	53	116	DOXORUBICIN	ADJUVANT	NO	RESPONSE	FINISHED COURSE	ANEMIA, NAUSEA, VOMITING, MOUTH SORES/MUCOSITIS, ALOPECIA, DIARRHEA	ADJUVANT
ASCProject_0414	53	116	IFOSFAMIDE	ADJUVANT	NO	RESPONSE	FINISHED COURSE	ANEMIA, NAUSEA, VOMITING, MOUTH SORES/MUCOSITIS, ALOPECIA, DIARRHEA	ADJUVANT
ASCProject_0414	53	116	MESNA	ADJUVANT	NO		FINISHED COURSE	NOT FOUND IN RECORD	ADJUVANT
ASCProject_0415	19	45	GEMCITABINE	ADJUVANT	NO	NOT FOUND IN RECORD	FINISHED COURSE	NOT FOUND IN RECORD	ADJUVANT
ASCProject_0415	19	45	PACLITAXEL	ADJUVANT	NO	NOT FOUND IN RECORD	FINISHED COURSE	NOT FOUND IN RECORD	ADJUVANT
ASCProject_0417	52	79	GEMCITABINE	METS	NO	NOT FOUND IN RECORD	ON TX AT LAST DATE OF ENCOUNTER	NOT FOUND IN RECORD	METS
ASCProject_0417	52	79	DOCETAXEL	METS	NO	NOT FOUND IN RECORD	ON TX AT LAST DATE OF ENCOUNTER	NOT FOUND IN RECORD	METS
ASCProject_0418	129	129	PACLITAXEL	ADJUVANT	NO	NOT FOUND IN RECORD	ON TX AT LAST ENCOUNTER	NOT FOUND IN RECORD	ADJUVANT
ASCProject_0420	115	135	EPIRUBICIN	ADJUVANT	NO	NED	ADVERSE EFFECTS	FEBRILE NEUTROPENIA, N/V	ADJUVANT
ASCProject_0420	115	138	IFOSFAMIDE	ADJUVANT	NO	NED	ADVERSE EFFECTS	FEBRILE NEUTROPENIA, SECONDARY ARF, N/V	ADJUVANT
ASCProject_0420	115	138	MESNA	ADJUVANT	NO			NOT FOUND IN RECORD	ADJUVANT
ASCProject_0422	-9706	-9706	CYCLOPHOSPHAMIDE	OTHER CANCER	NO	NOT FOUND IN RECORD	NOT FOUND IN RECORD	NOT FOUND IN RECORD	OTHER
ASCProject_0422	-9706	-9706	CISPLATIN	OTHER CANCER	NO	NOT FOUND IN RECORD	NOT FOUND IN RECORD	NOT FOUND IN RECORD	OTHER
ASCProject_0422	23	94	LIPOSOMAL DOXORUBICIN	OTHER (PT HAD NO SURGERY)	NO	PROGRESSION	NOT FOUND IN RECORD	NOT FOUND IN RECORD	OTHER
ASCProject_0422	95	124	PACLITAXEL	OTHER (PT HAD NO SURGERY)	NO	PROGRESSION	PROGRESSION	NOT FOUND IN RECORD	OTHER
ASCProject_0422	125	155	GEMCITABINE	OTHER (PT HAD NO SURGERY)	NO	RESPONSE	ADVERSE EFFECTS	NOT FOUND IN RECORD	OTHER
ASCProject_0422	125	155	VINORELBINE	OTHER (PT HAD NO SURGERY)	NO	RESPONSE	ADVERSE EFFECTS	NOT FOUND IN RECORD	OTHER
ASCProject_0422	156	186	TNF	OTHER (PT HAD NO SURGERY)	NO	RESPONSE	FINISHED COURSE	NOT FOUND IN RECORD	OTHER
ASCProject_0422	156	186	MELPHALAN	OTHER (PT HAD NO SURGERY)	NO	RESPONSE	FINISHED COURSE	NOT FOUND IN RECORD	OTHER
ASCProject_0422	246	1372	PAZOPANIB	METS	NO	RESPONSE	PROGRESSION	TRANSAMINTIS	METS
ASCProject_0422	1379	1736	CLINICAL TRIAL	METS	YES	MIXED	ON TX AT LAST ENCOUNTER	NOT FOUND IN RECORD	METS
ASCProject_0422	1379	1736	NIVOLUMAB	METS	NO	MIXED	ON TX AT LAST ENCOUNTER	NOT FOUND IN RECORD	METS
ASCProject_0427	1508	1558	CLINICAL TRIAL	METS	YES	PROGRESSION	PROGRESSION	NOT FOUND IN RECORD	METS
ASCProject_0427	1577	1660	PACLITAXEL	METS	NO	MIXED	PROGRESSION	NOT FOUND IN RECORD	METS
ASCProject_0427	1668	1758	GEMCITABINE	METS	NO	RESPONSE	PROGRESSION	FEVER, NAUSEA, ANEMIA	METS
ASCProject_0427	1668	1758	DOCETAXEL	METS	NO	RESPONSE	PROGRESSION	NAUSEA, ANEMIA	METS
ASCProject_0427	1814	1856	PEMBROLIZUMAB	METS	NO	NOT FOUND IN RECORD	ON TX AT LAST DATE OF ENCOUNTER	NOT FOUND IN RECORD	METS
ASCProject_0434	11	172	PACLITAXEL	OTHER(NO SURGERY)	NO	RESPONSE	FINISHED COURSE	NEUROPATHY, CHRONIC RHINORHEA	OTHER
ASCProject_0434	303	330	PACLITAXEL	LOCAL RECURRENCE	NO	RESPONSE	PATIENT CHOICE	NOT FOUND IN RECORD	LOCAL RECURRENCE
ASCProject_0434	347	347	PACLITAXEL	LOCAL RECURRENCE	NO	PROGRESSION	PROGRESSION	NOT FOUND IN RECORD	LOCAL RECURRENCE
ASCProject_0434	354	393	DOCETAXEL	LOCAL RECURRENCE	NO	RESPONSE	ON TX AT LAST DATE OF ENCOUNTER	FATIGUE, PLATELET REDUCTION, SEVERE CONSTIPATION	LOCAL RECURRENCE
ASCProject_0434	354	393	GEMCITABINE	LOCAL RECURRENCE	NO	RESPONSE	ON TX AT LAST DATE OF ENCOUNTER	FATIGUE, PLATELET REDUCTION, SEVERE CONSTIPATION	LOCAL RECURRENCE
ASCProject_P2HVYU	1810	1934	CHEMOTHERAPY NOS	ADJUVANT	NO	STABLE	NOT FOUND IN RECORD	NOT FOUND IN RECORD	ADJUVANT
ASCProject_P6YLY9	19	39	PACLITAXEL	METS	NO	NOT FOUND IN RECORD	ON TX AT LAST DATE OF ENCOUNTER	NOT FOUND IN RECORD	METS
ASCProject_P8B8WN	-2496	2450	LETROZOLE	OTHER CANCER	NO	NOT FOUND IN RECORD	ON TX AT LAST ENCOUNTER	NOT FOUND IN RECORD	OTHER
ASCProject_P8B8WN	-2345	-2254	CYCLOPHOSPHAMIDE	OTHER CANCER	NO	NOT FOUND IN RECORD	NOT FOUND IN RECORD	NOT FOUND IN RECORD	OTHER
ASCProject_P8B8WN	-2345	-2254	DOXORUBICIN	OTHER CANCER	NO	NOT FOUND IN RECORD	NOT FOUND IN RECORD	NOT FOUND IN RECORD	OTHER
ASCProject_PAMWDK	NOT FOUND IN RECORD	NOT FOUND IN RECORD	DOXORUBICIN	OTHER CANCER	NO	NOT FOUND IN RECORD	NOT FOUND IN RECORD	NOT FOUND IN RECORD	OTHER
ASCProject_PAMWDK	NOT FOUND IN RECORD	NOT FOUND IN RECORD	PACLITAXEL	OTHER CANCER	NO	NOT FOUND IN RECORD	NOT FOUND IN RECORD	NEUROPATHY	OTHER
ASCProject_PAMWDK	NOT FOUND IN RECORD	NOT FOUND IN RECORD	TAMOXIFEN	OTHER CANCER	NO	NOT FOUND IN RECORD	FINISHED COURSE	NOT FOUND IN RECORD	OTHER
ASCProject_PGXPR8	24	39	PACLITAXEL	NEOADJUVANT	NO		ADVERSE EFFECTS	REACTION TO INFUSION (REDNESS, SOB, CHEST PAIN, THROAT TICKLING)	NEOADJUVANT
ASCProject_PGXPR8	60	103	PACLITAXEL PROTEIN BOUND	NEOADJUVANT	NO	RESPONSE	SURGERY	BLURRY VISION, ALTERED TASTE	NEOADJUVANT
ASCProject_PKDW2V	14	209	PACLITAXEL	ADJUVANT	NO	NOT FOUND IN RECORD	NOT FOUND IN RECORD	NOT FOUND IN RECORD	ADJUVANT
ASCProject_PKGZN6	NOT FOUND IN RECORD	NOT FOUND IN RECORD	NOT FOUND IN RECORD	NOT FOUND IN RECORD	NOT FOUND IN RECORD	NOT FOUND IN RECORD	NOT FOUND IN RECORD	NOT FOUND IN RECORD	UNKNOWN
ASCProject_PMGVWU	-8429	-8429	CHEMOTHERAPY NOS	OTHER CANCER	NO	NOT FOUND IN RECORD	NOT FOUND IN RECORD	NOT FOUND IN RECORD	OTHER
ASCProject_PMGVWU	22	119	PACLITAXEL	NEOADJUVANT	NO	RESPONSE	FINISHED COURSE	NOT FOUND IN RECORD	NEOADJUVANT
ASCProject_PMGVWU	161	314	GEMCITABINE	ADJUVANT	NO	NED	FINISHED COURSE	FATIGUE, FLU-LIKE SYMPTOMS	ADJUVANT
ASCProject_PMGVWU	161	314	DOCETAXEL	ADJUVANT	NO	NED	FINISHED COURSE	FATIGUE, FLU-LIKE SYMPTOMS	ADJUVANT
ASCProject_PMGVWU	306	475	PEMBROLIZUMAB	ADJUVANT	NO	NED	ADVERSE EFFECTS	HAND/FOOT/MOUTH ULCERS, ULCERATIVE ORAL AND VAGINAL MUCOSITIS	ADJUVANT
ASCProject_PN38F9	-3116	-3024	CHEMOTHERAPY NOS	OTHER CANCER	NO	NOT FOUND IN RECORD	NOT FOUND IN RECORD	NOT FOUND IN RECORD	OTHER
ASCProject_PN38F9	-2994	-984	ANASTROZOLE	OTHER CANCER	NO	RESPONSE	NED	NOT FOUND IN RECORD	OTHER
ASCProject_PN38F9	4	65	GEMCITABINE	NEOADJUVANT	NO	RESPONSE	NOT FOUND IN RECORD	NOT FOUND IN RECORD	NEOADJUVANT
ASCProject_PN38F9	4	65	DOCETAXEL	NEOADJUVANT	NO	RESPONSE	NOT FOUND IN RECORD	NOT FOUND IN RECORD	NEOADJUVANT
ASCProject_PRDZ3M	53	94	DOXORUBICIN	METS	NO	NOT FOUND IN RECORD	NOT FOUND IN RECORD	NOT FOUND IN RECORD	METS
ASCProject_PRDZ3M	123	281	GEMCITABINE	METS	NO	STABLE	NOT FOUND IN RECORD	NOT FOUND IN RECORD	METS
ASCProject_PRDZ3M	123	281	DOCETAXEL	METS	NO	STABLE	NOT FOUND IN RECORD	NOT FOUND IN RECORD	METS
ASCProject_PRDZ3M	297	358	PAZOPANIB	METS	NO	NOT FOUND IN RECORD	SURGERY	NOT FOUND IN RECORD	METS
ASCProject_PRDZ3M	1346	1485	SORAFENIB	METS	NO	PROGRESSION	PATIENT CHOICE	NOT FOUND IN RECORD	METS
ASCProject_PRDZ3M	1618	1691	IFOSFAMIDE	METS	NO	MIXED	NOT FOUND IN RECORD	NOT FOUND IN RECORD	METS
ASCProject_PRDZ3M	1653	1691	DOXORUBICIN	METS	NO	MIXED	NOT FOUND IN RECORD	NOT FOUND IN RECORD	METS
ASCProject_PRDZ3M	1653	1691	MESNA	METS	NO	MIXED	NOT FOUND IN RECORD	NOT FOUND IN RECORD	METS
ASCProject_PRDZ3M	1653	1691	ETOPSIDE	METS	NO	MIXED	NOT FOUND IN RECORD	NOT FOUND IN RECORD	METS
ASCProject_PRDZ3M	1740	1760	PEMBROLIZUMAB	METS	NO	RESPONSE	ON TX AT LAST ENCOUNTER	NOT FOUND IN RECORD	METS
ASCProject_PWNLUF	-3056	-2690	EXEMESTANE	OTHER CANCER	NO	NOT FOUND IN RECORD	NOT FOUND IN RECORD	JOINT DISCOMFORT	OTHER
ASCProject_PWNLUF	-2690	-937	TAMOXIFEN	OTHER CANCER	NO	NOT FOUND IN RECORD	OTHER (DISCOVERED FAMILY HX OF THROMBOPHILIA)	HOT FLASHES, LEG CRAMPS	OTHER
ASCProject_PXPTMJ									UNKNOWN
ASCProject_PYMFBV	0	50	PROPRANOLOL	METS	NO	NOT FOUND IN RECORD	ON TX AT LAST ENCOUNTER	NOT FOUND IN RECORD	METS
ASCProject_PYMFBV	42	50	PACLITAXEL	METS	NO	NOT FOUND IN RECORD	ON TX AT LAST ENCOUNTER	NOT FOUND IN RECORD	METS
ASCProject_PZCXCF	49	49	PACLITAXEL	METS	NO	NOT FOUND IN RECORD	ON TX AT LAST ENCOUNTER	NOT FOUND IN RECORD	METS
ASCProject_PZUDLM	-1031	-940	DOXORUBICIN	OTHER CANCER	NO	NOT FOUND IN RECORD	FINISHED COURSE	NOT FOUND IN RECORD	OTHER
ASCProject_PZUDLM	-1031	-940	CYCLOPHOSPHAMIDE	OTHER CANCER	NO	NOT FOUND IN RECORD	FINISHED COURSE	NOT FOUND IN RECORD	OTHER
ASCProject_PZUDLM	-940	-848	PACLITAXEL	OTHER CANCER	NO	NOT FOUND IN RECORD	FINISHED COURSE	BONE PAIN, PERIPHERAL NEUROPATHY	OTHER
ASCProject_PZUDLM	42	271	LIPOSOMAL DOXORUBICIN	ADJUVANT	NO	RESPONSE	FINISHED COURSE	STOMATITIS, HF SYNDROME, PANCREATITITS, PERIFPHERAL NEUROPATHY,  FATIGUE, BRAIN FOG	ADJUVANT
