Hugo_Symbol	Frame_Shift_Del	Frame_Shift_Ins	In_Frame_Del	In_Frame_Ins	Missense_Mutation	Nonsense_Mutation	Nonstop_Mutation	Splice_Site	total	MutatedSamples	AlteredSamples	rank	longname	codelen	nnei	nncd	nsil	nmis	nstp	nspl	nind	nnon	npat	nsite	pCV	pCL	pFN	p	q	neg_log_p	q_pass_threshold
ACTN2	0	0	0	0	4	1	0	0	5	5	5	31	actinin, alpha 2	2765	36	2	0	3	1	0	0	4	4	3	0.0160632	0.026	0.323	0.002381566	1	6.03999702448151	FALSE
ALPK1	0	0	0	0	4	0	0	1	5	5	5	103	alpha-kinase 1	3795	11	0	0	2	0	1	0	3	3	3	0.01036182	1	0.111	0.01299794	1	4.34296439561542	FALSE
APOB	0	0	0	0	4	2	0	2	8	6	6	144	apolipoprotein B (including Ag(x) antigen)	13804	3	0	1	3	1	1	0	5	4	5	0.03973287	1	0.067	0.02077209	1	3.87414502025382	FALSE
ARID1A	3	0	0	0	0	3	0	0	6	6	6	8	AT rich interactive domain 1A (SWI-like)	6934	7	0	0	0	2	0	2	4	4	4	1.262704e-05	1	1	0.0001550559	0.3546129	8.77172486090057	FALSE
ASXL1	0	0	0	0	2	6	0	0	8	8	8	2	additional sex combs like 1 (Drosophila)	4678	14	0	0	2	4	0	0	6	6	6	1.803508e-09	1	0.659	3.811448e-08	0.0003486713	17.082671574522	TRUE
ATP1A4	0	0	0	0	6	0	0	1	7	5	5	22	ATPase, Na+/K+ transporting, alpha 4 polypeptide	3174	35	0	0	4	0	0	0	4	3	4	0.007197185	0.015	0.947	0.001094019	0.9098263	6.81789720767429	FALSE
ATRX	0	0	0	0	0	2	0	3	5	5	5	55	alpha thalassemia/mental retardation syndrome X-linked (RAD54 homolog, S. cerevisiae)	7615	3	0	0	0	1	2	0	3	3	3	0.0006874218	1	0.619	0.005693614	1	5.16841008308101	FALSE
BRAF	0	0	0	0	4	0	0	1	5	5	5	5	v-raf murine sarcoma viral oncogene homolog B1	2371	183	1	0	4	0	1	0	5	5	5	0.0004143932	0.0113	0.1474	1.068384e-05	0.03766737	11.4467782384932	TRUE
COL6A5	0	0	0	0	3	1	0	3	7	5	5	95	collagen, type VI, alpha 5	7737	13	0	2	2	0	2	0	4	3	4	0.01439539	0.208	0.279	0.01197943	1	4.4245642667256	FALSE
DNAH7	0	0	0	0	9	1	0	0	10	6	6	16	dynein, axonemal, heavy chain 7	12333	35	0	3	8	1	0	0	9	5	9	0.0705267	0.02365	0.00765	0.000744728	0.8019844	7.20249150692133	FALSE
DSCAM	0	0	0	0	6	1	0	0	7	7	7	114	Down syndrome cell adhesion molecule	6167	0	0	1	6	1	0	0	7	7	6	0.3747005	0.039	0.0691	0.01526861	1	4.1819561920547	FALSE
DSG2	0	0	0	0	5	0	0	0	5	5	5	157	desmoglein 2	3413	9	0	0	3	0	0	0	3	3	3	0.01477162	1	0.223	0.02404668	1	3.7277583376976	FALSE
FLT4	0	0	0	0	8	0	0	0	8	8	8	19	fms-related tyrosine kinase 4	4216	81	0	2	7	0	0	0	7	7	7	7.980547e-05	1	0.596	0.0008328434	0.8019844	7.09066492866882	FALSE
FRY	0	0	0	0	6	0	0	1	7	5	5	53	furry homolog (Drosophila)	9282	54	1	3	5	0	0	0	5	3	5	0.4377905	0.00555	0.16435	0.005308298	1	5.23848402241511	FALSE
GLI3	0	0	0	0	7	0	0	2	9	8	8	200	GLI-Kruppel family member GLI3 (Greig cephalopolysyndactyly syndrome)	4799	8	1	0	4	0	1	0	5	5	5	0.005046864	1	0.451	0.03173967	1	3.45018796091335	FALSE
IGSF9B	0	0	0	0	2	2	0	1	5	5	5	101	immunoglobulin superfamily, member 9B	4126	2	0	1	1	1	1	0	3	3	3	0.01727892	1	0.043	0.01282858	1	4.35607978457807	FALSE
KDR	0	0	1	0	14	0	0	0	15	15	15	4	kinase insert domain receptor (a type III receptor tyrosine kinase)	4187	4	0	0	11	0	0	1	12	12	4	0.01307451	1e-05	0.00201	2.203057e-06	0.01007678	13.0256646166703	TRUE
KIAA1244	0	0	0	0	8	0	0	0	8	5	5	121	KIAA1244	6666	54	0	1	3	0	0	0	3	2	3	0.4162066	0.0056	0.4169	0.01645879	1	4.10689559797845	FALSE
LRP2	0	0	0	0	11	1	0	3	15	10	10	80	low density lipoprotein-related protein 2	14280	12	2	1	7	1	2	0	10	7	10	0.007741669	1	0.079	0.009529957	1	4.65331507339336	FALSE
LRPPRC	0	0	0	0	4	2	0	1	7	6	6	13	leucine-rich PPR-motif containing	4335	9	0	0	1	1	1	0	3	3	3	0.0002293873	1	0.17	0.0004742837	0.6674996	7.65370489210602	FALSE
LRRC16B	0	0	0	0	6	0	0	2	8	8	8	104	leucine rich repeat containing 16B	4276	19	0	0	4	0	1	0	5	5	5	0.003888796	1	0.388	0.01300694	1	4.34227221781192	FALSE
MKI67	0	0	0	0	5	1	0	0	6	6	6	34	antigen identified by monoclonal antibody Ki-67	9827	20	0	2	4	1	0	0	5	5	5	0.002608543	1	0.086	0.003297007	1	5.71474019175255	FALSE
NCKAP5	0	0	0	0	7	0	0	3	10	9	9	27	NCK-associated protein 5	5802	11	0	1	6	0	1	0	7	6	7	0.004858501	1	0.018	0.001561342	1	6.46220957111891	FALSE
NOS1	0	0	0	0	3	2	0	0	5	5	5	219	nitric oxide synthase 1 (neuronal)	4413	8	0	1	2	2	0	0	4	4	4	0.04442358	1	0.078	0.03485249	1	3.35663069526054	FALSE
NOTCH1	0	0	1	0	4	0	0	1	6	5	5	15	Notch homolog 1, translocation-associated (Drosophila)	7800	102	0	1	4	0	1	1	6	5	6	0.0002216394	1	0.214	0.0006525056	0.7958828	7.33469083642878	FALSE
PLCG1	0	0	0	0	8	0	0	4	12	12	12	3	phospholipase C, gamma 1	4000	46	2	0	7	0	2	0	9	9	9	3.531275e-07	0.037	0.114	1.462347e-07	0.0008918367	15.7380529716916	TRUE
PLCH1	0	0	0	0	6	0	0	0	6	5	5	168	phospholipase C, eta 1	5187	20	0	1	6	0	0	0	6	5	6	0.04049095	1	0.09	0.02613334	1	3.64454338519188	FALSE
POT1	0	0	0	0	13	0	0	0	13	13	13	6	POT1 protection of telomeres 1 homolog (S. pombe)	1965	6	0	0	9	0	0	0	9	9	7	0.000161361	0.0099	0.217	1.235266e-05	0.03766737	11.3016391334668	TRUE
PTPRB	3	0	0	0	7	3	0	0	13	10	10	244	protein tyrosine phosphatase, receptor type, B	6840	13	0	1	6	2	0	3	11	8	11	0.006321358	1	0.491	0.03833159	1	3.26148091858203	FALSE
PTPRO	0	0	0	0	9	0	0	0	9	7	7	43	protein tyrosine phosphatase, receptor type, O	3755	51	0	2	6	0	0	0	6	5	5	0.01190711	0.037	0.962	0.003936849	1	5.53737462183278	FALSE
RIMS2	0	0	0	0	8	0	0	2	10	7	7	63	regulating synaptic membrane exocytosis 2	4336	20	0	3	4	0	1	0	5	4	5	0.2793625	0.0136	0.1063	0.0073651	1	4.9110026514272	FALSE
SETBP1	0	0	0	0	6	1	0	0	7	7	7	110	SET binding protein 1	4998	183	1	0	4	1	0	0	5	5	5	0.00396208	1	0.431	0.01455751	1	4.2296482673221	FALSE
SI	0	0	0	0	6	5	0	2	13	12	12	215	sucrase-isomaltase (alpha-glucosidase)	5670	0	1	0	3	4	2	0	9	8	9	0.1730303	1	0.016	0.03430877	1	3.37235427236092	FALSE
SIGLEC9	0	0	0	0	5	0	0	0	5	5	5	17	sialic acid binding Ig-like lectin 9	1418	73	0	1	4	0	0	0	4	4	4	0.0008113172	NA	NA	0.0008113172	0.8019844	7.11685145824564	FALSE
SLC4A3	0	0	0	0	5	0	0	0	5	5	5	252	solute carrier family 4, anion exchanger, member 3	3872	22	0	1	4	0	0	0	4	4	4	0.006723028	1	0.99	0.04035307	1	3.21008780289774	FALSE
SPERT	0	0	0	0	6	0	0	0	6	5	5	139	spermatid associated	1357	263	0	0	5	0	0	0	5	4	4	0.01141675	0.205	0.899	0.01964364	1	3.93000165717954	FALSE
TAT	0	0	0	0	4	1	0	0	5	5	5	41	tyrosine aminotransferase	1409	156	0	0	3	1	0	0	4	4	4	0.0004078882	1	0.549	0.003591258	1	5.62925272003664	FALSE
TP53	1	0	0	0	13	9	0	2	25	23	23	1	tumor protein p53	1890	21	0	2	10	7	1	2	20	18	19	3.59252e-16	0.33	0.123	2.88658e-15	5.281287e-11	33.4787039845498	TRUE
TSC2	3	0	0	0	1	3	0	0	7	7	7	10	tuberous sclerosis 2	5590	14	0	3	1	2	0	2	5	5	5	0.0003345389	1	0.049	0.0002730979	0.49966	8.20568021900521	FALSE
TTN	0	0	1	0	17	0	0	0	18	12	12	14	titin	111447	4	5	7	14	0	0	1	15	10	14	0.7894651	4e-05	0.91495	0.0005970243	0.7802255	7.42355274188245	FALSE
