"entity:sample_id"	"sample_alias"	"passed_germline_filter"	"data_type"
"RP-1447_ASCProject_0003_SALIVA_v1_Exome_OnPrem"	"ASCProject_0003_SALIVA"	TRUE	"normal_WES"
"RP-1447_ASCProject_0005_BLOOD_Normal_v1_Exome_OnPrem"	"ASCProject_0005_BLOOD_Normal"	TRUE	"normal_WES"
"RP-1447_ASCProject_0005_SALIVA_v3_Exome_OnPrem"	"ASCProject_0005_SALIVA"	FALSE	"normal_WES"
"RP-1447_ASCProject_0006_BLOOD_Normal_v4_Exome_OnPrem"	"ASCProject_0006_BLOOD_Normal"	TRUE	"normal_WES"
"RP-1447_ASCProject_0007_SALIVA_v1_Exome_OnPrem"	"ASCProject_0007_SALIVA"	TRUE	"normal_WES"
"RP-1447_ASCProject_0008_SALIVA_v1_Exome_OnPrem"	"ASCProject_0008_SALIVA"	FALSE	"normal_WES"
"RP-1447_ASCProject_0009_SALIVA_v2_Exome_OnPrem"	"ASCProject_0009_SALIVA"	TRUE	"normal_WES"
"RP-1447_ASCProject_0010_SALIVA_v1_Exome_OnPrem"	"ASCProject_0010_SALIVA"	TRUE	"normal_WES"
"RP-1447_ASCProject_0011_SALIVA_v1_Exome_OnPrem"	"ASCProject_0011_SALIVA"	TRUE	"normal_WES"
"RP-1447_ASCProject_0012_SALIVA_v2_Exome_OnPrem"	"ASCProject_0012_SALIVA"	TRUE	"normal_WES"
"RP-1447_ASCProject_0013_SALIVA_v3_Exome_OnPrem"	"ASCProject_0013_SALIVA"	TRUE	"normal_WES"
"RP-1447_ASCProject_0014_SALIVA_v1_Exome_OnPrem"	"ASCProject_0014_SALIVA"	TRUE	"normal_WES"
"RP-1447_ASCProject_0015_SALIVA_v1_Exome_OnPrem"	"ASCProject_0015_SALIVA"	TRUE	"normal_WES"
"RP-1447_ASCProject_0016_SALIVA_v1_Exome_OnPrem"	"ASCProject_0016_SALIVA"	TRUE	"normal_WES"
"RP-1447_ASCProject_0017_BLOOD_Normal_v1_Exome_OnPrem"	"ASCProject_0017_BLOOD_Normal"	TRUE	"normal_WES"
"RP-1447_ASCProject_0017_SALIVA_v3_Exome_OnPrem"	"ASCProject_0017_SALIVA"	FALSE	"normal_WES"
"RP-1447_ASCProject_0020_SALIVA_v2_Exome_OnPrem"	"ASCProject_0020_SALIVA"	TRUE	"normal_WES"
"RP-1447_ASCProject_0021_SALIVA_v1_Exome_OnPrem"	"ASCProject_0021_SALIVA"	TRUE	"normal_WES"
"RP-1447_ASCProject_0023_SALIVA_v1_Exome_OnPrem"	"ASCProject_0023_SALIVA"	TRUE	"normal_WES"
"RP-1447_ASCProject_0024_BLOOD_Normal_v1_Exome_OnPrem"	"ASCProject_0024_BLOOD_Normal"	TRUE	"normal_WES"
"RP-1447_ASCProject_0024_SALIVA_v3_Exome_OnPrem"	"ASCProject_0024_SALIVA"	FALSE	"normal_WES"
"RP-1447_ASCProject_0025_SALIVA_v1_Exome_OnPrem"	"ASCProject_0025_SALIVA"	TRUE	"normal_WES"
"RP-1447_ASCProject_0026_BLOOD_Normal_v2_Exome_OnPrem"	"ASCProject_0026_BLOOD_Normal"	TRUE	"normal_WES"
"RP-1447_ASCProject_0027_SALIVA_v1_Exome_OnPrem"	"ASCProject_0027_SALIVA"	TRUE	"normal_WES"
"RP-1447_ASCProject_0028_SALIVA_v1_Exome_OnPrem"	"ASCProject_0028_SALIVA"	TRUE	"normal_WES"
"RP-1447_ASCProject_0030_SALIVA_v2_Exome_OnPrem"	"ASCProject_0030_SALIVA"	TRUE	"normal_WES"
"RP-1447_ASCProject_0032_SALIVA_2_v1_Exome_OnPrem"	"ASCProject_0032_SALIVA_2"	TRUE	"normal_WES"
"RP-1447_ASCProject_0034_SALIVA_v1_Exome_OnPrem"	"ASCProject_0034_SALIVA"	TRUE	"normal_WES"
"RP-1447_ASCProject_0035_SALIVA_v3_Exome_OnPrem"	"ASCProject_0035_SALIVA"	TRUE	"normal_WES"
"RP-1447_ASCProject_0036_SALIVA_v2_Exome_OnPrem"	"ASCProject_0036_SALIVA"	TRUE	"normal_WES"
"RP-1447_ASCProject_0038_SALIVA_v2_Exome_OnPrem"	"ASCProject_0038_SALIVA"	TRUE	"normal_WES"
"RP-1447_ASCProject_0039_SALIVA_v1_Exome_OnPrem"	"ASCProject_0039_SALIVA"	TRUE	"normal_WES"
"RP-1447_ASCProject_0042_SALIVA_v1_Exome_OnPrem"	"ASCProject_0042_SALIVA"	TRUE	"normal_WES"
"RP-1447_ASCProject_0044_BLOOD_Normal_v2_Exome_OnPrem"	"ASCProject_0044_BLOOD_Normal"	TRUE	"normal_WES"
"RP-1447_ASCProject_0044_SALIVA_v4_Exome_OnPrem"	"ASCProject_0044_SALIVA"	FALSE	"normal_WES"
"RP-1447_ASCProject_0045_SALIVA_v3_Exome_OnPrem"	"ASCProject_0045_SALIVA"	TRUE	"normal_WES"
"RP-1447_ASCProject_0046_SALIVA_v1_Exome_OnPrem"	"ASCProject_0046_SALIVA"	TRUE	"normal_WES"
"RP-1447_ASCProject_0047_BLOOD_BC_v1_Exome_OnPrem"	"ASCProject_0047_BLOOD_BC"	TRUE	"normal_WES"
"RP-1447_ASCProject_0049_SALIVA_v3_Exome_OnPrem"	"ASCProject_0049_SALIVA"	TRUE	"normal_WES"
"RP-1447_ASCProject_0051_SALIVA_v1_Exome_OnPrem"	"ASCProject_0051_SALIVA"	TRUE	"normal_WES"
"RP-1447_ASCProject_0052_SALIVA_v1_Exome_OnPrem"	"ASCProject_0052_SALIVA"	TRUE	"normal_WES"
"RP-1447_ASCProject_0055_BLOOD_Normal_v1_Exome_OnPrem"	"ASCProject_0055_BLOOD_Normal"	TRUE	"normal_WES"
"RP-1447_ASCProject_0055_SALIVA_v3_Exome_OnPrem"	"ASCProject_0055_SALIVA"	FALSE	"normal_WES"
"RP-1447_ASCProject_0056_SALIVA_v1_Exome_OnPrem"	"ASCProject_0056_SALIVA"	TRUE	"normal_WES"
"RP-1447_ASCProject_0057_SALIVA_v1_Exome_OnPrem"	"ASCProject_0057_SALIVA"	TRUE	"normal_WES"
"RP-1447_ASCProject_0058_SALIVA_v1_Exome_OnPrem"	"ASCProject_0058_SALIVA"	TRUE	"normal_WES"
"RP-1447_ASCProject_0059_SALIVA_v2_Exome_OnPrem"	"ASCProject_0059_SALIVA"	TRUE	"normal_WES"
"RP-1447_ASCProject_0060_SALIVA_v1_Exome_OnPrem"	"ASCProject_0060_SALIVA"	TRUE	"normal_WES"
"RP-1447_ASCProject_0061_SALIVA_v1_Exome_OnPrem"	"ASCProject_0061_SALIVA"	TRUE	"normal_WES"
"RP-1447_ASCProject_0063_SALIVA_v1_Exome_OnPrem"	"ASCProject_0063_SALIVA"	TRUE	"normal_WES"
"RP-1447_ASCProject_0064_SALIVA_v2_Exome_OnPrem"	"ASCProject_0064_SALIVA"	TRUE	"normal_WES"
"RP-1447_ASCProject_0065_SALIVA_v1_Exome_OnPrem"	"ASCProject_0065_SALIVA"	TRUE	"normal_WES"
"RP-1447_ASCProject_0066_SALIVA_v2_Exome_OnPrem"	"ASCProject_0066_SALIVA"	TRUE	"normal_WES"
"RP-1447_ASCProject_0067_SALIVA_v1_Exome_OnPrem"	"ASCProject_0067_SALIVA"	TRUE	"normal_WES"
"RP-1447_ASCProject_0068_SALIVA_v3_Exome_OnPrem"	"ASCProject_0068_SALIVA"	TRUE	"normal_WES"
"RP-1447_ASCProject_0069_SALIVA_v1_Exome_OnPrem"	"ASCProject_0069_SALIVA"	TRUE	"normal_WES"
"RP-1447_ASCProject_0073_SALIVA_v3_Exome_OnPrem"	"ASCProject_0073_SALIVA"	TRUE	"normal_WES"
"RP-1447_ASCProject_0074_SALIVA_2_v1_Exome_OnPrem"	"ASCProject_0074_SALIVA_2"	TRUE	"normal_WES"
"RP-1447_ASCProject_0076_SALIVA_v3_Exome_OnPrem"	"ASCProject_0076_SALIVA"	TRUE	"normal_WES"
"RP-1447_ASCProject_0078_SALIVA_v1_Exome_OnPrem"	"ASCProject_0078_SALIVA"	TRUE	"normal_WES"
"RP-1447_ASCProject_0080_SALIVA_v1_Exome_OnPrem"	"ASCProject_0080_SALIVA"	TRUE	"normal_WES"
"RP-1447_ASCProject_0081_SALIVA_v1_Exome_OnPrem"	"ASCProject_0081_SALIVA"	TRUE	"normal_WES"
"RP-1447_ASCProject_0082_SALIVA_v2_Exome_OnPrem"	"ASCProject_0082_SALIVA"	TRUE	"normal_WES"
"RP-1447_ASCProject_0084_SALIVA_v1_Exome_OnPrem"	"ASCProject_0084_SALIVA"	TRUE	"normal_WES"
"RP-1447_ASCProject_0086_SALIVA_v1_Exome_OnPrem"	"ASCProject_0086_SALIVA"	TRUE	"normal_WES"
"RP-1447_ASCProject_0088_SALIVA_v1_Exome_OnPrem"	"ASCProject_0088_SALIVA"	TRUE	"normal_WES"
"RP-1447_ASCProject_0089_SALIVA_v2_Exome_OnPrem"	"ASCProject_0089_SALIVA"	TRUE	"normal_WES"
"RP-1447_ASCProject_0090_SALIVA_v1_Exome_OnPrem"	"ASCProject_0090_SALIVA"	TRUE	"normal_WES"
"RP-1447_ASCProject_0091_SALIVA_v1_Exome_OnPrem"	"ASCProject_0091_SALIVA"	TRUE	"normal_WES"
"RP-1447_ASCProject_0092_SALIVA_v1_Exome_OnPrem"	"ASCProject_0092_SALIVA"	TRUE	"normal_WES"
"RP-1447_ASCProject_0093_SALIVA_v1_Exome_OnPrem"	"ASCProject_0093_SALIVA"	TRUE	"normal_WES"
"RP-1447_ASCProject_0094_NORMAL_v2_Exome_OnPrem"	"ASCProject_0094_NORMAL"	TRUE	"normal_WES"
"RP-1447_ASCProject_0095_BLOOD_BC_v1_Exome_OnPrem"	"ASCProject_0095_BLOOD_BC"	TRUE	"normal_WES"
"RP-1447_ASCProject_0096_BLOOD_BC_v1_Exome_OnPrem"	"ASCProject_0096_BLOOD_BC"	TRUE	"normal_WES"
"RP-1447_ASCProject_0097_BLOOD_Normal_v1_Exome_OnPrem"	"ASCProject_0097_BLOOD_Normal"	TRUE	"normal_WES"
"RP-1447_ASCProject_0097_SALIVA_2_v3_Exome_OnPrem"	"ASCProject_0097_SALIVA_2"	FALSE	"normal_WES"
"RP-1447_ASCProject_0098_SALIVA_v1_Exome_OnPrem"	"ASCProject_0098_SALIVA"	TRUE	"normal_WES"
"RP-1447_ASCProject_0099_SALIVA_v1_Exome_OnPrem"	"ASCProject_0099_SALIVA"	TRUE	"normal_WES"
"RP-1447_ASCProject_0100_SALIVA_v1_Exome_OnPrem"	"ASCProject_0100_SALIVA"	TRUE	"normal_WES"
"RP-1447_ASCProject_0101_SALIVA_v2_Exome_OnPrem"	"ASCProject_0101_SALIVA"	TRUE	"normal_WES"
"RP-1447_ASCProject_0102_SALIVA_v1_Exome_OnPrem"	"ASCProject_0102_SALIVA"	TRUE	"normal_WES"
"RP-1447_ASCProject_0103_SALIVA_v1_Exome_OnPrem"	"ASCProject_0103_SALIVA"	TRUE	"normal_WES"
"RP-1447_ASCProject_0105_SALIVA_v1_Exome_OnPrem"	"ASCProject_0105_SALIVA"	TRUE	"normal_WES"
"RP-1447_ASCProject_0108_SALIVA_v1_Exome_OnPrem"	"ASCProject_0108_SALIVA"	TRUE	"normal_WES"
"RP-1447_ASCProject_0109_SALIVA_v1_Exome_OnPrem"	"ASCProject_0109_SALIVA"	TRUE	"normal_WES"
"RP-1447_ASCProject_0113_SALIVA_v2_Exome_OnPrem"	"ASCProject_0113_SALIVA"	TRUE	"normal_WES"
"RP-1447_ASCProject_0116_SALIVA_v1_Exome_OnPrem"	"ASCProject_0116_SALIVA"	TRUE	"normal_WES"
"RP-1447_ASCProject_0117_SALIVA_v1_Exome_OnPrem"	"ASCProject_0117_SALIVA"	TRUE	"normal_WES"
"RP-1447_ASCProject_0118_SALIVA_v1_Exome_OnPrem"	"ASCProject_0118_SALIVA"	TRUE	"normal_WES"
"RP-1447_ASCProject_0119_SALIVA_v1_Exome_OnPrem"	"ASCProject_0119_SALIVA"	TRUE	"normal_WES"
"RP-1447_ASCProject_0120_SALIVA_v1_Exome_OnPrem"	"ASCProject_0120_SALIVA"	TRUE	"normal_WES"
"RP-1447_ASCProject_0121_SALIVA_v2_Exome_OnPrem"	"ASCProject_0121_SALIVA"	TRUE	"normal_WES"
"RP-1447_ASCProject_0123_SALIVA_v1_Exome_OnPrem"	"ASCProject_0123_SALIVA"	TRUE	"normal_WES"
"RP-1447_ASCProject_0131_SALIVA_v1_Exome_OnPrem"	"ASCProject_0131_SALIVA"	TRUE	"normal_WES"
"RP-1447_ASCProject_0132_SALIVA_v1_Exome_OnPrem"	"ASCProject_0132_SALIVA"	TRUE	"normal_WES"
"RP-1447_ASCProject_0134_SALIVA_v1_Exome_OnPrem"	"ASCProject_0134_SALIVA"	TRUE	"normal_WES"
"RP-1447_ASCProject_0135_SALIVA_v1_Exome_OnPrem"	"ASCProject_0135_SALIVA"	TRUE	"normal_WES"
"RP-1447_ASCProject_0136_SALIVA_v1_Exome_OnPrem"	"ASCProject_0136_SALIVA"	TRUE	"normal_WES"
"RP-1447_ASCProject_0145_BLOOD_Normal_v2_Exome_OnPrem"	"ASCProject_0145_BLOOD_Normal"	TRUE	"normal_WES"
"RP-1447_ASCProject_0145_SALIVA_v4_Exome_OnPrem"	"ASCProject_0145_SALIVA"	FALSE	"normal_WES"
"RP-1447_ASCProject_0146_SALIVA_v2_Exome_OnPrem"	"ASCProject_0146_SALIVA"	TRUE	"normal_WES"
"RP-1447_ASCProject_0148_SALIVA_2_v1_Exome_OnPrem"	"ASCProject_0148_SALIVA_2"	TRUE	"normal_WES"
"RP-1447_ASCProject_0153_SALIVA_v1_Exome_OnPrem"	"ASCProject_0153_SALIVA"	TRUE	"normal_WES"
"RP-1447_ASCProject_0157_SALIVA_v1_Exome_OnPrem"	"ASCProject_0157_SALIVA"	TRUE	"normal_WES"
"RP-1447_ASCProject_0158_SALIVA_v1_Exome_OnPrem"	"ASCProject_0158_SALIVA"	TRUE	"normal_WES"
"RP-1447_ASCProject_0159_SALIVA_v2_Exome_OnPrem"	"ASCProject_0159_SALIVA"	TRUE	"normal_WES"
"RP-1447_ASCProject_0164_SALIVA_v1_Exome_OnPrem"	"ASCProject_0164_SALIVA"	TRUE	"normal_WES"
"RP-1447_ASCProject_0165_BLOOD_BC_v1_Exome_OnPrem"	"ASCProject_0165_BLOOD_BC"	TRUE	"normal_WES"
"RP-1447_ASCProject_0166_SALIVA_2_v1_Exome_OnPrem"	"ASCProject_0166_SALIVA_2"	TRUE	"normal_WES"
"RP-1447_ASCProject_0167_SALIVA_v2_Exome_OnPrem"	"ASCProject_0167_SALIVA"	TRUE	"normal_WES"
"RP-1447_ASCProject_0168_SALIVA_v1_Exome_OnPrem"	"ASCProject_0168_SALIVA"	TRUE	"normal_WES"
"RP-1447_ASCProject_0170_SALIVA_v1_Exome_OnPrem"	"ASCProject_0170_SALIVA"	TRUE	"normal_WES"
"RP-1447_ASCProject_0172_SALIVA_v1_Exome_OnPrem"	"ASCProject_0172_SALIVA"	TRUE	"normal_WES"
"RP-1447_ASCProject_0173_SALIVA_v1_Exome_OnPrem"	"ASCProject_0173_SALIVA"	TRUE	"normal_WES"
"RP-1447_ASCProject_0175_SALIVA_v1_Exome_OnPrem"	"ASCProject_0175_SALIVA"	TRUE	"normal_WES"
"RP-1447_ASCProject_0176_SALIVA_v1_Exome_OnPrem"	"ASCProject_0176_SALIVA"	TRUE	"normal_WES"
"RP-1447_ASCProject_0177_SALIVA_v1_Exome_OnPrem"	"ASCProject_0177_SALIVA"	TRUE	"normal_WES"
"RP-1447_ASCProject_0179_SALIVA_v2_Exome_OnPrem"	"ASCProject_0179_SALIVA"	TRUE	"normal_WES"
"RP-1447_ASCProject_0180_SALIVA_v1_Exome_OnPrem"	"ASCProject_0180_SALIVA"	TRUE	"normal_WES"
"RP-1447_ASCProject_0182_SALIVA_v1_Exome_OnPrem"	"ASCProject_0182_SALIVA"	TRUE	"normal_WES"
"RP-1447_ASCProject_0187_SALIVA_v1_Exome_OnPrem"	"ASCProject_0187_SALIVA"	TRUE	"normal_WES"
"RP-1447_ASCProject_0189_SALIVA_v1_Exome_OnPrem"	"ASCProject_0189_SALIVA"	TRUE	"normal_WES"
"RP-1447_ASCProject_0193_SALIVA_v1_Exome_OnPrem"	"ASCProject_0193_SALIVA"	TRUE	"normal_WES"
"RP-1447_ASCProject_0194_SALIVA_v3_Exome_OnPrem"	"ASCProject_0194_SALIVA"	TRUE	"normal_WES"
"RP-1447_ASCProject_0196_SALIVA_v1_Exome_OnPrem"	"ASCProject_0196_SALIVA"	TRUE	"normal_WES"
"RP-1447_ASCProject_0197_SALIVA_v2_Exome_OnPrem"	"ASCProject_0197_SALIVA"	TRUE	"normal_WES"
"RP-1447_ASCProject_0201_SALIVA_v1_Exome_OnPrem"	"ASCProject_0201_SALIVA"	TRUE	"normal_WES"
"RP-1447_ASCProject_0202_SALIVA_v3_Exome_OnPrem"	"ASCProject_0202_SALIVA"	TRUE	"normal_WES"
"RP-1447_ASCProject_0205_SALIVA_v1_Exome_OnPrem"	"ASCProject_0205_SALIVA"	TRUE	"normal_WES"
"RP-1447_ASCProject_0208_SALIVA_v1_Exome_OnPrem"	"ASCProject_0208_SALIVA"	TRUE	"normal_WES"
"RP-1447_ASCProject_0212_SALIVA_v2_Exome_OnPrem"	"ASCProject_0212_SALIVA"	TRUE	"normal_WES"
"RP-1447_ASCProject_0214_SALIVA_v1_Exome_OnPrem"	"ASCProject_0214_SALIVA"	TRUE	"normal_WES"
"RP-1447_ASCProject_0216_SALIVA_v1_Exome_OnPrem"	"ASCProject_0216_SALIVA"	TRUE	"normal_WES"
"RP-1447_ASCProject_0217_SALIVA_v1_Exome_OnPrem"	"ASCProject_0217_SALIVA"	TRUE	"normal_WES"
"RP-1447_ASCProject_0218_SALIVA_v1_Exome_OnPrem"	"ASCProject_0218_SALIVA"	TRUE	"normal_WES"
"RP-1447_ASCProject_0219_SALIVA_v2_Exome_OnPrem"	"ASCProject_0219_SALIVA"	TRUE	"normal_WES"
"RP-1447_ASCProject_0220_SALIVA_v1_Exome_OnPrem"	"ASCProject_0220_SALIVA"	TRUE	"normal_WES"
"RP-1447_ASCProject_0221_SALIVA_v3_Exome_OnPrem"	"ASCProject_0221_SALIVA"	TRUE	"normal_WES"
"RP-1447_ASCProject_0222_SALIVA_v3_Exome_OnPrem"	"ASCProject_0222_SALIVA"	TRUE	"normal_WES"
"RP-1447_ASCProject_0223_SALIVA_v1_Exome_OnPrem"	"ASCProject_0223_SALIVA"	TRUE	"normal_WES"
"RP-1447_ASCProject_0225_SALIVA_v1_Exome_OnPrem"	"ASCProject_0225_SALIVA"	TRUE	"normal_WES"
"RP-1447_ASCProject_0226_SALIVA_v1_Exome_OnPrem"	"ASCProject_0226_SALIVA"	TRUE	"normal_WES"
"RP-1447_ASCProject_0235_BLOOD_BC_v1_Exome_OnPrem"	"ASCProject_0235_BLOOD_BC"	TRUE	"normal_WES"
"RP-1447_ASCProject_0237_SALIVA_v1_Exome_OnPrem"	"ASCProject_0237_SALIVA"	TRUE	"normal_WES"
"RP-1447_ASCProject_0241_SALIVA_v1_Exome_OnPrem"	"ASCProject_0241_SALIVA"	TRUE	"normal_WES"
"RP-1447_ASCProject_0243_SALIVA_v1_Exome_OnPrem"	"ASCProject_0243_SALIVA"	TRUE	"normal_WES"
"RP-1447_ASCProject_0247_SALIVA_v1_Exome_OnPrem"	"ASCProject_0247_SALIVA"	TRUE	"normal_WES"
"RP-1447_ASCProject_0252_SALIVA_v1_Exome_OnPrem"	"ASCProject_0252_SALIVA"	TRUE	"normal_WES"
"RP-1447_ASCProject_0257_SALIVA_v1_Exome_OnPrem"	"ASCProject_0257_SALIVA"	TRUE	"normal_WES"
"RP-1447_ASCProject_0258_SALIVA_v1_Exome_OnPrem"	"ASCProject_0258_SALIVA"	TRUE	"normal_WES"
"RP-1447_ASCProject_0259_SALIVA_v1_Exome_OnPrem"	"ASCProject_0259_SALIVA"	TRUE	"normal_WES"
"RP-1447_ASCProject_0261_SALIVA_v2_Exome_OnPrem"	"ASCProject_0261_SALIVA"	TRUE	"normal_WES"
"RP-1447_ASCProject_0264_BLOOD_BC_v1_Exome_OnPrem"	"ASCProject_0264_BLOOD_BC"	TRUE	"normal_WES"
"RP-1447_ASCProject_0266_SALIVA_v1_Exome_OnPrem"	"ASCProject_0266_SALIVA"	TRUE	"normal_WES"
"RP-1447_ASCProject_0267_SALIVA_v1_Exome_OnPrem"	"ASCProject_0267_SALIVA"	TRUE	"normal_WES"
"RP-1447_ASCProject_0268_SALIVA_v1_Exome_OnPrem"	"ASCProject_0268_SALIVA"	TRUE	"normal_WES"
"RP-1447_ASCProject_0270_BLOOD_BC_v1_Exome_OnPrem"	"ASCProject_0270_BLOOD_BC"	TRUE	"normal_WES"
"RP-1447_ASCProject_0275_SALIVA_v1_Exome_OnPrem"	"ASCProject_0275_SALIVA"	TRUE	"normal_WES"
"RP-1447_ASCProject_0277_SALIVA_v3_Exome_OnPrem"	"ASCProject_0277_SALIVA"	TRUE	"normal_WES"
"RP-1447_ASCProject_0278_SALIVA_v1_Exome_OnPrem"	"ASCProject_0278_SALIVA"	TRUE	"normal_WES"
"RP-1447_ASCProject_0285_SALIVA_v1_Exome_OnPrem"	"ASCProject_0285_SALIVA"	TRUE	"normal_WES"
"RP-1447_ASCProject_0288_SALIVA_v1_Exome_OnPrem"	"ASCProject_0288_SALIVA"	TRUE	"normal_WES"
"RP-1447_ASCProject_0289_SALIVA_v3_Exome_OnPrem"	"ASCProject_0289_SALIVA"	TRUE	"normal_WES"
"RP-1447_ASCProject_0290_SALIVA_v2_Exome_OnPrem"	"ASCProject_0290_SALIVA"	TRUE	"normal_WES"
"RP-1447_ASCProject_0293_BLOOD_BC_v1_Exome_OnPrem"	"ASCProject_0293_BLOOD_BC"	TRUE	"normal_WES"
"RP-1447_ASCProject_0294_BLOOD_BC_v1_Exome_OnPrem"	"ASCProject_0294_BLOOD_BC"	TRUE	"normal_WES"
"RP-1447_ASCProject_0299_SALIVA_v1_Exome_OnPrem"	"ASCProject_0299_SALIVA"	TRUE	"normal_WES"
"RP-1447_ASCProject_0300_BLOOD_BC_v1_Exome_OnPrem"	"ASCProject_0300_BLOOD_BC"	TRUE	"normal_WES"
"RP-1447_ASCProject_0303_SALIVA_v1_Exome_OnPrem"	"ASCProject_0303_SALIVA"	TRUE	"normal_WES"
"RP-1447_ASCProject_0304_SALIVA_v1_Exome_OnPrem"	"ASCProject_0304_SALIVA"	TRUE	"normal_WES"
"RP-1447_ASCProject_0305_SALIVA_v1_Exome_OnPrem"	"ASCProject_0305_SALIVA"	TRUE	"normal_WES"
"RP-1447_ASCProject_0306_SALIVA_v1_Exome_OnPrem"	"ASCProject_0306_SALIVA"	TRUE	"normal_WES"
"RP-1447_ASCProject_0309_BLOOD_BC_v2_Exome_OnPrem"	"ASCProject_0309_BLOOD_BC"	TRUE	"normal_WES"
"RP-1447_ASCProject_0310_SALIVA_v1_Exome_OnPrem"	"ASCProject_0310_SALIVA"	TRUE	"normal_WES"
"RP-1447_ASCProject_0321_BLOOD_BC_v1_Exome_OnPrem"	"ASCProject_0321_BLOOD_BC"	TRUE	"normal_WES"
"RP-1447_ASCProject_0322_SALIVA_v1_Exome_OnPrem"	"ASCProject_0322_SALIVA"	TRUE	"normal_WES"
"RP-1447_ASCProject_0325_SALIVA_v2_Exome_OnPrem"	"ASCProject_0325_SALIVA"	TRUE	"normal_WES"
"RP-1447_ASCProject_0332_SALIVA_v1_Exome_OnPrem"	"ASCProject_0332_SALIVA"	TRUE	"normal_WES"
"RP-1447_ASCProject_0335_BLOOD_BC_v1_Exome_OnPrem"	"ASCProject_0335_BLOOD_BC"	TRUE	"normal_WES"
"RP-1447_ASCProject_0340_SALIVA_v2_Exome_OnPrem"	"ASCProject_0340_SALIVA"	TRUE	"normal_WES"
"RP-1447_ASCProject_0341_SALIVA_v1_Exome_OnPrem"	"ASCProject_0341_SALIVA"	TRUE	"normal_WES"
"RP-1447_ASCProject_0342_SALIVA_v1_Exome_OnPrem"	"ASCProject_0342_SALIVA"	TRUE	"normal_WES"
"RP-1447_ASCProject_0343_BLOOD_BC_v1_Exome_OnPrem"	"ASCProject_0343_BLOOD_BC"	TRUE	"normal_WES"
"RP-1447_ASCProject_0345_SALIVA_v1_Exome_OnPrem"	"ASCProject_0345_SALIVA"	TRUE	"normal_WES"
"RP-1447_ASCProject_0351_BLOOD_BC_v1_Exome_OnPrem"	"ASCProject_0351_BLOOD_BC"	TRUE	"normal_WES"
"RP-1447_ASCProject_0353_BLOOD_BC_v1_Exome_OnPrem"	"ASCProject_0353_BLOOD_BC"	TRUE	"normal_WES"
"RP-1447_ASCProject_0355_SALIVA_v1_Exome_OnPrem"	"ASCProject_0355_SALIVA"	TRUE	"normal_WES"
"RP-1447_ASCProject_0356_SALIVA_v1_Exome_OnPrem"	"ASCProject_0356_SALIVA"	TRUE	"normal_WES"
"RP-1447_ASCProject_0357_SALIVA_2_v2_Exome_OnPrem"	"ASCProject_0357_SALIVA_2"	TRUE	"normal_WES"
"RP-1447_ASCProject_0361_SALIVA_v1_Exome_OnPrem"	"ASCProject_0361_SALIVA"	TRUE	"normal_WES"
"RP-1447_ASCProject_0367_SALIVA_v2_Exome_OnPrem"	"ASCProject_0367_SALIVA"	TRUE	"normal_WES"
"RP-1447_ASCProject_0368_BLOOD_BC_v1_Exome_OnPrem"	"ASCProject_0368_BLOOD_BC"	TRUE	"normal_WES"
"RP-1447_ASCProject_0369_BLOOD_BC_v1_Exome_OnPrem"	"ASCProject_0369_BLOOD_BC"	TRUE	"normal_WES"
"RP-1447_ASCProject_0371_SALIVA_v1_Exome_OnPrem"	"ASCProject_0371_SALIVA"	TRUE	"normal_WES"
"RP-1447_ASCProject_0372_SALIVA_v1_Exome_OnPrem"	"ASCProject_0372_SALIVA"	TRUE	"normal_WES"
"RP-1447_ASCProject_0373_BLOOD_BC_v2_Exome_OnPrem"	"ASCProject_0373_BLOOD_BC"	TRUE	"normal_WES"
"RP-1447_ASCProject_0375_SALIVA_v2_Exome_OnPrem"	"ASCProject_0375_SALIVA"	TRUE	"normal_WES"
"RP-1447_ASCProject_0378_SALIVA_v1_Exome_OnPrem"	"ASCProject_0378_SALIVA"	FALSE	"normal_WES"
"RP-1447_ASCProject_0382_SALIVA_v1_Exome_OnPrem"	"ASCProject_0382_SALIVA"	TRUE	"normal_WES"
"RP-1447_ASCProject_0385_BLOOD_BC_v1_Exome_OnPrem"	"ASCProject_0385_BLOOD_BC"	TRUE	"normal_WES"
"RP-1447_ASCProject_0387_SALIVA_v1_Exome_OnPrem"	"ASCProject_0387_SALIVA"	TRUE	"normal_WES"
"RP-1447_ASCProject_0388_SALIVA_v1_Exome_OnPrem"	"ASCProject_0388_SALIVA"	TRUE	"normal_WES"
"RP-1447_ASCProject_0389_BLOOD_BC_v1_Exome_OnPrem"	"ASCProject_0389_BLOOD_BC"	TRUE	"normal_WES"
"RP-1447_ASCProject_0393_SALIVA_v1_Exome_OnPrem"	"ASCProject_0393_SALIVA"	TRUE	"normal_WES"
"RP-1447_ASCProject_0394_SALIVA_v1_Exome_OnPrem"	"ASCProject_0394_SALIVA"	TRUE	"normal_WES"
"RP-1447_ASCProject_0401_SALIVA_v2_Exome_OnPrem"	"ASCProject_0401_SALIVA"	TRUE	"normal_WES"
"RP-1447_ASCProject_0403_SALIVA_v1_Exome_OnPrem"	"ASCProject_0403_SALIVA"	TRUE	"normal_WES"
"RP-1447_ASCProject_0411_SALIVA_v1_Exome_OnPrem"	"ASCProject_0411_SALIVA"	TRUE	"normal_WES"
"RP-1447_ASCProject_0412_SALIVA_v1_Exome_OnPrem"	"ASCProject_0412_SALIVA"	TRUE	"normal_WES"
"RP-1447_ASCProject_0413_BLOOD_BC_v1_Exome_OnPrem"	"ASCProject_0413_BLOOD_BC"	TRUE	"normal_WES"
"RP-1447_ASCProject_0414_SALIVA_v1_Exome_OnPrem"	"ASCProject_0414_SALIVA"	TRUE	"normal_WES"
"RP-1447_ASCProject_0415_SALIVA_v1_Exome_OnPrem"	"ASCProject_0415_SALIVA"	TRUE	"normal_WES"
"RP-1447_ASCProject_0417_SALIVA_v1_Exome_OnPrem"	"ASCProject_0417_SALIVA"	TRUE	"normal_WES"
"RP-1447_ASCProject_0418_SALIVA_v1_Exome_OnPrem"	"ASCProject_0418_SALIVA"	TRUE	"normal_WES"
"RP-1447_ASCProject_0420_SALIVA_v1_Exome_OnPrem"	"ASCProject_0420_SALIVA"	TRUE	"normal_WES"
"RP-1447_ASCProject_0422_BLOOD_BC_v1_Exome_OnPrem"	"ASCProject_0422_BLOOD_BC"	TRUE	"normal_WES"
"RP-1447_ASCProject_0427_SALIVA_v1_Exome_OnPrem"	"ASCProject_0427_SALIVA"	TRUE	"normal_WES"
"RP-1447_ASCProject_0428_SALIVA_v1_Exome_OnPrem"	"ASCProject_0428_SALIVA"	TRUE	"normal_WES"
"RP-1447_ASCProject_0430_SALIVA_v1_Exome_OnPrem"	"ASCProject_0430_SALIVA"	FALSE	"normal_WES"
"RP-1447_ASCProject_0432_SALIVA_v1_Exome_OnPrem"	"ASCProject_0432_SALIVA"	TRUE	"normal_WES"
"RP-1447_ASCProject_0435_SALIVA_v1_Exome_OnPrem"	"ASCProject_0435_SALIVA"	TRUE	"normal_WES"
"RP-1447_ASCProject_P47D8Z_SALIVA_v1_Exome_OnPrem"	"ASCProject_P47D8Z_SALIVA"	TRUE	"normal_WES"
"RP-1447_ASCProject_P68AP7_SALIVA_v1_Exome_OnPrem"	"ASCProject_P68AP7_SALIVA"	TRUE	"normal_WES"
"RP-1447_ASCProject_P6YLY9_SALIVA_v1_Exome_OnPrem"	"ASCProject_P6YLY9_SALIVA"	TRUE	"normal_WES"
"RP-1447_ASCProject_P739VX_SALIVA_v1_Exome_OnPrem"	"ASCProject_P739VX_SALIVA"	TRUE	"normal_WES"
"RP-1447_ASCProject_P8B8WN_SALIVA_v1_Exome_OnPrem"	"ASCProject_P8B8WN_SALIVA"	TRUE	"normal_WES"
"RP-1447_ASCProject_PAMWDK_BLOOD_BC_v1_Exome_OnPrem"	"ASCProject_PAMWDK_BLOOD_BC"	TRUE	"normal_WES"
"RP-1447_ASCProject_PBHQJN_SALIVA_v1_Exome_OnPrem"	"ASCProject_PBHQJN_SALIVA"	TRUE	"normal_WES"
"RP-1447_ASCProject_PBPCT2_SALIVA_v1_Exome_OnPrem"	"ASCProject_PBPCT2_SALIVA"	TRUE	"normal_WES"
"RP-1447_ASCProject_PE46M9_SALIVA_v1_Exome_OnPrem"	"ASCProject_PE46M9_SALIVA"	TRUE	"normal_WES"
"RP-1447_ASCProject_PJT8MW_SALIVA_v1_Exome_OnPrem"	"ASCProject_PJT8MW_SALIVA"	TRUE	"normal_WES"
"RP-1447_ASCProject_PKYCDL_SALIVA_v1_Exome_OnPrem"	"ASCProject_PKYCDL_SALIVA"	TRUE	"normal_WES"
"RP-1447_ASCProject_PN38F9_SALIVA_v1_Exome_OnPrem"	"ASCProject_PN38F9_SALIVA"	TRUE	"normal_WES"
"RP-1447_ASCProject_PQHM2E_SALIVA_v1_Exome_OnPrem"	"ASCProject_PQHM2E_SALIVA"	TRUE	"normal_WES"
"RP-1447_ASCProject_PTLPDP_SALIVA_v1_Exome_OnPrem"	"ASCProject_PTLPDP_SALIVA"	TRUE	"normal_WES"
"RP-1447_ASCProject_PY6FJH_SALIVA_v1_Exome_OnPrem"	"ASCProject_PY6FJH_SALIVA"	TRUE	"normal_WES"
"RP-1447_ASCProject_PYMFBV_SALIVA_v1_Exome_OnPrem"	"ASCProject_PYMFBV_SALIVA"	TRUE	"normal_WES"
"RP-1447_ASCProject_PYYKC9_SALIVA_v1_Exome_OnPrem"	"ASCProject_PYYKC9_SALIVA"	TRUE	"normal_WES"
"RP-1447_ASCProject_PZCXCF_SALIVA_v1_Exome_OnPrem"	"ASCProject_PZCXCF_SALIVA"	TRUE	"normal_WES"
