"Sample","Hugo_Symbol","PV_count","is_burden_significant","is_burden_nominal","is_cosmic_tier1","is_somatic_mutated","germline_gene_priority_score","PCA1","PCA2","PCA3","PCA4","PCA5","PCA6","PCA7","PCA8","PCA9","PCA10","inferred_ancestry_PCA","inferred_sex","sample_alias","individual_alias","STUDY ID"
"ASCProject_0005_BLOOD_Normal","POT1",1,TRUE,TRUE,TRUE,TRUE,5,0.054320842087153,-0.0080542128871389,-0.0044699945063057,-0.0007297909780593,-0.0071411739219248,0.0013506696001281,0.0006463260430751,-0.0132191122211047,-0.0004813546940154,0.0361222262126974,"EUR",0,"ASCProject_0005_BLOOD_Normal","ASCProject_0005","ASCProject_0005"
"ASCProject_0006_BLOOD_Normal","CEP290",1,TRUE,TRUE,FALSE,TRUE,4,0.0398552382031069,-0.0035167639314798,-0.0017644821335462,0.0019970405247325,-0.0053986783598652,0.002058425526379,-0.0061547017506871,-0.0099577835257702,-0.0010355319652577,0.0318784267979588,"EUR",0,"ASCProject_0006_BLOOD_Normal","ASCProject_0006","ASCProject_0006"
"ASCProject_0007_SALIVA","GJB2",1,FALSE,FALSE,FALSE,FALSE,1,-0.306858640858686,-0.160242267179925,0.0276149036903564,0.0114553632026934,-0.0038975928399552,-0.007565242967711,0.0095876310700468,-0.0196672075714755,-5.01268883922115e-05,0.016751557563172,"AFR",1,"ASCProject_0007_SALIVA","ASCProject_0007","ASCProject_0007"
"ASCProject_0009_SALIVA","PAH",1,FALSE,FALSE,FALSE,TRUE,2,0.0374178208387653,-0.0223850719166058,-0.0124172237241643,-0.0006263603288974,-0.0079926100902781,0.0024507317998513,-0.0122192180173013,-0.0178196158559058,-0.001077962579925,0.0483814878028845,"EUR",0,"ASCProject_0009_SALIVA","ASCProject_0009","ASCProject_0009"
"ASCProject_0010_SALIVA","APC",1,FALSE,FALSE,TRUE,TRUE,3,0.0023640500991346,-0.0077675116716548,-0.119302432784799,-0.0023115303543716,0.0118561567427404,0.0002426973601632,-0.0068305247331037,-0.0126829229448145,0.0034815895999423,0.0218771987787683,"EUR",0,"ASCProject_0010_SALIVA","ASCProject_0010","ASCProject_0010"
"ASCProject_0011_SALIVA","PEX1",1,FALSE,FALSE,FALSE,TRUE,2,0.0445630380853124,0.0061743611515714,0.0131740950442625,0.0011212758823907,-0.0133821192762915,0.0005565424648779,-0.0050577056915864,-0.0016694919746931,0.0001493611798565,0.0382008215833522,"EUR",0,"ASCProject_0011_SALIVA","ASCProject_0011","ASCProject_0011"
"ASCProject_0012_SALIVA","AP5Z1",1,FALSE,FALSE,FALSE,FALSE,1,0.0272387571018327,-0.011850064489494,-0.107998054009585,0.0017073114251408,-0.0047477273574962,0.0019865557076517,0.0024793528833928,-0.0247724205889482,0.0017287620363904,-0.0024719391468823,"EUR",0,"ASCProject_0012_SALIVA","ASCProject_0012","ASCProject_0012"
"ASCProject_0013_SALIVA","POT1",1,TRUE,TRUE,TRUE,TRUE,5,0.0400525292456109,-0.001189995365572,-0.0055308302204277,0.0005906061087824,0.0053421684490318,-0.0003462241379805,0.0147032211193843,-0.0273797292217487,0.0029478009100551,0.0356018545637167,"EUR",0,"ASCProject_0013_SALIVA","ASCProject_0013","ASCProject_0013"
"ASCProject_0015_SALIVA","BRCA1",1,TRUE,TRUE,TRUE,FALSE,4,0.0038348821085066,-0.0135868468926624,-0.110784292408733,0.0003186164865098,0.0075573404404504,-0.0027975506383427,0.00927349973404,-0.0117844776080882,0.0030089334872548,-0.0198225063849931,"EUR",1,"ASCProject_0015_SALIVA","ASCProject_0015","ASCProject_0015"
"ASCProject_0020_SALIVA","TMPRSS3",1,FALSE,FALSE,FALSE,TRUE,2,0.0525349736257157,-0.0131177676776559,0.0087477262691455,0.0016479236377205,-0.0076273883267451,0.0007524493846146,-0.0050188271884596,-0.010740610842263,-0.0001031715114554,0.0361249842504859,"EUR",0,"ASCProject_0020_SALIVA","ASCProject_0020","ASCProject_0020"
"ASCProject_0021_SALIVA","ASPA",1,FALSE,FALSE,FALSE,FALSE,1,0.047199093781891,-0.0069384803897142,-0.0128971419693639,-0.0016751716619387,-0.0047824311298126,0.0017430855683666,-0.005199904131919,0.0023638429764253,-0.002584621320509,0.066936519891111,"EUR",0,"ASCProject_0021_SALIVA","ASCProject_0021","ASCProject_0021"
"ASCProject_0023_SALIVA","FLG",1,FALSE,FALSE,FALSE,TRUE,2,0.0418110226421449,-2.91784383742497e-05,-0.0295560212215094,-0.0017679529268892,-0.0174450506945405,0.0005852510750713,0.0001996184068852,0.0082097202073358,-0.0022385325320995,0.0465215271921038,"EUR",1,"ASCProject_0023_SALIVA","ASCProject_0023","ASCProject_0023"
"ASCProject_0024_BLOOD_Normal","MCPH1",1,TRUE,TRUE,FALSE,FALSE,3,0.0332245340527794,-0.0081508724833538,-0.0133520313327231,0.0009361187316109,-0.0028439198525075,0.0011951790231768,0.0105933539085304,-0.0148689732100844,0.0031870268586449,0.0248115789062121,"EUR",1,"ASCProject_0024_BLOOD_Normal","ASCProject_0024","ASCProject_0024"
"ASCProject_0025_SALIVA","VARS2",1,FALSE,FALSE,FALSE,TRUE,2,0.0104841479911385,-0.0203903195387586,-0.127773271812672,-0.0013292436112465,0.0082110935952555,-0.0005334785490828,-0.0079989170805212,-0.0123506687852627,0.0038741470127057,0.0172034213603751,"EUR",0,"ASCProject_0025_SALIVA","ASCProject_0025","ASCProject_0025"
"ASCProject_0026_BLOOD_Normal","PAH",1,FALSE,FALSE,FALSE,TRUE,2,0.052954101964733,0.0064753819576867,0.0141512258862019,-0.0007987026859874,-0.0118722272368019,0.0027678570311468,0.010025794456605,-0.003064806013181,-0.0005236529892082,0.036855927936,"EUR",0,"ASCProject_0026_BLOOD_Normal","ASCProject_0026","ASCProject_0026"
"ASCProject_0027_SALIVA","MYO7A",1,FALSE,FALSE,FALSE,TRUE,2,0.0275643088802772,-0.0077355149062951,-0.0153024319496254,0.0020844401806206,-0.0110291683501317,0.0013544174629028,-0.0141497487886394,-0.0138760731916367,-0.0002062299090752,0.0718091755429984,"EUR",0,"ASCProject_0027_SALIVA","ASCProject_0027","ASCProject_0027"
"ASCProject_0028_SALIVA","BEST1",1,TRUE,TRUE,FALSE,FALSE,3,0.0354671756423755,-0.0060238898112304,-0.0047840637415432,-0.001243203821022,-0.0172919826614012,0.0021689123822897,-0.0081194068602391,-0.0099338399199248,0.0025966632540736,0.0511890282161008,"EUR",1,"ASCProject_0028_SALIVA","ASCProject_0028","ASCProject_0028"
"ASCProject_0030_SALIVA","MUTYH",1,FALSE,FALSE,TRUE,FALSE,2,0.0455608213149989,-0.0099862583487781,-0.0108404475040018,0.0013999858586355,-0.0128710422376073,0.0014646766762919,-0.0052176351679019,-0.0105820466788111,0.0002075845788859,0.0334449827222767,"EUR",0,"ASCProject_0030_SALIVA","ASCProject_0030","ASCProject_0030"
"ASCProject_0032_SALIVA_2","ABCA4",1,FALSE,FALSE,FALSE,TRUE,2,0.040818844562944,-0.0285534066330817,0.0044021875937585,0.0009647016225115,0.0115992984425593,0.0010248003572874,0.0061079285249002,-0.0064206151571177,0.0011174395588762,0.0483101237327685,"EUR",1,"ASCProject_0032_SALIVA_2","ASCProject_0032","ASCProject_0032"
"ASCProject_0034_SALIVA","DYSF",1,FALSE,FALSE,FALSE,TRUE,2,0.0110507022159138,-0.0131397168451152,-0.0413926797155618,0.0018981794113707,-0.0233137129727588,-0.000870322562631,-0.0037878178953509,-0.0003793421067531,-0.0025536233199323,0.0422309889703342,"EUR",1,"ASCProject_0034_SALIVA","ASCProject_0034","ASCProject_0034"
"ASCProject_0035_SALIVA","FLG",1,FALSE,FALSE,FALSE,TRUE,2,0.0371548525855217,-0.0116915880624123,0.0021900859629416,0.0008390483341205,0.0031605353725673,0.0006117470920817,0.0190438665310598,-0.0109700183578935,-0.0013934633544984,0.0340256655851556,"EUR",0,"ASCProject_0035_SALIVA","ASCProject_0035","ASCProject_0035"
"ASCProject_0038_SALIVA","SLC26A4",1,FALSE,FALSE,FALSE,FALSE,1,0.0329390536658607,-0.0132863067389262,-0.0114159383810532,-0.0010411244329278,-0.0041854212799135,-0.0001917464706702,0.003739641019634,-0.007253260397866,-1.00328126358465e-05,0.0311131016450597,"EUR",1,"ASCProject_0038_SALIVA","ASCProject_0038","ASCProject_0038"
"ASCProject_0039_SALIVA","AIPL1",1,FALSE,FALSE,FALSE,TRUE,2,0.0261828016338748,0.0015757697142481,-0.0268900095591944,0.0022395314801429,-0.0011253795575673,0.0009424303991575,-0.0053807146271868,-0.0030161100227801,-8.44921416642458e-05,0.0687346399633987,"EUR",1,"ASCProject_0039_SALIVA","ASCProject_0039","ASCProject_0039"
"ASCProject_0044_BLOOD_Normal","KIAA0586",1,TRUE,TRUE,FALSE,TRUE,4,0.0380848631795269,-0.0140429204361911,-0.0393015684254436,0.0005176943146543,-0.0043502667352214,-0.0001981993757412,-0.007245774032213,-0.0009828753695049,-0.0020157092490015,0.0214815904978886,"EUR",1,"ASCProject_0044_BLOOD_Normal","ASCProject_0044","ASCProject_0044"
"ASCProject_0045_SALIVA","PIGG",1,TRUE,TRUE,FALSE,FALSE,3,0.0339261720805664,-0.0064382109020623,0.0206448875841844,0.000521418957901,-0.0018636091819419,0.0002359595292026,-0.0022093701612653,-0.0147870633424519,-3.16231785317628e-05,0.0182732279431225,"EUR",0,"ASCProject_0045_SALIVA","ASCProject_0045","ASCProject_0045"
"ASCProject_0046_SALIVA","GBA",1,FALSE,FALSE,FALSE,FALSE,1,0.0380644637486566,-0.017289209432122,-0.0076542679957735,0.0012787641599884,0.0193670943265561,-0.0022769329915342,-0.0166234077786261,-0.0104774693467831,0.0025074752021938,0.148272002447854,"EUR",1,"ASCProject_0046_SALIVA","ASCProject_0046","ASCProject_0046"
"ASCProject_0047_BLOOD_BC","MSH6",1,FALSE,FALSE,TRUE,TRUE,3,0.0144708813564912,-0.0004387193996486,-0.116165106111506,-0.0018023330657943,-0.009153043126965,0.0003251012387858,0.0012639051130286,-0.029290165044175,0.0016470616319515,-0.0050423684970201,"EUR",0,"ASCProject_0047_BLOOD_BC","ASCProject_0047","ASCProject_0047"
"ASCProject_0049_SALIVA","SLC22A5",1,FALSE,FALSE,FALSE,TRUE,2,0.0269766675914491,-0.0257106663604315,-6.79152068285307e-05,-0.006728498940578,-0.0236439427350708,0.0027835750276488,-0.0093907279825487,-0.0010038763607914,0.0005490246292773,0.033705644950873,"EUR",0,"ASCProject_0049_SALIVA","ASCProject_0049","ASCProject_0049"
"ASCProject_0051_SALIVA","GAA",1,FALSE,FALSE,FALSE,TRUE,2,0.0352585112831685,-0.0028839904752495,-0.0278899096380725,-1.87265362483916e-05,-0.0017576691860712,2.88243798748338e-05,-0.0050128534513578,-0.0064966189826674,0.0029532963304449,0.0289819566902596,"EUR",0,"ASCProject_0051_SALIVA","ASCProject_0051","ASCProject_0051"
"ASCProject_0055_BLOOD_Normal","FLG",1,FALSE,FALSE,FALSE,TRUE,2,0.0245714131109956,-0.0008575126921486,-0.0714543444610325,-0.0026511793799286,-0.0019686950408583,-0.0016726095449494,-0.0007802438660932,-0.0019866376386273,0.0030983452281367,0.0086787105107212,"EUR",0,"ASCProject_0055_BLOOD_Normal","ASCProject_0055","ASCProject_0055"
"ASCProject_0058_SALIVA","GJB2",1,FALSE,FALSE,FALSE,FALSE,1,-0.0010511819269873,-0.0083595001274977,-0.103566899626994,-0.0015541242537055,-0.0105022781195619,-0.0015157001210398,-0.0125277780190056,-0.0156454778232979,0.0052400440924013,0.0047205433007189,"EUR",1,"ASCProject_0058_SALIVA","ASCProject_0058","ASCProject_0058"
"ASCProject_0059_SALIVA","ARSA",1,FALSE,FALSE,FALSE,FALSE,1,0.0390454820314827,-0.0059110502465143,-5.97290170488911e-05,-7.36723077496105e-05,-0.0076497247162358,0.0026410013109357,0.0011558729109295,-0.0110439164462452,0.0024703015190856,0.0394601041485996,"EUR",0,"ASCProject_0059_SALIVA","ASCProject_0059","ASCProject_0059"
"ASCProject_0060_SALIVA","SLC3A1",1,FALSE,FALSE,FALSE,TRUE,2,0.0450951595515099,-0.0027252002052203,0.0095481844885626,-0.0005372055148532,-0.0120756938832387,0.000613364925992,0.0028443621414683,-0.0102620218122459,-0.000501960770344,0.0520839282898614,"EUR",0,"ASCProject_0060_SALIVA","ASCProject_0060","ASCProject_0060"
"ASCProject_0064_SALIVA","FLG",1,FALSE,FALSE,FALSE,TRUE,2,0.0454823590120419,-0.0034469700600937,-0.0077033641945488,-0.0014356394658434,-0.0099269178495564,0.0008206067381576,-0.0087896171632211,-0.0046319271282116,0.000680987813765,0.0329226131544448,"EUR",0,"ASCProject_0064_SALIVA","ASCProject_0064","ASCProject_0064"
"ASCProject_0065_SALIVA","TSEN54",1,FALSE,FALSE,FALSE,FALSE,1,0.0324875204415613,-0.0229075807200736,-0.0219027954984252,0.0004229682024892,-0.0148674224076151,0.001108892228703,0.0018364965575766,-0.0043104154098938,-9.77918920897645e-05,0.0423556271768894,"EUR",0,"ASCProject_0065_SALIVA","ASCProject_0065","ASCProject_0065"
"ASCProject_0066_SALIVA","CYP4V2",1,FALSE,FALSE,FALSE,TRUE,2,0.0043150581085984,-0.0207670986405729,-0.124945803529328,-0.0034502572284859,-0.0070818466389753,0.0028200453090826,0.0021720593594567,-0.0105102034495161,0.0003659480417552,0.0019356951734241,"EUR",1,"ASCProject_0066_SALIVA","ASCProject_0066","ASCProject_0066"
"ASCProject_0067_SALIVA","FMO3",1,TRUE,TRUE,FALSE,FALSE,3,0.0320850239437183,-0.0088444058927287,-0.0251208301552511,0.0022178742774681,-0.0111605054547487,0.0004581932694117,0.0044208076101784,-0.0176566261162159,-0.0014080151392428,0.0593122502716633,"EUR",0,"ASCProject_0067_SALIVA","ASCProject_0067","ASCProject_0067"
"ASCProject_0068_SALIVA","SERPINA1",1,FALSE,FALSE,FALSE,FALSE,1,0.0326269083247108,-0.0049566972201812,0.0073615252497221,-0.0027781274716351,-0.007131729313421,0.0005749638383901,0.0062158485666323,-0.0068273498464282,0.0013552047258416,0.0371778792257433,"EUR",0,"ASCProject_0068_SALIVA","ASCProject_0068","ASCProject_0068"
"ASCProject_0069_SALIVA","DHTKD1",1,FALSE,FALSE,FALSE,TRUE,2,0.0039074921875432,-0.0163629479087211,-0.0929811009942635,0.0011329854514106,0.0151925076645669,0.0011759059079482,-0.0002394985191742,-0.0076216978307057,-0.0001799800767656,0.023009418947661,"EUR",0,"ASCProject_0069_SALIVA","ASCProject_0069","ASCProject_0069"
"ASCProject_0074_SALIVA_2","PCDH15",1,FALSE,FALSE,FALSE,TRUE,2,0.034500568870925,-0.0117485425871985,0.0158854888444553,-0.0002147076706445,-0.0020667632882353,0.0009882444888075,-0.0150241284862555,-0.0253753292030605,0.0018573883278918,0.0249085323201881,"EUR",1,"ASCProject_0074_SALIVA_2","ASCProject_0074","ASCProject_0074"
"ASCProject_0076_SALIVA","BEST1",1,TRUE,TRUE,FALSE,FALSE,3,0.033064700909123,-0.0120228365349304,-0.0030443784398603,0.0011722110053337,0.0009482711827329,-0.0008782602590607,-0.0139858065931628,-0.0119837737264496,-0.0019635289872773,0.0235726327159272,"EUR",0,"ASCProject_0076_SALIVA","ASCProject_0076","ASCProject_0076"
"ASCProject_0078_SALIVA","CHEK2",1,FALSE,FALSE,TRUE,FALSE,2,0.015422964621098,0.0132786467529212,0.0704017054874848,-0.0106157047402419,0.0101018504646671,-0.0008121962038267,-0.0167168296631844,-0.0022631250743919,0.0066931875929699,-0.0221152335373692,"EUR",0,"ASCProject_0078_SALIVA","ASCProject_0078","ASCProject_0078"
"ASCProject_0081_SALIVA","TSHR",1,FALSE,FALSE,TRUE,TRUE,3,0.039822762050846,0.0006086474179861,-0.0407313010475318,0.0003570872433524,0.0006469766483686,0.0004855650405079,0.0138511879482308,-0.0121742218366821,0.0004621861042942,0.0520338764152321,"EUR",0,"ASCProject_0081_SALIVA","ASCProject_0081","ASCProject_0081"
"ASCProject_0084_SALIVA","ATP7B",1,FALSE,FALSE,FALSE,FALSE,1,0.0060500269538939,-0.0165209418817617,-0.115236770366292,0.0002844525630442,-0.0134461761671302,0.0004250263686804,-0.0013924910646061,-0.0045443432902298,0.0044798391157024,-0.0132820498013546,"EUR",0,"ASCProject_0084_SALIVA","ASCProject_0084","ASCProject_0084"
"ASCProject_0086_SALIVA","KIAA0586",1,TRUE,TRUE,FALSE,TRUE,4,0.0433590071653813,-0.0151915187313771,-0.0289963326483499,-0.0027790793790014,-5.46290252187115e-05,0.0034158820179809,-0.020430748187652,0.002966485741533,0.0004255422402918,0.0572881135185264,"EUR",0,"ASCProject_0086_SALIVA","ASCProject_0086","ASCProject_0086"
"ASCProject_0089_SALIVA","ABCB11",1,FALSE,FALSE,FALSE,TRUE,2,0.0485012709340996,-0.0023521098162668,0.002739179173248,-0.0002083086409312,-0.0223510847105516,-0.0018922339377135,0.0180970595862097,-0.0141140078466359,-0.0002124440212988,0.0249667565333901,"EUR",0,"ASCProject_0089_SALIVA","ASCProject_0089","ASCProject_0089"
"ASCProject_0092_SALIVA","B3GLCT",1,FALSE,FALSE,FALSE,FALSE,1,0.0363879941434983,0.0111795940893863,-0.0163527885316449,0.0011538571506955,0.0057335937108632,-9.1072205619282e-05,-0.0132358088117356,-0.0007663496278443,0.0010447014376852,0.0575629479294739,"EUR",0,"ASCProject_0092_SALIVA","ASCProject_0092","ASCProject_0092"
"ASCProject_0093_SALIVA","MUTYH",1,FALSE,FALSE,TRUE,FALSE,2,0.0341155385822501,-0.0042712585992296,-0.0041950976060793,0.0007301949625667,0.0008609134994098,0.0015006697227757,0.0004690538624479,0.0055842545891559,-0.0015549159893958,0.0267532794921669,"EUR",0,"ASCProject_0093_SALIVA","ASCProject_0093","ASCProject_0093"
"ASCProject_0094_NORMAL","TOP3A",1,FALSE,FALSE,FALSE,TRUE,2,0.0278674792730155,-0.0090188437198021,0.0001968356366957,-0.0036600881367929,0.0093771635352862,0.0005889614831504,0.0094997139628082,-0.0130193420171146,-0.0011767513120929,0.0199857065493294,"EUR",0,"ASCProject_0094_NORMAL","ASCProject_0094","ASCProject_0094"
"ASCProject_0096_BLOOD_BC","PKHD1",1,FALSE,FALSE,FALSE,TRUE,2,0.0484674104656905,-0.0148660353765639,-0.0118437614807077,-0.0018120418442165,-0.0045285653841768,-2.07780503329869e-05,-0.0040285955344273,0.0028155280624514,-0.0009183513047216,0.0538149427373366,"EUR",1,"ASCProject_0096_BLOOD_BC","ASCProject_0096","ASCProject_0096"
"ASCProject_0097_BLOOD_Normal","CHEK2",1,FALSE,FALSE,TRUE,FALSE,2,0.0222902152579969,-0.019485574264237,-0.0154595240631546,4.38439417482884e-05,0.0038403279595043,-0.0002975397701374,0.0002558009489272,-0.011140172729586,0.0007968164713937,0.02700766353048,"EUR",0,"ASCProject_0097_BLOOD_Normal","ASCProject_0097","ASCProject_0097"
"ASCProject_0098_SALIVA","PAH",1,FALSE,FALSE,FALSE,TRUE,2,0.0348783961765578,-0.0061467322530806,0.0023940063264218,-0.002121761216489,0.0023508418509072,0.0004007474284289,-0.0101602632430438,-0.0108011668152343,-0.0003488707692232,0.0266440080270852,"EUR",1,"ASCProject_0098_SALIVA","ASCProject_0098","ASCProject_0098"
"ASCProject_0099_SALIVA","BRCA2",1,TRUE,TRUE,TRUE,FALSE,4,0.0279310754793455,0.0044525058073803,-0.0282196689962058,0.0015158820717236,-0.0177654056941411,-0.0014492362228876,-0.0097759886131764,-0.0046862954383641,-0.0004555183000971,0.0213795346873117,"EUR",0,"ASCProject_0099_SALIVA","ASCProject_0099","ASCProject_0099"
"ASCProject_0100_SALIVA","FLG",1,FALSE,FALSE,FALSE,TRUE,2,0.0399755587953563,-0.0009720865317724,-0.00236863510622,0.0028928296243329,-0.0027665857351619,0.0011031963369633,-0.0097037374732862,-0.0023120475802689,-2.24293245126257e-05,0.0577841471549526,"EUR",0,"ASCProject_0100_SALIVA","ASCProject_0100","ASCProject_0100"
"ASCProject_0101_SALIVA","PKHD1",1,FALSE,FALSE,FALSE,TRUE,2,0.0361600099418136,-0.000985184583425,0.0034674001374547,0.0018798214153921,-0.0027353158513171,-0.0010586728532328,0.0153715630804404,-0.0026230031119298,-0.0003480002262609,0.0106735374081727,"EUR",1,"ASCProject_0101_SALIVA","ASCProject_0101","ASCProject_0101"
"ASCProject_0102_SALIVA","HADHA",1,FALSE,FALSE,FALSE,FALSE,1,0.0292866073900558,-0.0099476368714375,-0.0193050692904377,-0.0020174472400341,-0.0024375780725043,-0.0005230276953196,-0.0059115286634027,-0.0182392678744651,0.0024704916819405,0.0094044352396177,"EUR",0,"ASCProject_0102_SALIVA","ASCProject_0102","ASCProject_0102"
"ASCProject_0103_SALIVA","PGAM2",1,FALSE,FALSE,FALSE,TRUE,2,-0.298551553722545,-0.143149555261234,0.0228562676217254,0.0015852958361576,-0.0047545822429204,-0.0042297590315811,0.0041221884621673,-0.0203046448290165,0.0008383838049514,0.0255545955566193,"AFR",0,"ASCProject_0103_SALIVA","ASCProject_0103","ASCProject_0103"
"ASCProject_0105_SALIVA","FANCI",1,FALSE,FALSE,FALSE,FALSE,1,-0.0937109846763616,0.0583905112676357,-0.0146419131822692,0.0029900377828058,0.0029682384608823,0.007724965764295,-0.181491419136421,-0.0540385500581014,0.0008269353226218,0.0270606712328306,"AMR",0,"ASCProject_0105_SALIVA","ASCProject_0105","ASCProject_0105"
"ASCProject_0108_SALIVA","GPSM2",1,FALSE,FALSE,FALSE,FALSE,1,-0.0389899344655071,-0.0384606343912969,-0.0726328760528088,0.0012637733586766,-0.0040988343377342,0.0008362497943379,-0.0270564374330219,-0.0278067204163764,0.0004423905012936,0.0210500110903239,"AMR",1,"ASCProject_0108_SALIVA","ASCProject_0108","ASCProject_0108"
"ASCProject_0113_SALIVA","HSD17B3",1,FALSE,FALSE,FALSE,FALSE,1,0.0457718810119009,-0.008779836192159,-0.0089015044342469,-0.0010653403968684,-0.0179273142469033,-0.0002171996139514,-0.0051321508325087,0.0040093744694645,0.000459493930474,0.0301113773780289,"EUR",0,"ASCProject_0113_SALIVA","ASCProject_0113","ASCProject_0113"
"ASCProject_0116_SALIVA","DUOX2",1,FALSE,FALSE,FALSE,TRUE,2,0.0349208069877463,0.0015837106593122,-0.0181412931978643,0.0005370552249325,-0.0052138827671701,-0.0005755681557764,-0.0196352602438274,0.0089598517707015,0.0022038734987051,0.0727486740724942,"EUR",0,"ASCProject_0116_SALIVA","ASCProject_0116","ASCProject_0116"
"ASCProject_0117_SALIVA","RTEL1",1,FALSE,FALSE,FALSE,FALSE,1,0.0092223627606711,-0.0237038788718768,-0.105574968192905,-0.0007303608781446,0.0066779601137829,0.0015069298810806,-0.0078031203117652,-0.0080388557803345,0.0017770667982776,0.0080912384692812,"EUR",0,"ASCProject_0117_SALIVA","ASCProject_0117","ASCProject_0117"
"ASCProject_0118_SALIVA","GJB2",1,FALSE,FALSE,FALSE,FALSE,1,0.0364737928391271,0.0062733526580419,0.0004766560247379,-0.0006449683177502,0.0026548250695054,0.0001530797991402,0.0069504342234465,-0.0142253490679411,0.0024861237084647,0.037849331383037,"EUR",0,"ASCProject_0118_SALIVA","ASCProject_0118","ASCProject_0118"
"ASCProject_0119_SALIVA","MEFV",1,TRUE,TRUE,FALSE,FALSE,3,0.0077166162707941,-0.0064821388866846,-0.0653688207559548,-1.19290152898915e-05,0.0101077181392544,6.60247424977918e-05,0.0035769904240769,-0.0070221552638494,0.0047725821448267,0.0118525649446527,"EUR",0,"ASCProject_0119_SALIVA","ASCProject_0119","ASCProject_0119"
"ASCProject_0121_SALIVA","GJB2",1,FALSE,FALSE,FALSE,FALSE,1,0.0019647865367417,-0.0254896483079067,-0.118277648599666,0.0028502669045176,-0.0172911220810559,-0.0010308116812943,-0.0017536528107809,-0.0191486721230329,0.0014891784636903,-0.0157431098938042,"EUR",0,"ASCProject_0121_SALIVA","ASCProject_0121","ASCProject_0121"
"ASCProject_0123_SALIVA","CFTR",1,FALSE,FALSE,FALSE,TRUE,2,0.0310128066779573,-0.0010124715356152,-0.0400733830427683,-0.0010277741894702,0.0050386583632989,6.34155236403235e-05,-0.0034702935754046,-0.0052976145428258,-0.0026879781756043,0.034561295608696,"EUR",1,"ASCProject_0123_SALIVA","ASCProject_0123","ASCProject_0123"
"ASCProject_0131_SALIVA","THOC6",1,TRUE,TRUE,FALSE,FALSE,3,0.0291484670048856,-0.0064531141614593,-0.0180964919497549,-0.0014073966792613,-0.0196547562561058,0.0004369057419344,-0.0096198979449966,-0.0109703526761872,-0.0001090480766077,0.0429042723951362,"EUR",0,"ASCProject_0131_SALIVA","ASCProject_0131","ASCProject_0131"
"ASCProject_0132_SALIVA","BTD",1,FALSE,FALSE,FALSE,TRUE,2,0.0435159165477394,-0.0112480451099555,0.0006819311264466,-8.0851328276573e-05,-0.0014423640762403,0.0027612491721667,-0.0126951400871213,0.0101196456834395,0.0028608747502219,0.0605929075239687,"EUR",1,"ASCProject_0132_SALIVA","ASCProject_0132","ASCProject_0132"
"ASCProject_0135_SALIVA","GJB2",1,FALSE,FALSE,FALSE,FALSE,1,0.0322475348683558,-0.0053467118682568,-0.023014253815486,0.0023201859988568,0.0033704212987842,-6.63275771501916e-05,0.0176992178041819,-0.0006907301898136,2.22741561760564e-05,0.0344218610206648,"EUR",0,"ASCProject_0135_SALIVA","ASCProject_0135","ASCProject_0135"
"ASCProject_0145_BLOOD_Normal","CFTR",1,FALSE,FALSE,FALSE,TRUE,2,0.0379232477998369,-0.0184120367247852,-0.0215035545383017,0.0016949219138024,-0.0016186225763721,0.00049477135343,0.004793231750938,-0.0190354553123869,0.0010413036462668,0.0433753615404086,"EUR",0,"ASCProject_0145_BLOOD_Normal","ASCProject_0145","ASCProject_0145"
"ASCProject_0146_SALIVA","PAH",1,FALSE,FALSE,FALSE,TRUE,2,0.0375623708373854,-0.0234625188233324,-0.0170964873102626,0.001648861010785,-0.008392060119273,0.0004565477555258,0.0057378305882841,-0.0124458626296936,-0.0002592106604397,0.0284120533863377,"EUR",0,"ASCProject_0146_SALIVA","ASCProject_0146","ASCProject_0146"
"ASCProject_0153_SALIVA","SLC22A5",1,FALSE,FALSE,FALSE,TRUE,2,0.0407236973271445,-0.0138543620561386,0.0016892176359562,0.0017351680105881,-0.0004235915305714,-0.0001266184509748,0.0086083988627149,-0.0075289336624657,0.0015825838231686,0.0455698900034143,"EUR",1,"ASCProject_0153_SALIVA","ASCProject_0153","ASCProject_0153"
"ASCProject_0157_SALIVA","VWF",1,FALSE,FALSE,FALSE,TRUE,2,0.0444631253900277,-0.011959389130047,-0.0077117165396019,0.0013545748774434,-0.0084839041471056,0.0004018660188648,0.0010547889243603,0.0124517915459002,-0.0025302376193138,0.041622705106815,"EUR",0,"ASCProject_0157_SALIVA","ASCProject_0157","ASCProject_0157"
"ASCProject_0159_SALIVA","CEP290",1,TRUE,TRUE,FALSE,TRUE,4,0.0390286386471402,-0.0100379193918172,-0.0051571380291977,0.0021673196665123,-0.0061440394283395,-0.002101881992696,0.0030898347887648,-0.0046970844541098,-0.0015770346943407,0.0455666864950402,"EUR",0,"ASCProject_0159_SALIVA","ASCProject_0159","ASCProject_0159"
"ASCProject_0164_SALIVA","NPC1",1,FALSE,FALSE,FALSE,FALSE,1,0.0423664361548048,-0.014439089193702,-0.0491583687297077,9.22579110584494e-05,0.0014662649690792,0.0001626745123676,-0.0031375321158774,-0.0097985840308115,0.0048765271342612,0.0121070205245073,"EUR",0,"ASCProject_0164_SALIVA","ASCProject_0164","ASCProject_0164"
"ASCProject_0165_BLOOD_BC","CHEK2",1,FALSE,FALSE,TRUE,FALSE,2,0.0345387428066873,-0.0160344021895577,-0.0024474880988187,-0.0011181668469726,-0.0163788771419496,0.0010009450287366,-0.0043695655724393,-0.0039130728837609,0.0019414406814095,0.0159554667472965,"EUR",1,"ASCProject_0165_BLOOD_BC","ASCProject_0165","ASCProject_0165"
"ASCProject_0166_SALIVA_2","POT1",1,TRUE,TRUE,TRUE,TRUE,5,0.0451735537451869,-0.0046739137333585,-0.0043737352667523,-0.0021482345765681,-0.0049684343780864,-5.14265405946682e-05,-0.0040855194202955,-0.0177559681736272,0.00190781691276,0.030396516906374,"EUR",1,"ASCProject_0166_SALIVA_2","ASCProject_0166","ASCProject_0166"
"ASCProject_0168_SALIVA","GBA",1,FALSE,FALSE,FALSE,FALSE,1,0.0092155053612281,-0.0138470132510418,-0.130019210861697,0.0001246890542352,-0.0180253439701685,-0.0001986421705151,-0.0160638245169086,-0.0169197969521627,0.0028876299225317,0.026823415431885,"EUR",1,"ASCProject_0168_SALIVA","ASCProject_0168","ASCProject_0168"
"ASCProject_0170_SALIVA","TP53",1,TRUE,TRUE,TRUE,TRUE,5,0.038398756560983,-0.0240729846140034,0.0067219304729387,0.0015322910983919,-0.0156587612116263,0.0012580014321825,-0.00711468019314,-0.0114167855636862,-0.002566286336666,0.0409928997696478,"EUR",0,"ASCProject_0170_SALIVA","ASCProject_0170","ASCProject_0170"
"ASCProject_0175_SALIVA","FGD1",1,FALSE,FALSE,FALSE,FALSE,1,0.0483968507965523,-0.0052397311075074,-0.0120119987009266,0.0021216464481284,-0.0116030792603899,0.0032972951373356,-9.83171476618015e-05,-0.0316176647894669,-0.0023245504742194,0.0632053726779715,"EUR",0,"ASCProject_0175_SALIVA","ASCProject_0175","ASCProject_0175"
"ASCProject_0177_SALIVA","BRCA1",1,TRUE,TRUE,TRUE,FALSE,4,0.0015354838187265,-0.0106825558998025,-0.108619251354284,-0.0003289649271257,0.0020766356006898,0.0011408135246798,-0.0150432680874597,-0.0089177266574971,0.0029431227547535,0.0124861750122218,"EUR",0,"ASCProject_0177_SALIVA","ASCProject_0177","ASCProject_0177"
"ASCProject_0179_SALIVA","ERCC4",1,FALSE,FALSE,TRUE,TRUE,3,-0.0886215034350994,0.121798307370605,0.007396375371564,0.0037726675894639,0.027152641294502,0.0085409212991551,-0.275344187923851,-0.0903245414994102,0.0031801756669275,-0.0327646690758841,"AMR",0,"ASCProject_0179_SALIVA","ASCProject_0179","ASCProject_0179"
"ASCProject_0180_SALIVA","TRAPPC11",1,TRUE,TRUE,FALSE,TRUE,4,0.0401508482275766,-0.0045869738388537,-0.0239240331800493,0.0026841461799804,0.0017369618876782,0.001439044818951,-0.0024506735412197,-0.0204462195384651,-0.001752432668578,0.0397897383152105,"EUR",0,"ASCProject_0180_SALIVA","ASCProject_0180","ASCProject_0180"
"ASCProject_0189_SALIVA","STAR",1,FALSE,FALSE,FALSE,FALSE,1,-0.20188647803227,0.307465261897564,-0.0089028530632834,-0.000606751132537,-0.0292938045672126,-0.0011832732159342,0.0222370509485895,-0.0674498940936695,-0.0011347553944739,0.0309098206452896,"EAS",1,"ASCProject_0189_SALIVA","ASCProject_0189","ASCProject_0189"
"ASCProject_0193_SALIVA","MEFV",1,TRUE,TRUE,FALSE,FALSE,3,-0.0152685605326744,0.000205028595502,-0.160281178268788,-0.0025446436008248,0.0155581577025742,-0.0006807855023165,0.0093150472077423,-0.0160873253727247,0.0007737867972893,-0.0067117971946914,"EUR",0,"ASCProject_0193_SALIVA","ASCProject_0193","ASCProject_0193"
"ASCProject_0194_SALIVA","C9",1,FALSE,FALSE,FALSE,TRUE,2,0.0434720787787904,-0.0020920025426397,0.0020142330965007,-0.0008334867000316,0.0037307447858836,0.0005912299324473,-0.0103489584437143,0.009604075938838,-0.001293321849347,0.0474272706748649,"EUR",1,"ASCProject_0194_SALIVA","ASCProject_0194","ASCProject_0194"
"ASCProject_0197_SALIVA","MYO15A",1,FALSE,FALSE,FALSE,TRUE,2,0.0199691178181565,-0.0146221903337095,-0.0881563568453967,-0.0008857795260952,-0.0057504076870812,0.0001700082074889,0.0055671657512457,-0.0095353695935968,0.001680816266534,-0.02202468126693,"EUR",0,"ASCProject_0197_SALIVA","ASCProject_0197","ASCProject_0197"
"ASCProject_0201_SALIVA","ABCC6",1,FALSE,FALSE,FALSE,TRUE,2,-0.0089223341086866,0.0178329775607564,-0.0188065937278359,0.004440267870002,-0.0121872274799566,0.0045479680015211,-0.0673436777075011,-0.0300775511131125,0.0028357576943428,0.0149410809032774,"AMR",0,"ASCProject_0201_SALIVA","ASCProject_0201","ASCProject_0201"
"ASCProject_0208_SALIVA","FMO3",1,TRUE,TRUE,FALSE,FALSE,3,0.0414432764672581,-0.0174828874018028,-0.0219064800296861,0.0020037404950024,-0.0022000677833138,0.0013006315851254,-0.0152777947869556,-0.0024385829929613,0.001408684685624,0.0545358218526995,"EUR",0,"ASCProject_0208_SALIVA","ASCProject_0208","ASCProject_0208"
"ASCProject_0212_SALIVA","DUOX2",1,FALSE,FALSE,FALSE,TRUE,2,0.0396331224478135,-0.0003175311006537,-0.004440155261687,-0.002308176141568,-0.0014182516432318,0.0022661150914082,-0.0025386458394012,-0.0244368166187801,0.0024445910744221,0.022928802520579,"EUR",1,"ASCProject_0212_SALIVA","ASCProject_0212","ASCProject_0212"
"ASCProject_0216_SALIVA","FLG",1,FALSE,FALSE,FALSE,TRUE,2,0.0425646106302771,-0.0010291995973762,-0.0027781419405014,0.002161360010967,-0.0083434450548593,0.0003334760669168,-0.0082650976995622,-0.0015739292011741,0.0004646916537229,0.0502681090395059,"EUR",0,"ASCProject_0216_SALIVA","ASCProject_0216","ASCProject_0216"
"ASCProject_0217_SALIVA","C6",1,FALSE,FALSE,FALSE,TRUE,2,0.0145074769212509,-0.0099240465222192,-0.132162433556665,-0.000187768843924,-0.0203823574041311,0.0034183725599957,-0.002644534988384,-0.0081802655012476,0.0049377827972105,0.0232679270071582,"EUR",0,"ASCProject_0217_SALIVA","ASCProject_0217","ASCProject_0217"
"ASCProject_0218_SALIVA","WFS1",1,FALSE,FALSE,FALSE,TRUE,2,0.0433151855839621,-0.0144440502720138,-0.0172296723620816,-1.3912976805459e-05,-0.0081905639010405,0.0042214945077406,-0.0267417331591309,-0.0060030896578343,-0.0038466276004766,0.184257291228003,"EUR",1,"ASCProject_0218_SALIVA","ASCProject_0218","ASCProject_0218"
"ASCProject_0219_SALIVA","ABCA4",1,FALSE,FALSE,FALSE,TRUE,2,0.0486598654946179,0.0009648998594981,-0.0042882879015985,-0.0009773395460173,-0.0009197010710057,0.0017662988586584,-0.0105354614948534,-0.0105128280248463,0.0016651473584028,0.0476529770159818,"EUR",0,"ASCProject_0219_SALIVA","ASCProject_0219","ASCProject_0219"
"ASCProject_0221_SALIVA","POT1",1,TRUE,TRUE,TRUE,TRUE,5,0.0426903062433729,-0.0118352859616361,0.0017354341929947,0.0011183640277782,-0.010106402338812,0.0015799401965745,-0.0151169645806049,-0.0120087562684686,0.0017913318949914,0.0270173243851917,"EUR",0,"ASCProject_0221_SALIVA","ASCProject_0221","ASCProject_0221"
"ASCProject_0222_SALIVA","CFTR",1,FALSE,FALSE,FALSE,TRUE,2,0.0371366227824308,-0.0067807805918888,0.0185614432468931,0.0024906458445216,-0.0090617623790222,-0.0004016513104277,-0.0034482277011691,-0.00937560095424,-0.0002518885429321,0.0346243585803115,"EUR",1,"ASCProject_0222_SALIVA","ASCProject_0222","ASCProject_0222"
"ASCProject_0223_SALIVA","FLG",1,FALSE,FALSE,FALSE,TRUE,2,0.0402492906314581,-0.0223384840178971,-0.0155009422850669,0.0013548464921027,0.012343355634462,0.0013586801246034,-0.00721021122084,-0.002723129266989,-0.0046095147781064,0.0760375408806948,"EUR",0,"ASCProject_0223_SALIVA","ASCProject_0223","ASCProject_0223"
"ASCProject_0225_SALIVA","ABCA4",1,FALSE,FALSE,FALSE,TRUE,2,0.0358524057102304,-0.0085853555999223,-0.0053107845121721,0.0001137138492941,-0.0024274336834446,0.0015167886765996,-0.0023353128685554,-0.0114864331534068,-0.000804556043048,0.0450661421600287,"EUR",1,"ASCProject_0225_SALIVA","ASCProject_0225","ASCProject_0225"
"ASCProject_0226_SALIVA","ATM",1,FALSE,FALSE,TRUE,TRUE,3,0.0261204339200763,0.0025652965962726,-0.0085286614677186,0.0009127743329437,-0.0090730439652026,0.0040682175304165,-0.0028230638223222,-0.0096346316323487,8.93359997499584e-05,0.0615095656410926,"EUR",0,"ASCProject_0226_SALIVA","ASCProject_0226","ASCProject_0226"
"ASCProject_0237_SALIVA","OCA2",1,FALSE,FALSE,FALSE,FALSE,1,0.0417745503563197,-0.0217117259651359,-0.017065558036525,0.0008881741268292,-0.0173100355893362,0.0018956418134266,0.0060458572676072,-0.0057814519873312,-0.0019687013064929,0.0511087897583308,"EUR",0,"ASCProject_0237_SALIVA","ASCProject_0237","ASCProject_0237"
"ASCProject_0241_SALIVA","PAH",1,FALSE,FALSE,FALSE,TRUE,2,-0.0038962351778104,-0.0238632306206237,-0.113974880433531,-0.0007425154259223,-0.005652685562485,-0.0018741854619999,0.0119117530534478,-0.0094655274279902,0.0041333279101005,-0.0082291458818149,"EUR",1,"ASCProject_0241_SALIVA","ASCProject_0241","ASCProject_0241"
"ASCProject_0243_SALIVA","ABCA4",1,FALSE,FALSE,FALSE,TRUE,2,0.0335457672869533,-0.0125166298804655,-0.0103237326194217,0.0014785413290398,-0.0003855154359752,0.0005106181096353,-0.0083316742993508,0.0024180339611061,-0.0006333655854334,0.0492678863950061,"EUR",0,"ASCProject_0243_SALIVA","ASCProject_0243","ASCProject_0243"
"ASCProject_0247_SALIVA","ATP6V0A4",1,FALSE,FALSE,FALSE,FALSE,1,0.025543840014211,-0.01865258759185,-0.102629655399008,0.0013849200827536,-0.002573807024632,-0.0004601755604555,-0.0039969919560249,-0.0078197699179844,0.0028740153506245,-0.004929145486875,"EUR",0,"ASCProject_0247_SALIVA","ASCProject_0247","ASCProject_0247"
"ASCProject_0252_SALIVA","FKRP",1,FALSE,FALSE,FALSE,TRUE,2,0.0364173223942868,-0.0126043653134354,0.0015896322885465,-0.0010761597023016,-0.011948469310387,0.0022234437611282,-0.014936383668215,-0.0126586999163034,-0.0034950976251646,0.0775982538308127,"EUR",0,"ASCProject_0252_SALIVA","ASCProject_0252","ASCProject_0252"
"ASCProject_0257_SALIVA","POT1",1,TRUE,TRUE,TRUE,TRUE,5,0.0313766294856267,-0.0059559945597439,-0.0148870334379756,0.0011009635293921,-0.0222354681058713,0.0014749757021526,0.0004073875089075,0.0040565405071047,0.000229032415325,0.0679354409857022,"EUR",0,"ASCProject_0257_SALIVA","ASCProject_0257","ASCProject_0257"
"ASCProject_0258_SALIVA","TTR",1,TRUE,TRUE,FALSE,FALSE,3,0.025427865371352,-0.0139687309893155,-0.027174366344625,-0.000111062669955,0.0075475319126199,-0.0007640529360345,-0.0089134703273025,-0.0021022589369878,0.004237250616864,0.0423271017411649,"EUR",0,"ASCProject_0258_SALIVA","ASCProject_0258","ASCProject_0258"
"ASCProject_0259_SALIVA","DNMT3A",1,FALSE,FALSE,TRUE,TRUE,3,0.025146728078635,-0.00870647755683,-0.0484625818740686,0.0025302161161987,-0.0237869261344143,0.0028689542589803,0.0034994989396045,-0.0158978419799139,0.0005452200007727,0.0328306413045241,"EUR",1,"ASCProject_0259_SALIVA","ASCProject_0259","ASCProject_0259"
"ASCProject_0261_SALIVA","MSH2",1,TRUE,TRUE,TRUE,FALSE,4,0.0469434778407936,-0.0087800408354156,-0.0077628605785727,-0.0028235845581996,-0.0051676537178789,0.0007289794123437,0.0119429609817086,-0.014525243811644,-0.0002174082895355,0.0537925468588287,"EUR",1,"ASCProject_0261_SALIVA","ASCProject_0261","ASCProject_0261"
"ASCProject_0264_BLOOD_BC","AARS2",1,FALSE,FALSE,FALSE,FALSE,1,0.033702255544738,-0.0129513157165784,-0.0204748254768603,0.0006532359073062,0.0012429145638166,0.0016856282743451,-0.0025532806156383,-0.002797102048177,-0.0054322117875659,0.0436352070466639,"EUR",1,"ASCProject_0264_BLOOD_BC","ASCProject_0264","ASCProject_0264"
"ASCProject_0266_SALIVA","CFTR",1,FALSE,FALSE,FALSE,TRUE,2,0.00085391620984,0.0212077376859256,-0.116014362637471,-0.002504085843024,0.0098724804070314,-0.0005032545694661,-0.0008572800949459,-0.0007827593436545,0.0017495466528626,-0.0026768498790073,"EUR",1,"ASCProject_0266_SALIVA","ASCProject_0266","ASCProject_0266"
"ASCProject_0267_SALIVA","MPZL2",1,FALSE,TRUE,FALSE,TRUE,3,0.0332111052488499,-0.0019469647363683,-0.0118517820790273,-0.0016386490785531,-0.0009607371072419,-0.0009064173401798,-0.0086072663110868,-0.0120553682846315,-0.002303486608988,0.0400076880200264,"EUR",0,"ASCProject_0267_SALIVA","ASCProject_0267","ASCProject_0267"
"ASCProject_0268_SALIVA","SBDS",1,FALSE,FALSE,TRUE,FALSE,2,0.0350203459566839,-0.0161632933609916,-0.0122334160665095,-6.98611270390639e-05,0.0005641085119598,-0.0002723848405754,-0.0166327654318523,0.0113087191200793,-0.0005724184972696,0.0727943376410128,"EUR",0,"ASCProject_0268_SALIVA","ASCProject_0268","ASCProject_0268"
"ASCProject_0270_BLOOD_BC","RECQL4",1,FALSE,FALSE,TRUE,FALSE,2,0.0441069849394434,0.0012388087694596,0.0007745205060145,0.0002007291609916,-0.0009248756379016,-0.0012279597836419,-0.002265810810649,-0.0055645292634274,-3.64791011540586e-05,0.0813719406676381,"EUR",0,"ASCProject_0270_BLOOD_BC","ASCProject_0270","ASCProject_0270"
"ASCProject_0275_SALIVA","CYP7B1",1,FALSE,FALSE,FALSE,FALSE,1,0.040039567009091,-0.0165329454918904,-0.0326332867346128,0.0014345526553981,-0.0195620959457802,0.0009650377605645,0.0033294493673108,-0.0107445813439704,-0.0012501331222354,0.0530251050671556,"EUR",0,"ASCProject_0275_SALIVA","ASCProject_0275","ASCProject_0275"
"ASCProject_0277_SALIVA","MITF",1,FALSE,FALSE,TRUE,TRUE,3,0.0421487069099996,0.0024991128196676,-0.0098063879589591,0.0004728824886158,-0.0028679012642013,0.0017643439427202,-0.0081915295778244,-0.0097766905883042,0.0001285913781529,0.0060198841472427,"EUR",1,"ASCProject_0277_SALIVA","ASCProject_0277","ASCProject_0277"
"ASCProject_0288_SALIVA","VPS13A",1,FALSE,FALSE,FALSE,TRUE,2,0.0125151645779669,-0.0114485618144441,-0.113420378272444,0.0020141849361363,0.0108555056017393,0.0037290159884095,0.004708401622399,-0.0171250618698945,0.001971481155741,0.0152753547128158,"EUR",0,"ASCProject_0288_SALIVA","ASCProject_0288","ASCProject_0288"
"ASCProject_0289_SALIVA","ALMS1",1,FALSE,FALSE,FALSE,TRUE,2,0.0070469072880223,-0.0160756807380508,-0.0030057151195015,-0.0001234460632591,-0.0010455025269935,0.000109889518932,0.0070205560489835,-0.0094212694014914,-0.0008494850777823,0.021947277688469,"EUR",0,"ASCProject_0289_SALIVA","ASCProject_0289","ASCProject_0289"
"ASCProject_0290_SALIVA","TP53",1,TRUE,TRUE,TRUE,TRUE,5,0.0356606240950007,-0.0038805285109939,-0.0041818730220205,0.0004794304988649,-0.0051747567310266,-0.0006619523947128,-0.0046016185984873,-0.0156505681496713,6.10219385740598e-05,0.0322570940829739,"EUR",0,"ASCProject_0290_SALIVA","ASCProject_0290","ASCProject_0290"
"ASCProject_0293_BLOOD_BC","KIAA0586",1,TRUE,TRUE,FALSE,TRUE,4,0.0279639817828424,-0.000402431467839,-0.0165038658158781,0.0032685073367552,0.0080919668832088,-0.0005142142380574,-0.0018029805652816,-0.0055066588456699,0.0014167027049438,0.033353721774386,"EUR",0,"ASCProject_0293_BLOOD_BC","ASCProject_0293","ASCProject_0293"
"ASCProject_0299_SALIVA","FLG",1,FALSE,FALSE,FALSE,TRUE,2,0.0282283258446576,-0.0176926075113513,-0.0065557351900829,0.0026989609758427,0.0101213219488226,0.0016245328919514,0.0063555926576069,0.0117520043302811,-0.0014406504464614,0.0622520089566685,"EUR",0,"ASCProject_0299_SALIVA","ASCProject_0299","ASCProject_0299"
"ASCProject_0303_SALIVA","CCDC39",1,TRUE,TRUE,FALSE,TRUE,4,0.0396938278738659,-0.0065182037299631,-0.0078930193008188,-0.000506353534036,0.0073303608699453,-0.0017528422879981,0.0074336258248757,-0.0067280820743285,-0.0007358362545219,0.0653891697569353,"EUR",1,"ASCProject_0303_SALIVA","ASCProject_0303","ASCProject_0303"
"ASCProject_0304_SALIVA","FKBP14",1,FALSE,FALSE,FALSE,FALSE,1,0.0436238902696633,-0.0095802184854205,-0.0162264604954391,-0.0018690637592437,-0.0211575436222279,0.0002197952911896,0.0024153677099886,-0.0112060113211445,-0.0019579240003376,0.0656128730682062,"EUR",1,"ASCProject_0304_SALIVA","ASCProject_0304","ASCProject_0304"
"ASCProject_0305_SALIVA","POT1",1,TRUE,TRUE,TRUE,TRUE,5,0.0381582470191509,-0.0046350854852745,-0.003433835633576,0.001892597817009,0.0020474182224591,0.0008608648948784,0.0044628732360384,-0.0042299974401242,-0.0023274766068465,0.0535832996421426,"EUR",1,"ASCProject_0305_SALIVA","ASCProject_0305","ASCProject_0305"
"ASCProject_0306_SALIVA","PAH",1,FALSE,FALSE,FALSE,TRUE,2,0.0187311367076779,0.0056237899415787,-0.0583724103335384,0.0010711283752398,0.0162374104919676,-0.0010470153630254,-0.0003353204827915,-0.0048932801319592,0.0025194733748142,0.0405008333538866,"EUR",0,"ASCProject_0306_SALIVA","ASCProject_0306","ASCProject_0306"
"ASCProject_0309_BLOOD_BC","KIAA0586",1,TRUE,TRUE,FALSE,TRUE,4,0.0342856431433305,-0.0037330329361684,-0.010906662627704,-0.0002337104059246,-0.0050568768200828,-0.0005477307127461,-0.0035017993989545,0.0036911891746555,-0.0010426565318041,0.0284794535221817,"EUR",0,"ASCProject_0309_BLOOD_BC","ASCProject_0309","ASCProject_0309"
"ASCProject_0310_SALIVA","FKRP",1,FALSE,FALSE,FALSE,TRUE,2,0.0495930918438279,-0.0177579869268148,-0.0272240943704505,-0.0011685996021525,-0.009679489151378,-0.0009227308002913,-0.0011686757742719,0.0024257703641666,-0.0010410081507255,0.0506698162675771,"EUR",0,"ASCProject_0310_SALIVA","ASCProject_0310","ASCProject_0310"
"ASCProject_0322_SALIVA","ALDOB",1,FALSE,FALSE,FALSE,FALSE,1,0.0567459985893571,-0.0180382717380682,-0.0305386806418571,-0.0007209404996746,-0.0074921765560257,0.0026179772872608,-0.0019008066037461,-0.0179127742418779,-0.0020898972574525,0.0644831229978543,"EUR",0,"ASCProject_0322_SALIVA","ASCProject_0322","ASCProject_0322"
"ASCProject_0325_SALIVA","THOC6",1,TRUE,TRUE,FALSE,FALSE,3,0.0449989716237492,0.0062890457059477,0.0064558825647627,0.0019856557856419,-0.007774050217401,0.0013804607613653,0.0035388552615241,-0.0069354082302088,-0.0020540584426387,0.0476094621907842,"EUR",0,"ASCProject_0325_SALIVA","ASCProject_0325","ASCProject_0325"
"ASCProject_0341_SALIVA","TTR",1,TRUE,TRUE,FALSE,FALSE,3,0.0430794992543585,-0.0144964523292785,-0.0228548532642069,0.0011707369113968,-0.0046218964554248,0.00218807375649,-0.0135839152599605,-0.0081759994347576,0.0021795770445389,0.0782650700953033,"EUR",0,"ASCProject_0341_SALIVA","ASCProject_0341","ASCProject_0341"
"ASCProject_0342_SALIVA","MPO",1,FALSE,FALSE,FALSE,TRUE,2,-0.079292891831486,0.137547399200016,-0.0065979540229589,0.0002708809112688,-0.0178209685824648,-0.0017372759633498,0.0094527591351186,-0.0002247469582694,-0.000697797929797,0.0290322752895113,"EUR",0,"ASCProject_0342_SALIVA","ASCProject_0342","ASCProject_0342"
"ASCProject_0343_BLOOD_BC","POT1",1,TRUE,TRUE,TRUE,TRUE,5,0.0361629897871911,-0.0074166929083501,-0.0213339208232457,-0.0012614509806297,-0.0190614333153114,0.0023934414167176,-0.0030221277290902,-0.0032247790460703,0.0006553930213742,0.0358730072239728,"EUR",0,"ASCProject_0343_BLOOD_BC","ASCProject_0343","ASCProject_0343"
"ASCProject_0345_SALIVA","CYP21A2",1,FALSE,FALSE,FALSE,FALSE,1,0.0221785648511254,-0.0235383237953635,-0.115650042459317,0.0030955724359496,-0.007610982750552,0.001933903577034,-0.0032797188803441,0.0035918155977948,0.000202990723572,0.0250474486751903,"EUR",0,"ASCProject_0345_SALIVA","ASCProject_0345","ASCProject_0345"
"ASCProject_0351_BLOOD_BC","ABCC6",1,FALSE,FALSE,FALSE,TRUE,2,0.0385874993753828,-0.0132061958597423,-0.012816959358119,0.0011765820212174,0.0018898516880797,0.0009710388941122,-0.0037804714456747,-0.0142619197095831,4.14432166957189e-05,0.0226677972497899,"EUR",1,"ASCProject_0351_BLOOD_BC","ASCProject_0351","ASCProject_0351"
"ASCProject_0353_BLOOD_BC","ASS1",1,FALSE,FALSE,FALSE,FALSE,1,0.0375617464824416,-0.0271205528333691,0.0077895493428041,0.0031790296911583,-0.0140633570595375,-0.0009036874098029,0.0047527720459242,-0.0109936002840945,0.0016260223424311,0.0227076022691239,"EUR",0,"ASCProject_0353_BLOOD_BC","ASCProject_0353","ASCProject_0353"
"ASCProject_0355_SALIVA","CYP21A2",1,FALSE,FALSE,FALSE,FALSE,1,0.0269135393117182,-0.0053945000788241,-0.0574906212050129,-0.0001618125918,-0.0036005815353157,0.0006421681894143,-0.0064593243330889,-0.0074539852927121,0.0033683582963544,0.0483704168661593,"EUR",1,"ASCProject_0355_SALIVA","ASCProject_0355","ASCProject_0355"
"ASCProject_0356_SALIVA","BRCA2",1,TRUE,TRUE,TRUE,FALSE,4,0.0371441092374923,-0.0044220996839203,0.0076224390866188,0.0005275755641877,0.0117765479603966,0.0039299414760934,-0.014493940929202,-0.0087568098038928,-0.0015144748420494,0.0557216873870993,"EUR",0,"ASCProject_0356_SALIVA","ASCProject_0356","ASCProject_0356"
"ASCProject_0361_SALIVA","ADGRV1",1,FALSE,TRUE,FALSE,FALSE,2,0.0481120314153744,-0.0114829442923997,-0.0185760754638326,-0.0018309377192625,-0.0279831679062119,0.0037085410042236,-0.0006178359722775,-0.0083788300745507,-0.0012824195837923,0.0887084309734138,"EUR",0,"ASCProject_0361_SALIVA","ASCProject_0361","ASCProject_0361"
"ASCProject_0367_SALIVA","CRTAP",1,FALSE,FALSE,FALSE,FALSE,1,0.0355229835585865,-0.0122009871337294,-0.0031136493180137,0.0005171685455139,0.0047979526057344,0.0015398472175646,-0.005924339177779,-0.0108641169249871,-0.0014379347799201,0.0555742439975855,"EUR",1,"ASCProject_0367_SALIVA","ASCProject_0367","ASCProject_0367"
"ASCProject_0369_BLOOD_BC","FLG",1,FALSE,FALSE,FALSE,TRUE,2,0.041869755714917,-0.0104462636188039,0.0055791782642156,-0.000966505315432,-0.004582952449488,-0.0011235663813098,0.0111216276027059,-0.0107677793292116,-0.0003516178423719,0.0541255599371959,"EUR",0,"ASCProject_0369_BLOOD_BC","ASCProject_0369","ASCProject_0369"
"ASCProject_0371_SALIVA","SMPD1",1,FALSE,FALSE,FALSE,FALSE,1,-0.0246341411112826,0.0584881207607651,-0.022553946425462,0.002645354464161,0.0191560575814903,0.0071522606467731,-0.162765040364765,-0.026238261882783,0.005995757459657,0.0260008224771582,"AMR",1,"ASCProject_0371_SALIVA","ASCProject_0371","ASCProject_0371"
"ASCProject_0372_SALIVA","HMGCL",1,FALSE,FALSE,FALSE,TRUE,2,0.0361319695236518,-0.0053607289845407,-0.0106402952318531,-0.0010892603344451,-0.0100823988596788,-0.0016965616711049,0.0118016385916939,-0.0033419819764512,0.0014169447847373,0.0384190730015516,"EUR",0,"ASCProject_0372_SALIVA","ASCProject_0372","ASCProject_0372"
"ASCProject_0373_BLOOD_BC","GJB2",1,FALSE,FALSE,FALSE,FALSE,1,0.0429989807303139,-0.0027834808678743,0.0075749805658387,0.0005830670837527,0.0035999163180151,-0.0005192588928367,-0.0054430813759144,-0.0046170651321802,-0.0013455582507131,0.0340066102181295,"EUR",1,"ASCProject_0373_BLOOD_BC","ASCProject_0373","ASCProject_0373"
"ASCProject_0375_SALIVA","LAMA3",1,FALSE,FALSE,FALSE,TRUE,2,0.0396855943401017,-0.0204452608062412,0.004627979841373,0.0006731612579938,0.0049294749075115,-0.0001035610972527,-0.0114892252250811,-0.016514498597039,0.0024239103151498,0.0270731288397156,"EUR",1,"ASCProject_0375_SALIVA","ASCProject_0375","ASCProject_0375"
"ASCProject_0382_SALIVA","DBH",1,FALSE,FALSE,FALSE,TRUE,2,0.0285706228294576,0.0119329522030413,-0.0238481424132925,-0.001101629506103,0.0039565805446269,0.00153804077075,-0.0237456711207888,-0.016006464292908,0.003368114910756,0.0451201522716336,"EUR",0,"ASCProject_0382_SALIVA","ASCProject_0382","ASCProject_0382"
"ASCProject_0385_BLOOD_BC","ADGRV1",1,FALSE,TRUE,FALSE,FALSE,2,0.0447325118632453,-0.0152308210698917,-0.0200516563975927,-0.0005601523215532,-0.0124399016649469,0.0011942529630373,-0.002503735828115,-0.0141824103249893,-0.0002557208975996,0.0658142990576328,"EUR",0,"ASCProject_0385_BLOOD_BC","ASCProject_0385","ASCProject_0385"
"ASCProject_0388_SALIVA","EXOSC3",1,FALSE,FALSE,FALSE,FALSE,1,0.0467652543815443,-0.0105558943513148,-0.017622814131029,0.0011105905868313,-0.0049955040520407,-0.0002807897750047,0.0020681102390339,-0.0121388696072121,0.0002569520394885,0.0545188835497057,"EUR",0,"ASCProject_0388_SALIVA","ASCProject_0388","ASCProject_0388"
"ASCProject_0389_BLOOD_BC","CEP290",1,TRUE,TRUE,FALSE,TRUE,4,0.0544359161409466,-0.003274205807926,-0.0177094971332747,0.000854915129089,-0.0058244313589933,0.0017583863484581,-0.01206219105541,-0.0034850435467218,-0.0005501879105087,0.0678853085312936,"EUR",0,"ASCProject_0389_BLOOD_BC","ASCProject_0389","ASCProject_0389"
"ASCProject_0393_SALIVA","FLG",1,FALSE,FALSE,FALSE,TRUE,2,-0.003876620730972,-0.0228345075464782,-0.114975446355949,0.0017813773947835,0.0026676147878215,0.0005390137285776,0.0127208833287734,-0.0109259767053275,0.0050164638013792,-0.0080230660947346,"EUR",0,"ASCProject_0393_SALIVA","ASCProject_0393","ASCProject_0393"
"ASCProject_0394_SALIVA","CYP21A2",1,FALSE,FALSE,FALSE,FALSE,1,0.0034444821829673,-0.0056975177470412,-0.111782708848393,-0.0017199497930366,-0.0241925964559631,0.0004899902420397,-0.0141410323455334,-0.0147016022660617,0.0056067991813117,0.0137011409296017,"EUR",1,"ASCProject_0394_SALIVA","ASCProject_0394","ASCProject_0394"
"ASCProject_0401_SALIVA","ARSA",1,FALSE,FALSE,FALSE,FALSE,1,0.0395754909201947,-0.0157093977191053,-0.0008148820523251,0.0021792280419697,-0.0078861635326298,0.0021765762985429,0.0037916922721761,-0.0113292999082561,0.0023956816412415,0.0427728837628195,"EUR",1,"ASCProject_0401_SALIVA","ASCProject_0401","ASCProject_0401"
"ASCProject_0412_SALIVA","MPZL2",1,FALSE,TRUE,FALSE,TRUE,3,0.0396642775781665,-0.0177466043393488,-0.0027604086556844,0.0011889654773219,0.0151537900492955,0.0021423730242941,-0.020504592395835,0.00210548594202,0.0011384461887162,0.0701360682813658,"EUR",1,"ASCProject_0412_SALIVA","ASCProject_0412","ASCProject_0412"
"ASCProject_0413_BLOOD_BC","SELENON",1,TRUE,TRUE,FALSE,FALSE,3,0.0370989723487336,-0.0049818871931379,-0.0113718192861502,0.0006232146164227,-0.0100465081473305,0.0002493105260947,-0.017048640306509,0.0041297561147362,-0.003427602751233,0.0544848389155214,"EUR",0,"ASCProject_0413_BLOOD_BC","ASCProject_0413","ASCProject_0413"
"ASCProject_0414_SALIVA","CFTR",1,FALSE,FALSE,FALSE,TRUE,2,0.0391145869235866,-0.0155772983295483,-0.0201010419938741,-0.001818106164366,-0.0108197004276003,0.0015978796136176,-0.0091811369840763,0.0068353898735737,0.0002494798848214,0.0599347347626037,"EUR",0,"ASCProject_0414_SALIVA","ASCProject_0414","ASCProject_0414"
"ASCProject_0415_SALIVA","KIAA0586",1,TRUE,TRUE,FALSE,TRUE,4,0.039035420689273,-0.0112892705663329,0.0014552423913792,5.97153454086047e-05,0.0033217154840645,-6.51786111736675e-05,0.0040943393325871,-0.0134446684838823,0.0023666918560177,0.0585986217058712,"EUR",1,"ASCProject_0415_SALIVA","ASCProject_0415","ASCProject_0415"
"ASCProject_0417_SALIVA","UNC13D",1,FALSE,FALSE,FALSE,TRUE,2,-0.0089266014447619,0.0486933504680688,-0.0027956549325836,0.00076499615323,0.0080064299458119,0.0046627714386487,-0.123530210180237,-0.0362429729114456,0.0021012673237025,0.0443644711598809,"AMR",1,"ASCProject_0417_SALIVA","ASCProject_0417","ASCProject_0417"
"ASCProject_0418_SALIVA","XPC",1,FALSE,FALSE,TRUE,FALSE,2,0.0485763196211292,-0.0206413444246603,-0.0204932272649899,0.0022419072163829,0.0022870494997867,0.0021365570444835,-0.0132137338945178,-0.0125240575933254,-0.0011014302878013,0.059820990127554,"EUR",0,"ASCProject_0418_SALIVA","ASCProject_0418","ASCProject_0418"
"ASCProject_0420_SALIVA","MPZL2",1,FALSE,TRUE,FALSE,TRUE,3,0.0356869379976681,-0.0162984347574291,-0.0296881295769846,-0.0003837842905834,-0.003844251911264,0.0003890231535849,-0.0036899012717636,0.003441743862259,0.0020756594877119,0.0664181996146907,"EUR",0,"ASCProject_0420_SALIVA","ASCProject_0420","ASCProject_0420"
"ASCProject_0422_BLOOD_BC","GJB2",1,FALSE,FALSE,FALSE,FALSE,1,0.0447935372171172,-0.0052648470228909,-0.0444729214639189,0.0013473588232619,0.001811683275346,6.09693153869124e-05,-0.0081819841399811,0.0049551736825595,0.0007236733043884,0.0582032715408366,"EUR",0,"ASCProject_0422_BLOOD_BC","ASCProject_0422","ASCProject_0422"
"ASCProject_0427_SALIVA","GJB2",1,FALSE,FALSE,FALSE,FALSE,1,0.0411884180509983,-0.0167169903333121,-0.0232680984640006,-0.0013114472961835,-0.0156959913093776,0.0012336824314732,0.0005234890792157,-0.0188345000866478,0.0038784325887157,0.052204104020924,"EUR",0,"ASCProject_0427_SALIVA","ASCProject_0427","ASCProject_0427"
"ASCProject_0435_SALIVA","BRCA1",1,TRUE,TRUE,TRUE,FALSE,4,-0.0018360882438667,-0.0199242492560802,-0.112283856182199,-4.69748205375298e-05,-0.0039671307639453,-0.0002519845248379,-0.0144491199453869,-0.0179499788880086,0.0027174320519698,0.0115779131255869,"EUR",0,"ASCProject_0435_SALIVA","ASCProject_0435","ASCProject_0435"
"ASCProject_P68AP7_SALIVA","TRAPPC11",1,TRUE,TRUE,FALSE,TRUE,4,0.0918231987961006,-0.0361522075048514,-0.0818675868667614,-0.00016051051877,0.0475079790723599,-0.0012555707102237,0.005378210767703,-0.0401302646048822,0.0009751400593352,0.0237486207408832,"EUR",0,"ASCProject_P68AP7_SALIVA","ASCProject_P68AP7","ASCProject_P68AP7"
"ASCProject_P6YLY9_SALIVA","BRCA2",1,TRUE,TRUE,TRUE,FALSE,4,0.0353256256323585,-0.0002684393879454,-0.0226345833388798,-0.0003138720935897,-0.0075354902370637,0.0016206511985134,-0.0107202794452917,0.003349280436605,-0.0014185794190717,0.0364327264729278,"EUR",0,"ASCProject_P6YLY9_SALIVA","ASCProject_P6YLY9","ASCProject_P6YLY9"
"ASCProject_P739VX_SALIVA","SDHA",1,FALSE,FALSE,TRUE,FALSE,2,0.0446717573117114,-0.0081609388277111,-0.013015564720217,0.0002639882936184,-0.0044261976680016,0.0012948722887862,-0.0134557848832471,-0.0057361837179354,0.0033325927737811,0.0693938474122285,"EUR",0,"ASCProject_P739VX_SALIVA","ASCProject_P739VX","ASCProject_P739VX"
"ASCProject_P8B8WN_SALIVA","MSH2",1,TRUE,TRUE,TRUE,FALSE,4,0.0383503969720161,-0.0014594969542414,-0.004598865284839,0.0001913424697252,-0.0044210703879904,0.0003801695715078,0.0122142707820474,-0.0144953564896347,0.0030817200477381,0.0536543517690679,"EUR",0,"ASCProject_P8B8WN_SALIVA","ASCProject_P8B8WN","ASCProject_P8B8WN"
"ASCProject_PAMWDK_BLOOD_BC","CYP21A2",1,FALSE,FALSE,FALSE,FALSE,1,0.035780617497657,-0.0100950260977733,-0.0163885560845034,-0.0016493034838811,0.0021601864121424,0.0013523141043816,-0.0238200243816038,-0.0033935561207185,0.0024929519366712,0.06853683928106,"EUR",0,"ASCProject_PAMWDK_BLOOD_BC","ASCProject_PAMWDK","ASCProject_PAMWDK"
"ASCProject_PBHQJN_SALIVA","FLG",1,FALSE,FALSE,FALSE,TRUE,2,0.0377044076582395,-0.0174024449393498,-0.0509579969152059,0.0005630092871115,-0.0061476054262928,-0.0025226947537075,0.0065177122861255,-0.0030454659736242,-0.0015271980995748,0.0436949470965184,"EUR",0,"ASCProject_PBHQJN_SALIVA","ASCProject_PBHQJN","ASCProject_PBHQJN"
"ASCProject_PBPCT2_SALIVA","CCDC39",1,TRUE,TRUE,FALSE,TRUE,4,0.024274345645844,-0.0156476636497146,-0.0149103045165715,0.0011556414923954,-0.0075674180430558,-0.0003468666857826,-0.0143865784968818,-0.0131611658887264,-0.000938844802404,0.0619473879101704,"EUR",1,"ASCProject_PBPCT2_SALIVA","ASCProject_PBPCT2","ASCProject_PBPCT2"
"ASCProject_PJT8MW_SALIVA","ACADS",1,FALSE,FALSE,FALSE,TRUE,2,0.0332698202436724,-0.0147952921888681,-0.0112309527857607,0.0020623846052667,-0.0030317959005196,0.0007498743306487,-0.0037287379466742,-0.0075539991560494,-0.0002776516211319,0.0420029606668761,"EUR",0,"ASCProject_PJT8MW_SALIVA","ASCProject_PJT8MW","ASCProject_PJT8MW"
"ASCProject_PN38F9_SALIVA","SELENON",1,TRUE,TRUE,FALSE,FALSE,3,0.0420632386401883,0.0068919670010897,-0.0124480636652044,-0.002125107086789,-0.0025492886586687,0.0008564535940069,-0.0199979761935506,-0.0100342202209956,-0.0007855612103932,0.0640353537715743,"EUR",0,"ASCProject_PN38F9_SALIVA","ASCProject_PN38F9","ASCProject_PN38F9"
"ASCProject_PTLPDP_SALIVA","PIGG",1,TRUE,TRUE,FALSE,FALSE,3,0.0428584939031867,-0.0156801216165134,0.0042376539994008,0.0021259879930326,-0.0116749265582031,9.8509239256955e-05,-0.0091221614777151,-0.0073455147158032,-0.0007603668387654,0.0615598019260886,"EUR",1,"ASCProject_PTLPDP_SALIVA","ASCProject_PTLPDP","ASCProject_PTLPDP"
"ASCProject_PZCXCF_SALIVA","POT1",1,TRUE,TRUE,TRUE,TRUE,5,0.0373144194771446,-0.0066562126439665,-0.0071045492464843,0.0008803361558385,-0.0149372696289647,0.0001669127633466,0.0054821883641398,-0.0017826293373035,-0.0019814803976405,0.0521673696419432,"EUR",1,"ASCProject_PZCXCF_SALIVA","ASCProject_PZCXCF","ASCProject_PZCXCF"
