"term"	"estimate"	"std.error"	"statistic"	"p.value"	"ci_95_lower"	"ci_95_upper"	"carrier_in_case"	"carrier_in_control"	"noncarrier_in_case"	"noncarrier_in_control"	"adjusted_pval"	"neg_log_pval"	"neg_log_adjusted_pval"	"gene"
"Germline_ABCA4_Patho"	0.323436349260455	0.478105213336419	0.676496177490683	0.498725672155031	-0.613632649699765	1.26050534822068	5	350	224	21289	0.72616893670942	0.695699089601754	0.319972596034629	"ABCA4"
"Germline_ABCC6_Patho"	0.437189801517524	0.729521119163096	0.599283269576988	0.548984002602126	-0.992645318003498	1.86702492103855	2	158	227	21481	0.72616893670942	0.5996859770554	0.319972596034629	"ABCC6"
"Germline_ADGRV1_Patho"	1.82819171342913	0.865686428856953	2.11184056084033	0.0347001270053906	0.131477490964408	3.52490593589385	2	13	227	21626	0.106259631839813	3.36101193193831	2.24186982267631	"ADGRV1"
"Germline_ANO5_Patho"	0.125761009004219	0.725693253088507	0.173297751452129	0.862417391034509	-1.29657163087296	1.5480936488814	2	174	227	21465	0.926300160740769	0.14801591317439	0.0765569491922453	"ANO5"
"Germline_ARSA_Patho"	0.996507217469573	0.559052810843483	1.7824920976	0.0746690187614255	-0.0992161572395363	2.09223059217868	4	135	225	21504	0.206228718483937	2.59469001502227	1.57876944219927	"ARSA"
"Germline_ASL_Patho"	0.110818911198131	0.748819397072673	0.147991507206345	0.8823494707066	-1.35684013798931	1.57847796038557	2	142	227	21497	0.930477623654232	0.125167076160928	0.0720572508469798	"ASL"
"Germline_ASS1_Patho"	1.36625206071581	0.831336299189801	1.64344088192387	0.100291747473322	-0.263137144737015	2.99564126616863	2	26	227	21613	0.236870750918223	2.29967186583079	1.44024064138244	"ASS1"
"Germline_BEST1_Patho"	2.87740440283386	0.798201888764122	3.6048579229611	0.000312323742690157	1.31295744846434	4.44185135720338	2	15	227	21624	0.00876293794567296	8.07147027130034	4.73722404833565	"BEST1"
"Germline_BRCA1_Patho"	2.02406163924177	0.643889072815086	3.14349431400126	0.00166943659053019	0.762062246485312	3.28606103199823	3	47	226	21592	0.0143577975823032	6.39526908041586	4.24346209883061	"BRCA1"
"Germline_BRCA2_Patho"	1.42948997670306	0.602286585464896	2.37343817910149	0.0176233429524399	0.249029960820256	2.60994999258586	3	116	226	21523	0.0722078956650174	4.03853095158651	2.62820588082129	"BRCA2"
"Germline_CCDC39_Patho"	2.80524428655042	0.895604968394036	3.13223394861317	0.00173481578499742	1.04989080412298	4.56059776897787	2	9	227	21630	0.0143577975823032	6.35685404701436	4.24346209883061	"CCDC39"
"Germline_CEP290_Patho"	1.76760498213602	0.639126850094446	2.7656559599629	0.00568084331935588	0.514939374398373	3.02027058987366	3	44	226	21595	0.0366098791691824	5.17065558555233	3.30743715234213	"CEP290"
"Germline_CFTR_Patho"	-0.426759186673112	0.426764407420837	-0.999987766674928	0.317316428112188	-1.26320205510153	0.409683681755307	6	748	223	20891	0.511232023069636	1.14785580703364	0.670931734943326	"CFTR"
"Germline_CHEK2_Patho"	0.678775528342204	0.469876004399566	1.44458436265453	0.148574667707106	-0.24216451748053	1.59971557416494	5	367	224	21272	0.307761811679005	1.90666763426494	1.17842913389372	"CHEK2"
"Germline_CNGA1_Patho"	1.19822900297654	0.732969565200014	1.63475955874043	0.102099461602682	-0.23836494657947	2.63482295253255	2	75	227	21564	0.236870750918223	2.28180782706066	1.44024064138244	"CNGA1"
"Germline_CNGA3_Patho"	1.05141032983066	0.769418166819799	1.36650052620464	0.171781915825219	-0.456621566186973	2.5594422258483	2	60	227	21579	0.33615423065232	1.76152953792234	1.09018520453772	"CNGA3"
"Germline_CYP21A2_Patho"	0.448877875136785	0.358882165919331	1.25076673561339	0.211019594421702	-0.254518244758831	1.1522739950324	10	101	219	21538	0.382473014889334	1.55580428525989	0.961097177513196	"CYP21A2"
"Germline_DHCR7_Patho"	-0.219928845975348	0.604267973664681	-0.363959129989223	0.715888528844916	-1.40427231136912	0.964414619418424	3	241	226	21398	0.830430693460102	0.334230810112598	0.185810804994325	"DHCR7"
"Germline_DUOX2_Patho"	0.336416168278391	0.738236394127721	0.455702497132901	0.648603926072409	-1.11050057628866	1.78333291284544	2	173	227	21466	0.785521105419634	0.432933031978289	0.241407952876402	"DUOX2"
"Germline_ERCC3_Patho"	0.933670667265681	0.790353938160337	1.18133234008922	0.237470724785666	-0.615394586567977	2.48273592109934	2	57	227	21582	0.417372789017231	1.43771092716543	0.873775478085494	"ERCC3"
"Germline_ERCC4_Patho"	0.759687492314106	0.791329476823626	0.960014146526515	0.337048095195334	-0.791289782165123	2.31066476679334	2	52	227	21587	0.528345662738632	1.08752964309954	0.638004545197341	"ERCC4"
"Germline_EXOSC3_Patho"	1.21763054507098	0.832154737311899	1.46322611706121	0.14340551660998	-0.413362769624731	2.84862385976669	2	20	227	21619	0.307761811679005	1.94207888147303	1.17842913389372	"EXOSC3"
"Germline_FGD1_Patho"	17.1059712626889	295.994388006917	0.0577915391500232	0.953914677696643	-563.032368856843	597.24431138222	3	0	226	21639	0.98766154310288	0.0471810479102064	0.0124152076336268	"FGD1"
"Germline_FKRP_Patho"	1.08092091505591	0.799394413371153	1.35217471748085	0.176319429567847	-0.485863344594074	2.64770517470589	2	22	227	21617	0.33615423065232	1.7354579882324	1.09018520453772	"FKRP"
"Germline_FLG_Patho"	0.49749491763923	0.288746039363179	1.72294975451937	0.0848976117027856	-0.0684369201911851	1.06342675546964	14	801	215	20838	0.223820976307344	2.46630931676975	1.49690875958165	"FLG"
"Germline_FMO3_Patho"	1.59825049115986	0.611459815874265	2.61382751518132	0.00895342244727937	0.399811274052807	2.79668970826691	3	62	226	21577	0.0472089547220185	4.71571942344616	3.05317168569811	"FMO3"
"Germline_GAA_Patho"	0.463975379445228	0.777918537274494	0.596431833429252	0.550886779572664	-1.06071693651886	1.98866769540931	2	102	227	21537	0.72616893670942	0.596225972662787	0.319972596034629	"GAA"
"Germline_GBA_Patho"	0.711359433692725	0.530162591058102	1.34177598663268	0.179668640521068	-0.327740150731593	1.75045901811704	4	193	225	21446	0.33615423065232	1.71664101059899	1.09018520453772	"GBA"
"Germline_GJB2_Patho"	0.0110367228019018	0.29979264974649	0.0368145210072184	0.970632895808002	-0.576546073531049	0.598619519134853	13	1037	216	20602	0.98766154310288	0.029806950345496	0.0124152076336268	"GJB2"
"Germline_GNRHR_Patho"	-0.301651224481981	0.728063940946172	-0.414319687485091	0.678639997471079	-1.72863032717877	1.12532787821481	2	270	227	21369	0.80328816027189	0.387664487209112	0.219041774773319	"GNRHR"
"Germline_KIAA0586_Patho"	1.1636385228126	0.494751312876697	2.35196651838417	0.0186744557754355	0.193943768270369	2.13333327735484	5	176	224	21463	0.0722078956650174	3.9805986902655	2.62820588082129	"KIAA0586"
"Germline_MCPH1_Patho"	3.80368918810048	1.08613096860479	3.50205389409582	0.000461686218972327	1.67491160714148	5.93246676905948	2	3	227	21636	0.00876293794567296	7.68062507734314	4.73722404833565	"MCPH1"
"Germline_MEFV_Patho"	1.50760303210196	0.599061868946599	2.51660656478263	0.0118491061550766	0.333463344455378	2.68174271974855	4	52	225	21587	0.0572706797495371	4.43550284419732	2.8599664834389	"MEFV"
"Germline_MPO_Patho"	-0.378490329247829	0.594696967651058	-0.636442339268678	0.524488152152191	-1.54407496755908	0.787094309063427	3	411	226	21228	0.72616893670942	0.64533244024326	0.319972596034629	"MPO"
"Germline_MPZL2_Patho"	1.35642154343493	0.642679847347651	2.11057114834533	0.0348091897406283	0.0967921890438384	2.61605089782603	3	50	226	21589	0.106259631839813	3.35787385405629	2.24186982267631	"MPZL2"
"Germline_MSH2_Patho"	2.018073452772	0.743284899674262	2.7150739287942	0.00662609770283434	0.56126181915798	3.47488508638602	2	49	227	21590	0.0384313666764392	5.01673922984122	3.25888131228885	"MSH2"
"Germline_MUTYH_Patho"	-0.376055373691411	0.601195624385149	-0.625512492836267	0.531634751684771	-1.55437714514937	0.802266397766551	3	379	226	21260	0.72616893670942	0.631798582412179	0.319972596034629	"MUTYH"
"Germline_PAH_Patho"	0.634831467185306	0.329590871857692	1.92611968774247	0.0540894308656858	-0.0111547712889259	1.28081770565954	11	482	218	21157	0.156859349510489	2.91711647514185	1.85240573814942	"PAH"
"Germline_PEX7_Patho"	1.32113437373713	0.876847201199899	1.50668710800383	0.131890877612815	-0.397454560559419	3.03972330803368	2	21	227	21618	0.294218111597817	2.02578038303945	1.22343391051451	"PEX7"
"Germline_PIGG_Patho"	1.63443235421142	0.734336485058567	2.22572674443797	0.0260324902260374	0.195159290962899	3.07370541745995	2	59	227	21580	0.0888167313594217	3.64840989701262	2.42118023052241	"PIGG"
"Germline_PKHD1_Patho"	0.342523706088837	0.755052696134012	0.453642120401149	0.650086432071422	-1.13735238476369	1.82239979694137	2	121	227	21518	0.785521105419634	0.430649952514931	0.241407952876402	"PKHD1"
"Germline_PKLR_Patho"	-0.00693875471049386	0.732819761456823	-0.00946856932010108	0.992445287611553	-1.4432390943251	1.42936158490411	2	154	227	21485	0.992445287611553	0.00758339377246403	0.00758339377246403	"PKLR"
"Germline_PMM2_Patho"	-0.130629225716432	0.613654009208316	-0.212871135454584	0.831427476950321	-1.33336898273334	1.07211053130048	3	190	226	21449	0.909864031379596	0.184611203695609	0.0944601067013113	"PMM2"
"Germline_POLG_Patho"	0.498408605790445	0.73479394296336	0.678297107050728	0.497583332574977	-0.941761058475919	1.93857827005681	2	100	227	21539	0.72616893670942	0.697992233747223	0.319972596034629	"POLG"
"Germline_POT1_Patho"	4.53016078367684	0.549965899478266	8.23716668246967	1.76336736320859e-16	3.45224742797426	5.60807413937941	8	8	221	21631	1.02275307066098e-14	36.2741362322828	32.2136932217364	"POT1"
"Germline_SELENON_Patho"	1.85957117393635	0.770233736623066	2.41429462969158	0.0157657079863079	0.34994079047743	3.36920155739527	2	32	227	21607	0.070339312554297	4.14991807825209	2.65442442516721	"SELENON"
"Germline_SERPINA1_Patho"	0.398056502733848	0.766229876839464	0.519500106646515	0.60341203854978	-1.10372645975006	1.89983946521776	2	95	227	21544	0.760823874693201	0.505155001263325	0.273353387206001	"SERPINA1"
"Germline_SLC22A5_Patho"	0.833174987940133	0.746563670076554	1.11601330380127	0.264416439979653	-0.630062917575956	2.29641289345622	2	77	227	21562	0.451063338788821	1.33022999449716	0.796147508566903	"SLC22A5"
"Germline_SLC26A4_Patho"	-0.172641723244093	0.738435693892692	-0.23379384917596	0.815145024910038	-1.61994908817261	1.27466564168443	2	165	227	21474	0.909200220091965	0.204389236896657	0.0951899449316649	"SLC26A4"
"Germline_SLC3A1_Patho"	0.637178302728982	0.594399876332533	1.07196910379658	0.283733909607697	-0.527824047297845	1.80218065275581	3	236	226	21403	0.470187621635613	1.25971841802276	0.754623468965757	"SLC3A1"
"Germline_THOC6_Patho"	2.94626115563857	0.859053706764564	3.42965885885646	0.000604340547977445	1.26254682959439	4.62997548168275	2	12	227	21627	0.00876293794567296	7.41137269776218	4.73722404833565	"THOC6"
"Germline_TMPRSS3_Patho"	0.406886873544216	0.653422371962987	0.622701166967793	0.533480915716626	-0.873797442195974	1.68757118928441	3	132	226	21507	0.72616893670942	0.62833198073278	0.319972596034629	"TMPRSS3"
"Germline_TP53_Patho"	2.76994464497439	0.895506966473847	3.09315812012199	0.00198038587342113	1.01478324278093	4.52510604716785	2	10	227	21629	0.0143577975823032	6.22446356769719	4.24346209883061	"TP53"
"Germline_TRAPPC11_Patho"	4.67971067633939	1.45026814282568	3.22678995569849	0.00125187320719092	1.83723734847528	7.52218400420351	2	1	227	21638	0.0143577975823032	6.68311428364433	4.24346209883061	"TRAPPC11"
"Germline_TTR_Patho"	1.81268946559461	0.789033385835004	2.297354583642	0.0215985503617577	0.266212446758307	3.35916648443092	2	53	227	21586	0.0782947450613715	3.83512907942578	2.54727479111914	"TTR"
"Germline_USH2A_Patho"	0.34150174950856	0.602320940966504	0.566976384650641	0.570730226141741	-0.839025601920062	1.52202910093718	3	197	226	21442	0.735607847027133	0.560838639565755	0.307058118789655	"USH2A"
"Germline_VWF_Patho"	0.201212500697219	0.604462039428042	0.332878638479286	0.739225894783954	-0.983511326603374	1.38593632799781	3	243	226	21396	0.840688272499399	0.302151728445778	0.173534350623685	"VWF"
"Germline_WFS1_Patho"	1.47668408929313	0.882817781118268	1.67269409483643	0.0943875323385191	-0.253606966610243	3.2069751451965	2	27	227	21612	0.236870750918223	2.36034628723823	1.44024064138244	"WFS1"
