Tumor_Sample_Barcode	A[C>A]A	A[C>A]C	A[C>A]G	A[C>A]T	C[C>A]A	C[C>A]C	C[C>A]G	C[C>A]T	G[C>A]A	G[C>A]C	G[C>A]G	G[C>A]T	T[C>A]A	T[C>A]C	T[C>A]G	T[C>A]T	A[C>G]A	A[C>G]C	A[C>G]G	A[C>G]T	C[C>G]A	C[C>G]C	C[C>G]G	C[C>G]T	G[C>G]A	G[C>G]C	G[C>G]G	G[C>G]T	T[C>G]A	T[C>G]C	T[C>G]G	T[C>G]T	A[C>T]A	A[C>T]C	A[C>T]G	A[C>T]T	C[C>T]A	C[C>T]C	C[C>T]G	C[C>T]T	G[C>T]A	G[C>T]C	G[C>T]G	G[C>T]T	T[C>T]A	T[C>T]C	T[C>T]G	T[C>T]T	A[T>A]A	A[T>A]C	A[T>A]G	A[T>A]T	C[T>A]A	C[T>A]C	C[T>A]G	C[T>A]T	G[T>A]A	G[T>A]C	G[T>A]G	G[T>A]T	T[T>A]A	T[T>A]C	T[T>A]G	T[T>A]T	A[T>C]A	A[T>C]C	A[T>C]G	A[T>C]T	C[T>C]A	C[T>C]C	C[T>C]G	C[T>C]T	G[T>C]A	G[T>C]C	G[T>C]G	G[T>C]T	T[T>C]A	T[T>C]C	T[T>C]G	T[T>C]T	A[T>G]A	A[T>G]C	A[T>G]G	A[T>G]T	C[T>G]A	C[T>G]C	C[T>G]G	C[T>G]T	G[T>G]A	G[T>G]C	G[T>G]G	G[T>G]T	T[T>G]A	T[T>G]C	T[T>G]G	T[T>G]T
RP-1447_ASCProject_0005_BLOOD_v1_Exome_OnPrem	0	0	0	0	0	0	0	0	0	0	0	0	1	0	0	0	0	0	0	0	0	0	0	0	0	0	0	0	0	0	0	0	0	0	1	0	0	0	0	0	0	0	0	1	0	0	2	1	1	0	0	0	0	0	0	0	0	0	0	0	0	0	0	0	0	0	0	0	1	0	0	0	0	0	0	0	0	0	0	0	0	0	0	0	0	0	0	0	0	0	0	0	0	0	0	0
RP-1447_ASCProject_0005_T2_v1_Exome_OnPrem	0	0	0	0	0	1	1	0	2	0	0	0	0	1	1	0	0	0	0	0	2	0	1	0	1	0	0	0	0	0	0	3	1	0	5	2	2	0	1	4	0	0	4	2	0	1	2	1	0	0	0	0	0	0	1	0	0	0	0	0	0	0	0	0	0	0	1	0	3	0	1	0	0	0	0	0	0	0	0	0	0	0	0	2	0	0	1	0	0	0	0	0	0	0	0	0
RP-1447_ASCProject_0005_T3_v2_Exome_OnPrem	0	0	0	0	0	2	0	1	1	0	0	0	0	0	1	0	0	0	0	0	1	0	1	0	0	0	0	0	0	0	0	2	1	0	2	0	0	0	2	2	0	0	5	0	0	0	1	0	0	0	1	0	0	0	1	0	0	0	0	0	0	0	0	0	0	1	1	0	3	0	0	0	0	0	0	0	0	0	0	0	0	0	0	2	0	0	1	0	0	0	0	0	0	0	0	0
RP-1447_ASCProject_0006_BLOOD_v1_Exome_OnPrem	0	0	0	0	0	0	0	0	1	0	0	0	0	0	0	0	0	0	1	0	0	0	0	1	0	1	0	0	0	1	0	2	1	0	5	0	0	1	6	1	1	2	5	0	2	0	4	0	0	0	1	0	0	0	1	0	0	0	0	0	0	0	0	0	0	0	0	1	0	0	0	0	0	1	0	0	0	0	0	1	0	0	0	0	0	0	0	0	0	0	1	0	0	0	0	0
RP-1447_ASCProject_0006_T1_v2_Exome_OnPrem	0	0	0	0	0	0	0	0	0	0	0	0	0	0	0	0	0	0	0	0	0	0	0	0	0	0	0	0	0	1	0	1	1	0	0	0	0	0	2	0	0	0	1	1	0	0	1	0	0	0	0	0	0	0	0	0	0	0	0	0	0	0	0	0	0	0	0	0	0	0	0	0	0	0	0	0	0	0	0	0	0	0	0	0	0	0	0	0	0	0	0	0	0	0	0	0
RP-1447_ASCProject_0006_T2_v2_Exome_OnPrem	0	0	0	0	0	0	0	0	2	0	0	0	0	0	0	0	0	0	1	0	0	0	0	0	0	0	0	0	0	1	0	1	1	0	2	0	0	2	6	1	1	2	3	0	1	0	3	0	0	0	1	0	0	0	1	0	0	0	0	0	0	0	0	0	0	0	0	1	0	1	0	0	0	1	0	0	0	1	0	1	0	0	0	0	0	0	0	0	0	0	1	0	1	0	0	0
RP-1447_ASCProject_0007_T1_v2_Exome_OnPrem	0	0	0	1	2	1	0	0	0	0	0	1	0	1	0	0	0	0	0	1	0	1	0	1	0	0	0	0	0	0	1	1	0	0	2	1	2	0	4	2	0	2	6	2	0	1	3	0	0	1	0	1	0	1	0	1	0	1	0	0	0	0	0	0	1	1	2	1	0	1	2	0	0	0	0	0	0	1	0	0	0	0	0	1	0	1	0	0	0	0	0	1	0	0	0	0
RP-1447_ASCProject_0007_T2_v2_Exome_OnPrem	0	0	0	1	0	0	0	0	0	0	0	0	0	0	0	0	0	0	0	0	0	0	0	0	0	0	0	0	0	0	0	1	0	0	0	0	0	0	0	0	1	1	1	0	0	0	1	0	0	1	0	0	0	1	0	0	0	0	0	0	0	0	0	0	0	0	0	1	0	2	0	0	0	0	0	0	0	0	0	0	0	0	0	0	0	0	0	0	0	0	0	0	0	0	0	0
RP-1447_ASCProject_0011_T1_v1_Exome_OnPrem	0	0	0	0	0	0	0	0	0	0	0	0	0	0	0	0	0	0	1	0	0	0	0	0	0	0	0	0	0	0	0	0	0	0	4	0	1	0	0	0	0	0	0	1	0	0	1	0	0	0	0	0	0	0	0	0	0	0	0	0	0	0	0	0	0	0	0	0	0	0	0	0	0	1	1	0	0	0	0	0	0	0	0	0	0	0	0	0	0	0	0	0	0	0	0	0
RP-1447_ASCProject_0013_T1_v3_Exome_OnPrem	0	0	0	0	0	0	0	0	1	1	0	0	0	0	0	0	0	0	0	0	0	0	0	0	0	0	0	0	0	0	0	0	0	0	0	0	0	0	1	0	0	0	0	0	0	0	1	0	0	0	0	0	0	0	0	0	0	0	0	0	0	0	0	0	0	0	0	0	0	0	0	0	0	0	1	0	0	0	0	0	0	0	0	0	0	0	0	0	0	0	0	0	0	0	0	0
RP-1447_ASCProject_0017_BLOOD_v1_Exome_OnPrem	0	0	0	0	0	0	0	0	1	0	0	0	0	0	0	0	0	0	0	0	0	0	0	0	0	0	0	0	0	0	0	0	0	0	0	0	0	0	1	0	0	0	1	0	1	0	0	2	0	0	0	0	0	0	0	0	0	0	0	0	0	0	0	0	0	0	0	0	0	0	0	0	0	1	0	0	0	0	0	0	0	0	0	0	0	0	0	0	0	0	0	0	0	0	0	0
RP-1447_ASCProject_0017_T1_v1_Exome_OnPrem	1	1	0	0	2	0	0	1	2	0	0	0	1	0	0	0	0	0	1	0	0	0	0	1	0	0	0	0	1	0	0	0	1	8	1	0	6	20	2	15	1	8	4	4	12	36	15	17	0	1	0	1	0	0	0	0	1	0	0	0	0	0	0	0	0	0	1	0	0	0	0	1	1	1	0	1	0	0	0	0	0	0	0	0	0	0	0	0	0	0	3	1	0	0	0	1
RP-1447_ASCProject_0017_T2_v2_Exome_OnPrem	1	1	0	0	2	0	0	1	2	0	0	0	1	1	0	1	0	0	1	0	0	0	0	1	0	0	1	0	1	0	0	0	1	4	8	0	5	20	13	14	1	9	15	2	12	38	17	15	1	1	0	1	0	0	0	0	1	0	0	1	0	0	0	0	0	0	1	1	0	0	0	1	1	1	0	0	0	0	0	0	0	0	0	0	0	0	0	0	0	0	2	1	0	0	0	1
RP-1447_ASCProject_0020_T1_v2_Exome_OnPrem	0	0	0	1	0	1	0	1	0	0	0	2	0	0	0	0	1	0	0	1	2	0	0	1	0	0	0	0	0	0	0	2	2	2	4	1	0	0	9	2	0	1	5	0	1	2	8	1	0	0	0	0	0	0	0	0	0	1	2	0	1	0	1	0	0	0	1	0	0	1	1	0	1	0	0	0	0	0	0	0	0	0	0	1	0	0	0	1	0	1	0	0	0	0	0	0
RP-1447_ASCProject_0026_BLOOD_v1_Exome_OnPrem	1	0	0	0	2	0	0	0	0	1	0	1	0	0	0	0	0	0	1	0	0	1	0	0	1	2	0	0	0	0	0	1	2	0	4	1	1	1	1	0	0	1	5	0	1	1	4	0	0	0	0	1	0	0	2	1	0	1	0	0	0	0	0	1	0	0	0	0	0	1	0	1	0	0	0	0	0	1	0	0	0	0	0	0	0	0	0	0	0	1	0	0	0	0	0	0
RP-1447_ASCProject_0030_T1_v1_Exome_OnPrem	0	0	0	0	0	0	0	0	0	0	0	0	0	0	0	0	0	0	0	0	0	0	0	0	0	0	0	1	0	0	0	1	0	0	0	0	0	0	0	1	0	0	2	0	0	0	1	0	0	1	1	0	0	0	0	0	0	0	0	0	0	0	0	0	0	0	0	0	0	0	0	1	0	0	1	0	0	0	0	0	0	0	0	0	0	0	0	0	0	0	0	0	0	0	0	0
RP-1447_ASCProject_0038_T1_v3_Exome_OnPrem	1	0	0	0	0	0	0	0	0	0	1	0	0	0	0	0	0	0	0	0	0	1	0	1	0	0	1	0	0	0	0	1	0	5	3	3	3	14	7	5	0	2	2	3	7	26	15	9	0	0	0	2	0	2	0	0	0	0	0	0	0	0	0	0	2	0	1	0	0	0	0	0	1	0	0	1	0	1	0	0	0	0	0	0	0	0	5	0	0	0	1	0	0	1	0	0
RP-1447_ASCProject_0044_BLOOD_v1_Exome_OnPrem	0	0	0	0	0	0	0	0	0	0	0	0	0	0	0	0	0	0	0	0	0	0	0	0	0	0	0	0	0	0	0	0	0	0	2	0	0	2	0	0	0	1	2	0	1	0	1	0	0	0	0	0	0	0	0	0	0	0	0	0	0	0	0	0	0	0	0	0	0	0	1	3	0	0	0	0	0	0	0	0	0	0	0	0	0	0	0	0	0	0	0	0	0	0	0	0
RP-1447_ASCProject_0045_T1_v3_Exome_OnPrem	1	0	0	0	1	0	1	0	0	0	1	0	0	0	0	0	0	0	1	0	0	0	0	1	0	0	0	0	0	0	0	1	0	0	3	1	1	0	2	1	0	0	6	0	0	1	2	1	0	0	0	0	0	0	0	0	1	0	0	0	0	1	0	0	0	0	0	0	0	0	1	0	0	1	0	1	0	0	0	1	0	0	0	0	0	0	0	0	0	0	0	0	0	0	0	0
RP-1447_ASCProject_0047_T1_v2_Exome_OnPrem	0	0	1	0	0	1	2	4	0	1	0	1	0	1	0	1	2	0	0	0	1	0	0	0	0	2	1	1	0	0	0	1	10	3	167	3	6	2	121	2	5	9	139	10	0	3	69	0	1	0	1	0	0	1	0	1	0	2	1	0	1	0	0	1	3	1	3	2	0	1	3	2	4	1	4	3	2	3	0	1	1	0	1	0	0	0	1	1	0	1	0	1	0	0	0	0
RP-1447_ASCProject_0052_T1_v1_Exome_OnPrem	0	0	0	0	0	0	0	1	0	0	0	0	1	2	0	1	0	0	0	0	0	0	1	0	0	0	0	0	0	0	1	1	0	0	0	0	1	2	0	0	1	0	2	0	2	2	0	1	0	0	0	0	0	0	0	0	0	0	0	0	0	0	0	0	1	1	0	0	0	0	1	0	0	1	1	0	0	0	0	1	0	0	0	0	0	0	0	0	0	0	0	0	0	0	0	0
RP-1447_ASCProject_0055_BLOOD_v1_Exome_OnPrem	1	0	0	0	0	0	0	0	0	0	0	0	0	0	0	0	0	0	0	0	1	0	0	0	0	0	0	0	0	1	0	0	0	0	1	0	0	0	0	0	0	0	3	0	0	0	0	0	0	0	0	0	0	0	0	0	0	0	0	0	0	0	0	0	0	0	0	0	0	2	0	1	0	0	0	0	0	0	0	0	0	0	0	0	0	0	0	0	0	0	0	0	0	0	0	0
RP-1447_ASCProject_0055_T1_v2_Exome_OnPrem	0	3	0	0	0	0	0	1	2	0	1	2	2	1	0	0	0	2	0	1	0	0	1	1	0	1	0	0	0	0	0	1	0	2	5	2	2	1	2	2	1	1	2	0	0	1	2	1	1	0	2	0	0	0	1	2	1	0	0	0	0	0	0	0	0	0	1	3	0	1	0	0	0	0	1	0	0	0	0	1	0	0	0	0	0	1	0	0	0	0	0	0	0	0	1	0
RP-1447_ASCProject_0055_T2_v2_Exome_OnPrem	1	1	0	0	0	0	0	0	0	0	1	2	1	1	0	0	0	2	0	1	0	0	0	1	0	0	0	0	0	0	0	0	0	3	8	2	1	1	2	0	2	3	3	0	0	0	3	0	0	0	1	0	0	0	1	2	0	0	0	1	0	0	0	0	0	1	2	2	0	0	0	0	0	0	1	0	0	0	0	0	0	0	0	0	0	1	0	0	0	0	0	0	0	0	0	0
RP-1447_ASCProject_0059_T1_v1_Exome_OnPrem	0	1	1	1	1	0	0	0	2	0	1	3	0	0	0	0	0	0	0	0	0	0	0	0	0	0	0	1	0	1	0	0	1	0	2	0	0	1	5	0	0	0	4	0	3	7	6	2	0	0	0	0	0	0	0	0	0	0	0	0	0	0	0	0	0	0	0	0	0	0	0	0	0	0	0	1	1	0	0	0	0	0	0	0	0	0	0	0	1	0	0	0	0	0	1	2
RP-1447_ASCProject_0063_T2_v1_Exome_OnPrem	7	2	1	7	3	3	3	5	6	1	0	1	5	2	1	4	1	0	0	4	0	0	0	1	1	1	3	0	3	1	1	2	1	25	3	7	52	130	29	70	3	10	3	10	44	188	58	78	0	0	0	3	1	0	3	1	2	1	1	1	4	2	3	11	2	2	3	1	0	1	0	4	1	0	2	3	0	2	0	2	0	1	1	2	0	2	9	4	0	0	5	0	2	3	1	5
RP-1447_ASCProject_0063_T3_v1_Exome_OnPrem	7	1	1	5	2	1	1	2	4	2	0	3	3	2	1	1	0	1	0	4	0	0	0	2	1	0	2	0	2	1	0	2	2	15	4	2	40	71	18	44	1	9	3	6	30	136	45	52	0	0	0	1	1	0	3	1	1	1	1	1	3	3	3	7	2	1	3	2	0	0	0	3	1	0	1	3	0	1	0	0	0	1	0	2	0	2	9	4	0	0	5	0	2	1	1	3
RP-1447_ASCProject_0064_T2_v3_Exome_OnPrem	0	0	0	0	1	0	0	0	0	0	0	0	0	0	0	1	0	0	0	0	0	0	0	1	0	0	0	0	0	0	0	0	0	0	1	0	0	0	1	1	0	0	4	1	0	0	0	0	0	0	0	0	0	0	0	0	1	0	0	0	0	0	1	0	0	0	0	0	0	1	0	0	0	0	0	0	0	0	0	0	0	0	0	0	0	0	0	0	0	0	0	0	0	0	0	0
RP-1447_ASCProject_0066_T1_v1_Exome_OnPrem	0	0	0	0	0	0	0	0	0	0	0	0	0	0	0	0	0	0	0	0	0	0	0	0	0	0	0	0	0	0	0	0	0	0	3	0	0	2	6	0	0	1	2	0	0	0	4	1	0	0	0	1	0	0	1	0	0	0	0	0	0	0	0	0	0	0	0	0	1	0	0	0	0	1	0	0	0	0	0	0	0	0	0	0	1	0	0	0	0	0	0	0	0	0	0	0
RP-1447_ASCProject_0067_T1_v2_Exome_OnPrem	0	0	2	1	2	0	0	0	1	0	0	0	1	1	0	2	0	0	1	0	0	1	0	0	1	0	0	1	0	0	0	1	0	0	10	0	1	2	11	1	0	0	6	1	1	0	1	0	0	0	0	0	0	0	0	0	0	1	0	0	1	0	0	0	0	1	1	1	0	0	0	0	0	1	0	0	0	0	1	0	0	0	0	0	0	0	0	0	0	0	0	0	0	0	0	0
RP-1447_ASCProject_0068_T1_v3_Exome_OnPrem	2	0	0	0	3	0	4	1	2	0	0	2	0	0	0	0	1	1	1	0	0	1	0	1	0	0	0	0	0	0	0	0	1	3	9	1	3	0	10	4	1	0	10	1	1	2	3	1	0	0	0	0	0	0	0	0	0	1	0	0	0	0	0	0	0	0	0	1	0	1	2	0	0	0	1	1	1	0	0	0	0	1	0	0	0	0	1	0	0	0	1	0	0	0	0	0
RP-1447_ASCProject_0073_T1_v3_Exome_OnPrem	0	0	0	0	1	0	0	0	1	0	1	0	0	0	1	0	0	1	2	0	0	0	0	0	0	0	0	0	0	1	0	1	1	0	5	0	0	0	5	3	1	1	6	0	1	0	3	0	0	0	0	1	0	0	0	0	0	0	0	0	0	0	0	0	0	0	1	0	0	0	0	0	1	0	0	0	0	0	0	0	0	0	0	0	0	0	0	0	0	0	0	0	0	1	0	0
RP-1447_ASCProject_0076_T1_v3_Exome_OnPrem	0	0	0	0	1	0	0	1	0	0	0	0	0	0	0	0	0	0	1	0	0	0	2	2	0	0	0	0	1	1	1	0	1	0	3	0	1	1	2	0	0	0	4	1	0	0	4	1	0	0	1	1	0	0	0	0	0	0	0	0	0	0	0	0	0	0	1	0	2	1	0	0	1	0	1	0	0	0	1	0	0	0	0	0	0	0	0	0	0	0	0	1	0	0	0	0
RP-1447_ASCProject_0082_T1_v2_Exome_OnPrem	0	0	0	0	1	0	0	0	0	0	0	0	0	0	0	0	0	0	0	0	0	0	0	0	0	0	0	0	0	0	0	0	0	1	1	0	3	2	0	0	0	0	1	1	3	6	0	2	0	0	0	0	0	0	0	0	1	0	0	0	0	0	1	0	0	1	0	0	0	0	0	0	0	0	1	0	0	0	0	0	0	0	0	0	0	0	0	0	0	0	0	1	0	1	0	0
RP-1447_ASCProject_0084_T1_v1_Exome_OnPrem	1	0	0	0	0	0	0	0	0	0	0	0	0	0	0	0	0	0	0	0	0	0	0	0	0	0	0	0	0	0	0	0	0	0	2	0	0	0	0	0	0	0	0	0	0	0	0	0	0	0	0	0	0	0	1	0	0	0	0	0	0	0	0	1	1	0	0	0	0	0	0	0	0	1	0	0	0	0	0	0	0	0	0	0	0	0	0	0	0	0	0	0	0	0	0	0
RP-1447_ASCProject_0088_BLOOD_2_P_v1_Exome_OnPrem	2	0	0	0	0	1	0	0	1	0	0	0	0	0	0	0	0	0	0	0	0	0	0	0	1	0	0	0	0	0	0	0	1	1	5	1	1	0	2	0	3	0	3	1	0	1	1	0	0	0	0	0	0	0	1	0	0	0	0	0	0	0	0	0	0	0	0	0	0	1	0	1	0	0	0	0	0	1	0	1	0	0	0	0	0	0	1	0	0	0	1	0	0	0	0	0
RP-1447_ASCProject_0088_T3_v2_Exome_OnPrem	1	2	1	0	1	1	0	0	3	0	1	4	0	1	0	2	0	0	0	0	1	1	0	0	2	0	0	0	0	0	0	0	2	0	6	0	2	0	5	0	2	3	4	1	1	1	4	2	0	0	1	1	0	0	0	0	0	0	0	0	0	0	0	1	0	0	0	0	0	0	4	1	0	1	0	0	0	0	1	0	0	0	0	0	0	0	0	0	0	0	0	0	1	0	1	0
RP-1447_ASCProject_0089_T1_v3_Exome_OnPrem	0	1	0	0	1	1	0	0	0	1	0	0	2	0	0	1	0	0	0	0	0	0	0	0	1	0	0	2	0	0	0	0	1	0	4	2	0	0	6	1	0	1	6	1	1	0	4	1	1	0	0	0	0	0	0	1	0	0	0	0	0	1	0	0	0	1	0	1	0	0	0	0	0	1	0	0	0	0	0	0	0	0	1	0	0	0	1	0	0	0	0	0	0	0	0	0
RP-1447_ASCProject_0094_T1_v2_Exome_OnPrem	0	1	0	0	0	0	0	0	0	0	0	0	0	0	1	0	0	0	0	0	0	0	0	1	0	0	1	0	1	0	0	1	1	0	2	0	2	1	2	2	1	0	1	0	2	0	3	1	0	0	0	0	0	0	0	0	0	1	0	0	0	1	0	0	0	0	2	0	1	0	0	0	0	0	0	0	0	0	0	0	0	0	0	0	0	0	0	1	0	0	0	0	0	0	0	0
RP-1447_ASCProject_0094_T2_v2_Exome_OnPrem	0	2	0	0	0	0	0	0	1	0	1	0	0	0	1	0	0	0	0	0	0	0	0	1	0	0	1	1	1	0	0	1	2	0	5	0	1	1	4	3	1	0	2	0	2	0	2	1	0	0	0	0	0	0	0	0	0	1	0	0	0	1	0	0	0	0	2	0	0	0	0	0	0	0	0	0	0	0	0	0	0	0	0	0	0	0	0	1	0	0	0	0	0	0	0	0
RP-1447_ASCProject_0098_T1_v2_Exome_OnPrem	4	0	2	3	1	0	0	1	0	0	0	0	1	1	0	0	0	0	0	0	0	0	1	0	0	0	1	0	0	0	0	2	1	23	2	1	47	98	26	73	1	24	3	18	98	253	88	84	1	2	0	1	0	2	2	1	1	0	0	0	0	1	1	1	2	1	1	1	1	2	1	2	0	1	1	2	2	2	1	2	0	0	1	0	0	2	6	1	1	0	3	1	0	0	1	1
RP-1447_ASCProject_0101_T1_v1_Exome_OnPrem	1	0	0	0	0	1	0	1	0	0	0	0	0	1	1	1	1	0	0	1	0	1	0	1	0	0	0	1	1	1	0	0	1	1	4	0	0	0	3	0	0	0	3	3	0	0	4	0	0	1	1	0	0	0	0	0	0	0	1	1	0	0	0	0	0	0	1	0	1	1	1	0	0	2	0	0	0	0	0	0	0	0	0	0	0	0	0	1	0	0	0	0	0	0	0	0
RP-1447_ASCProject_0101_T2_v2_Exome_OnPrem	0	0	0	0	0	1	0	0	1	0	0	0	1	0	1	1	0	0	0	0	0	0	0	0	0	0	0	1	0	0	0	0	1	0	6	1	0	0	0	0	1	0	4	0	0	0	4	0	0	1	1	0	0	0	0	0	0	0	1	1	1	0	0	0	0	0	0	0	0	1	1	0	0	0	0	0	0	0	0	0	0	0	0	0	0	0	0	1	0	0	0	0	0	0	0	0
RP-1447_ASCProject_0102_T1_v1_Exome_OnPrem	0	0	1	0	1	0	1	0	1	0	0	0	1	0	0	0	0	0	0	0	0	0	1	0	0	0	0	0	0	0	1	0	0	0	3	0	0	0	3	0	2	1	0	1	1	0	2	0	0	0	0	0	0	0	0	0	0	0	0	1	0	0	0	0	0	0	0	0	0	1	0	0	0	1	0	0	0	0	0	0	0	0	0	0	0	1	0	0	0	0	0	0	0	0	0	0
RP-1447_ASCProject_0102_T2_v1_Exome_OnPrem	0	1	1	0	1	0	0	1	1	0	0	0	1	1	1	1	0	0	0	1	0	0	1	0	0	0	0	0	0	0	1	0	0	0	3	0	0	1	4	2	1	1	2	1	0	1	2	0	0	0	0	0	0	0	1	0	0	0	0	0	0	0	0	0	0	0	0	0	0	1	0	0	0	2	0	0	0	0	0	0	0	0	0	0	0	1	0	0	0	0	0	0	0	0	0	0
RP-1447_ASCProject_0113_T1_v1_Exome_OnPrem	1	0	0	0	1	0	0	2	4	0	0	0	3	1	0	0	0	0	0	1	0	0	0	3	0	1	0	0	0	0	0	1	0	7	3	2	19	35	11	20	0	5	2	4	22	81	18	21	0	1	0	0	1	0	0	0	0	0	0	0	0	3	0	4	1	1	0	0	1	1	0	4	0	0	1	4	1	0	0	1	0	0	1	1	0	1	3	0	0	0	1	0	0	1	2	1
RP-1447_ASCProject_0121_T2A_v4_Exome_OnPrem	0	1	1	1	0	1	3	0	1	0	0	1	0	1	0	0	0	1	1	1	0	0	1	0	0	0	0	0	0	1	0	0	2	1	10	0	0	0	3	1	0	0	8	2	2	1	5	0	0	0	0	0	0	1	0	0	0	0	1	0	0	1	0	0	1	1	1	0	0	0	0	0	1	0	0	1	0	1	0	0	0	0	0	0	0	0	0	1	0	0	0	0	0	1	0	0
RP-1447_ASCProject_0134_T2_v2_Exome_OnPrem	2	0	0	0	2	0	1	0	4	0	1	2	2	1	1	0	0	0	0	0	3	0	0	1	1	0	0	0	1	0	0	0	3	4	5	3	14	24	10	22	3	6	5	4	7	38	20	13	1	0	0	2	0	0	5	1	0	1	0	0	1	0	0	1	2	0	1	1	0	1	0	0	1	1	1	4	0	0	0	0	0	0	1	0	0	0	0	1	1	1	3	1	0	2	0	0
RP-1447_ASCProject_0135_T2_v3_Exome_OnPrem	0	0	0	0	0	2	1	1	3	0	2	5	1	0	0	1	2	0	0	1	0	0	1	2	0	0	1	0	2	0	0	0	1	2	9	1	0	2	8	3	1	3	8	3	2	2	2	0	0	1	0	0	0	1	0	0	0	0	1	0	0	0	0	1	2	1	1	0	2	2	2	2	0	1	1	3	0	0	0	0	0	0	0	0	0	1	2	2	0	0	0	0	0	1	1	1
RP-1447_ASCProject_0145_BLOOD_v1_Exome_OnPrem	0	0	0	0	0	0	0	2	1	0	0	1	0	0	0	0	0	0	2	0	0	0	0	0	0	0	0	0	0	0	0	1	0	0	6	0	0	0	0	2	0	0	3	0	1	1	0	0	0	0	0	0	0	0	0	0	0	0	0	0	0	0	0	0	0	1	1	0	0	2	0	2	0	0	1	0	0	0	0	0	0	0	0	0	0	0	0	0	0	0	0	0	0	0	0	0
RP-1447_ASCProject_0145_T2_v2_Exome_OnPrem	0	0	0	0	0	0	0	2	1	0	0	2	0	0	0	0	0	0	2	0	0	0	0	1	0	0	0	0	0	0	0	1	0	0	6	0	0	0	5	2	1	0	3	0	0	2	2	0	0	0	0	0	0	0	0	1	0	0	0	0	0	0	0	0	0	1	0	0	0	0	0	1	0	0	1	0	0	0	0	0	0	0	0	0	0	0	0	0	0	0	0	0	0	0	0	0
RP-1447_ASCProject_0153_T2_v3_Exome_OnPrem	0	0	0	0	0	1	2	1	0	0	0	0	0	1	0	0	0	0	0	0	0	0	1	0	1	0	0	0	0	0	0	0	0	0	0	0	0	0	1	0	0	0	2	0	1	0	1	0	0	0	0	0	0	0	0	0	0	1	0	0	0	0	1	0	0	0	0	1	0	0	1	0	1	0	0	0	0	1	0	0	1	0	1	0	0	0	0	0	0	0	0	0	0	0	0	0
RP-1447_ASCProject_0159_T1_v4_Exome_OnPrem	2	1	0	0	1	0	1	2	1	0	0	2	1	0	1	0	0	0	0	1	0	1	0	1	0	0	0	0	0	0	0	0	0	2	6	0	3	4	2	2	1	4	5	0	1	8	5	2	0	0	0	1	0	0	0	0	0	0	0	0	0	0	0	0	1	0	1	0	0	0	0	1	1	0	1	2	0	0	1	0	0	0	0	0	0	0	0	1	0	0	1	0	0	0	0	0
RP-1447_ASCProject_0164_T1_v1_Exome_OnPrem	1	0	0	1	0	1	2	0	2	0	0	1	0	1	0	2	0	0	0	1	0	0	0	1	0	0	0	0	0	0	0	0	1	0	8	0	0	1	6	1	1	0	5	2	0	1	4	1	0	1	0	0	0	0	0	0	0	0	0	0	0	1	0	0	0	0	1	0	0	0	0	0	0	0	0	0	1	0	0	0	0	0	0	0	0	0	0	0	0	1	0	0	0	0	0	0
RP-1447_ASCProject_0165_T2_v3_Exome_OnPrem	1	2	2	1	2	1	1	1	3	0	0	0	4	2	0	1	1	1	0	2	1	0	3	1	0	1	0	2	0	2	0	5	2	28	2	12	76	110	40	81	2	26	8	24	123	335	96	102	3	1	2	1	0	0	1	2	0	0	0	0	3	2	2	4	1	0	2	2	2	4	0	2	0	2	1	6	2	1	1	4	1	0	2	0	1	0	4	1	1	0	7	1	3	2	4	7
RP-1447_ASCProject_0166_T1_v2_Exome_OnPrem	11	4	2	2	5	4	1	4	3	1	0	2	6	1	1	3	4	0	0	1	2	1	3	4	1	2	0	4	2	1	4	3	3	52	13	29	208	406	103	255	7	65	9	36	217	746	192	252	3	1	2	10	1	2	8	4	2	2	2	4	4	4	2	10	4	5	4	2	2	5	6	10	4	3	3	8	4	5	4	9	0	0	2	4	0	0	5	8	1	1	5	0	2	3	4	6
RP-1447_ASCProject_0167_T3_v1_Exome_OnPrem	0	0	0	1	0	0	0	0	0	2	1	1	2	0	0	1	0	0	0	0	0	0	0	3	0	0	0	0	0	0	0	0	0	0	1	1	1	1	1	1	0	1	2	1	0	0	5	0	0	0	0	0	0	0	0	0	0	0	0	0	1	0	0	0	0	0	0	1	0	0	0	0	0	0	0	0	1	1	0	0	0	0	0	0	0	0	0	0	0	1	0	0	0	0	0	0
RP-1447_ASCProject_0172_T1_v3_Exome_OnPrem	0	0	0	0	0	0	1	0	0	0	0	0	0	0	0	0	0	0	0	0	0	0	1	0	0	0	0	0	0	0	0	0	1	1	12	0	0	1	8	3	1	1	4	0	0	0	8	1	0	0	0	0	0	0	1	0	0	0	0	0	0	0	0	0	0	0	0	0	0	0	0	0	0	0	0	0	0	0	0	0	0	0	0	0	0	0	0	0	0	0	0	0	0	0	0	0
RP-1447_ASCProject_0182_T1_v3_Exome_OnPrem	0	0	1	0	0	0	0	0	1	0	0	0	0	1	0	0	0	1	0	0	0	0	0	0	0	0	0	0	0	0	0	0	0	1	11	0	2	0	3	3	1	1	6	1	0	0	4	0	0	0	0	0	0	0	1	0	0	0	0	0	1	0	0	0	0	1	0	0	0	1	0	0	0	0	1	0	0	1	0	0	0	0	0	0	0	0	0	1	0	0	0	0	0	0	0	0
RP-1447_ASCProject_0194_T1_v3_Exome_OnPrem	0	0	0	0	0	0	0	0	0	0	0	1	0	0	0	0	0	0	0	0	0	0	0	0	0	1	0	0	0	0	0	0	0	0	4	0	0	0	2	0	2	0	0	0	0	1	1	0	0	0	1	0	0	0	0	0	0	0	0	0	0	0	0	0	0	0	0	0	0	0	0	0	1	0	1	0	0	0	0	0	0	0	0	0	0	0	0	0	0	0	0	0	0	0	0	0
RP-1447_ASCProject_0194_T2_v3_Exome_OnPrem	0	0	1	0	0	2	0	1	0	0	1	1	1	0	0	0	0	0	1	0	0	0	0	0	0	1	0	0	0	0	0	0	2	1	15	0	1	0	12	2	3	0	11	0	0	1	8	1	0	0	0	0	0	0	2	2	0	0	1	0	0	0	0	0	0	0	0	0	1	1	0	0	1	0	0	0	0	0	0	1	0	0	0	0	1	0	0	0	0	0	0	0	0	0	0	0
RP-1447_ASCProject_0197_T1A_v4_Exome_OnPrem	1	0	0	0	0	0	0	1	1	0	0	3	0	0	0	0	1	1	0	1	0	0	2	1	0	0	0	1	0	0	1	1	0	1	6	2	2	0	6	4	0	0	2	2	1	0	0	2	0	0	0	0	0	1	0	0	0	0	0	0	0	0	0	0	0	0	0	0	0	1	1	2	0	0	1	0	0	0	0	0	0	0	0	0	0	0	0	0	0	0	0	0	0	0	1	0
RP-1447_ASCProject_0197_T1B_v4_Exome_OnPrem	1	0	0	0	0	0	0	1	1	0	0	3	0	1	0	1	1	1	0	1	0	0	2	1	0	0	0	0	0	0	1	0	0	2	8	2	2	0	7	4	0	0	2	1	1	1	0	1	0	0	0	0	0	0	0	0	0	0	1	0	0	0	0	0	0	0	0	0	0	1	1	2	2	0	1	0	0	0	0	0	0	0	0	0	0	0	0	0	0	0	0	0	0	0	1	0
RP-1447_ASCProject_0202_T1_v3_Exome_OnPrem	1	1	0	1	1	0	1	0	0	1	0	1	0	1	0	3	1	0	0	0	0	0	1	0	0	0	0	0	0	0	0	0	0	0	8	2	7	2	8	3	0	0	9	2	0	5	4	3	0	2	0	0	0	0	0	0	0	0	1	0	1	0	0	0	0	0	0	1	1	0	0	1	1	1	0	0	1	0	2	1	0	0	0	0	0	0	0	0	0	1	0	1	0	0	0	0
RP-1447_ASCProject_0212_T1_v3_Exome_OnPrem	0	0	0	1	2	0	0	0	1	0	1	0	1	0	0	0	0	0	0	0	0	1	0	1	0	0	1	0	0	0	1	1	1	0	0	0	1	0	1	2	0	2	4	1	0	3	2	0	0	0	0	0	0	0	0	1	0	0	0	0	0	0	0	0	1	0	0	0	1	0	0	1	0	0	0	1	0	0	0	1	1	0	0	0	0	0	0	0	0	0	0	0	0	0	0	0
RP-1447_ASCProject_0219_T1_v2_Exome_OnPrem	0	0	0	1	6	1	0	1	1	0	1	0	4	1	0	1	1	0	1	1	0	0	3	0	0	0	0	0	0	1	0	4	2	12	2	4	29	68	24	44	0	9	13	10	33	145	40	49	0	0	1	1	1	1	2	3	0	1	1	0	1	0	0	2	4	0	3	2	2	1	1	3	5	1	4	1	0	2	0	2	0	0	3	0	0	0	4	1	0	0	3	0	2	0	0	2
RP-1447_ASCProject_0219_T3_v2_Exome_OnPrem	9	4	12	5	29	13	42	11	25	16	38	12	12	7	5	6	15	22	19	9	24	12	52	19	20	18	24	12	29	30	22	38	54	71	105	78	87	120	135	142	55	65	114	133	60	190	111	107	10	4	34	7	18	24	81	24	15	7	32	8	11	13	14	16	139	107	159	149	82	71	146	137	75	70	96	183	73	93	72	128	6	19	29	18	12	32	62	17	22	19	32	15	16	28	48	24
RP-1447_ASCProject_0220_T1_v1_Exome_OnPrem	1	0	0	0	3	1	0	2	2	1	0	0	2	0	0	2	1	1	1	1	0	0	2	1	0	1	2	2	2	0	0	0	2	9	5	4	26	58	24	29	2	10	6	10	47	158	41	44	0	0	1	2	0	0	1	0	0	1	1	1	0	0	0	1	2	0	0	0	0	1	0	3	2	0	0	3	3	2	3	1	0	0	0	0	0	1	4	0	0	0	1	0	0	0	0	1
RP-1447_ASCProject_0220_T3_v1_Exome_OnPrem	5	1	1	1	3	1	0	2	2	2	0	4	4	2	0	3	1	2	2	2	0	0	3	3	0	1	1	1	2	1	1	1	2	18	8	10	62	94	32	66	2	12	3	15	96	291	67	112	0	1	1	5	0	0	2	0	0	1	1	1	1	1	0	5	3	0	0	0	0	1	0	3	3	0	0	5	4	3	2	2	1	1	0	0	0	1	9	0	0	0	1	1	0	0	2	6
RP-1447_ASCProject_0221_T1_v3_Exome_OnPrem	0	1	2	0	0	1	0	0	1	0	0	1	0	1	2	3	0	1	2	0	0	0	2	1	0	0	0	0	0	0	0	1	1	0	2	0	1	1	1	0	0	1	1	1	1	1	1	0	0	0	0	0	0	0	0	0	0	0	0	0	0	0	0	1	1	0	0	0	0	0	0	0	0	0	0	1	0	0	0	0	0	0	0	0	0	1	0	0	0	1	0	0	0	0	1	0
RP-1447_ASCProject_0221_T2_v3_Exome_OnPrem	0	0	0	1	0	0	0	1	2	0	0	2	0	1	0	1	0	0	2	0	0	1	2	1	0	0	0	0	0	0	0	0	1	1	8	1	1	0	5	1	1	0	10	1	1	0	6	0	0	0	0	0	0	0	0	0	0	0	0	0	1	0	0	1	1	0	0	1	0	0	1	0	0	1	0	0	0	0	0	0	0	0	0	0	0	0	0	0	0	1	0	0	0	0	2	0
RP-1447_ASCProject_0258_T1_v1_Exome_OnPrem	1	0	0	0	3	0	0	0	1	0	0	0	0	0	0	1	0	0	1	0	0	1	3	1	0	0	0	0	0	0	0	0	0	0	2	0	1	1	2	1	1	2	2	0	0	0	2	1	0	0	0	0	1	1	0	1	1	0	0	0	0	0	0	0	0	1	1	0	1	0	1	0	1	0	1	1	0	0	0	1	0	0	0	0	0	0	0	1	0	0	0	0	0	0	1	0
RP-1447_ASCProject_0261_T1_v1_Exome_OnPrem	0	4	0	2	0	0	0	2	0	1	0	2	2	2	0	1	0	2	1	0	2	1	0	1	1	0	0	0	1	0	0	0	2	3	8	0	3	1	5	5	1	6	7	1	0	0	6	0	0	0	0	0	1	2	2	0	0	0	0	0	0	0	0	0	0	0	2	3	0	2	0	0	1	2	0	2	0	0	1	0	0	1	2	0	0	1	0	4	0	0	1	2	0	1	1	2
RP-1447_ASCProject_0277_T2_v2_Exome_OnPrem	0	0	0	0	2	0	0	0	1	0	1	0	0	0	0	1	0	0	0	0	0	1	0	1	0	0	0	0	0	1	0	0	0	5	4	3	7	17	15	13	0	4	2	3	16	45	21	11	0	0	0	0	0	0	2	0	0	0	1	0	0	0	0	1	0	1	0	0	0	2	0	1	0	0	1	4	0	0	0	0	0	0	1	0	1	0	1	0	0	0	1	1	1	2	0	2
RP-1447_ASCProject_0289_T3_v3_Exome_OnPrem	0	1	0	0	3	0	0	1	7	0	2	0	0	1	0	2	0	0	1	2	1	0	0	2	0	1	0	0	1	0	0	1	1	3	12	0	1	0	13	2	1	0	12	0	1	2	4	0	0	0	0	0	0	0	1	0	0	0	1	0	0	0	0	1	1	0	1	2	0	0	0	0	0	1	0	0	1	0	0	1	0	0	0	0	0	0	1	0	0	0	0	1	0	0	0	0
RP-1447_ASCProject_0290_T1_v4_Exome_OnPrem	2	0	2	0	0	2	0	2	0	1	1	1	0	0	0	0	1	1	0	1	1	1	1	0	0	0	0	2	0	1	0	1	2	1	1	0	1	1	5	1	2	4	3	2	0	2	3	0	0	0	1	0	1	0	0	0	0	0	0	1	1	0	0	1	0	1	0	0	0	0	1	1	0	0	0	1	0	0	0	1	0	0	0	0	1	0	0	0	0	0	1	1	0	0	0	0
RP-1447_ASCProject_0293_BLOOD_P_v1_Exome_OnPrem	0	0	0	0	0	1	0	0	0	0	0	0	0	0	0	0	0	0	0	0	0	0	0	0	0	0	0	0	0	0	0	0	0	0	0	0	0	0	0	0	0	1	2	0	0	0	0	0	0	0	0	1	0	0	0	0	0	0	0	0	0	0	0	0	0	0	1	0	1	0	0	0	0	0	0	0	0	0	0	0	0	0	0	0	0	0	0	0	0	0	0	1	0	0	0	0
RP-1447_ASCProject_0294_BLOOD_P_v1_Exome_OnPrem	0	0	0	0	0	0	0	0	0	0	0	0	0	0	0	0	0	0	0	0	0	0	0	0	0	0	0	0	0	0	0	1	0	0	1	0	0	1	0	0	0	0	4	0	0	0	1	1	0	0	0	0	0	0	0	0	0	0	0	0	0	0	0	0	0	0	0	0	0	0	0	0	0	0	0	0	0	0	0	0	0	0	0	0	0	0	0	0	0	0	0	0	0	0	0	0
RP-1447_ASCProject_0321_BLOOD_P_v1_Exome_OnPrem	3	1	1	0	1	0	1	1	0	0	1	0	0	1	2	0	0	0	0	0	0	0	0	0	0	0	0	0	1	1	0	0	0	2	3	0	8	11	4	1	1	3	4	2	1	16	5	5	0	0	0	0	0	0	1	0	0	0	0	0	0	0	0	0	0	0	2	0	0	1	1	0	0	0	0	0	0	0	0	1	0	0	1	0	0	1	0	1	0	0	0	0	0	0	0	0
RP-1447_ASCProject_0325_T1_v4_Exome_OnPrem	0	0	0	0	1	0	0	0	5	0	1	0	0	0	0	3	0	0	0	0	0	3	0	0	0	0	1	0	1	1	1	0	1	2	14	0	3	1	4	1	2	0	10	4	0	3	10	1	0	0	0	0	1	0	0	0	0	0	0	0	0	0	1	0	1	0	0	0	0	1	0	3	0	0	0	0	0	1	0	0	0	0	0	0	1	0	0	1	1	1	0	0	1	0	0	1
RP-1447_ASCProject_0335_BLOOD_P_v1_Exome_OnPrem	1	0	0	0	0	0	1	0	0	0	1	0	0	0	0	0	0	0	0	0	0	0	0	0	0	0	0	0	0	0	0	0	0	0	0	0	0	0	0	0	0	0	1	0	0	0	0	1	0	0	0	0	0	0	0	0	0	0	0	0	0	0	0	0	0	1	0	0	0	1	1	2	0	0	0	0	0	0	0	0	0	0	0	0	0	0	0	0	0	0	0	0	0	0	0	0
RP-1447_ASCProject_0340_T1_v2_Exome_OnPrem	3	3	0	1	1	3	1	1	0	1	0	0	0	2	1	2	0	0	1	1	0	0	1	0	0	0	1	0	1	0	0	2	0	5	3	7	10	27	6	21	0	3	2	4	16	57	15	20	1	1	0	0	1	0	0	1	0	0	1	0	0	1	0	2	0	0	0	1	0	3	0	4	0	0	0	2	1	1	0	2	0	0	0	0	0	0	0	0	0	1	1	1	1	1	1	1
RP-1447_ASCProject_0342_T1_v1_Exome_OnPrem	0	0	1	1	1	0	0	0	2	0	1	1	0	1	1	2	0	0	0	1	1	0	0	0	0	0	0	0	0	0	0	0	0	1	1	0	1	1	1	3	1	1	3	1	2	0	4	2	0	0	0	1	0	0	1	0	0	0	0	0	0	0	0	0	1	2	0	1	1	1	0	1	0	0	0	2	0	0	0	0	0	0	0	2	0	0	0	0	0	0	0	0	0	0	0	0
RP-1447_ASCProject_0343_BLOOD_P_v1_Exome_OnPrem	0	1	0	0	1	1	0	0	0	1	0	1	2	0	1	0	0	0	1	0	0	0	0	0	1	0	0	0	1	0	0	1	0	1	8	0	1	0	3	2	0	5	6	1	2	0	4	1	0	1	1	0	1	0	1	0	0	0	0	0	0	0	0	0	1	2	1	1	0	1	1	2	2	0	0	0	0	0	0	0	0	0	0	0	0	1	1	0	0	0	0	0	0	0	0	1
RP-1447_ASCProject_0351_BLOOD_P_v1_Exome_OnPrem	0	0	0	0	0	0	0	0	0	0	0	0	0	0	0	0	0	0	0	0	0	0	1	0	0	0	1	0	0	0	0	0	0	0	1	0	0	1	0	0	0	0	3	0	0	0	0	0	0	0	0	0	0	0	0	0	0	0	0	0	0	0	0	0	0	0	0	0	0	0	0	0	0	0	1	1	0	0	0	0	0	0	0	0	0	0	1	0	0	0	0	0	0	0	0	0
RP-1447_ASCProject_0353_BLOOD_P_v1_Exome_OnPrem	0	0	0	0	0	0	0	0	0	0	0	1	0	0	0	0	0	0	0	0	0	0	0	0	0	1	0	0	0	0	0	0	0	0	0	0	0	0	0	0	0	1	2	0	0	0	1	0	0	0	0	0	0	0	0	0	0	0	0	0	0	0	0	0	0	0	0	0	0	0	0	0	0	0	0	0	0	0	0	0	0	0	0	0	0	0	0	0	0	0	0	0	0	0	0	0
RP-1447_ASCProject_0356_T2_v1_Exome_OnPrem	1	0	0	1	0	0	2	1	0	0	1	2	1	0	0	3	0	1	1	0	1	0	1	2	0	0	0	0	0	0	0	1	2	1	11	1	0	4	11	2	1	2	18	3	0	0	3	4	0	0	0	0	0	0	1	0	0	0	0	0	0	0	0	0	0	2	0	2	0	0	3	3	2	0	0	2	0	2	0	0	0	0	0	1	0	0	0	1	0	1	0	0	0	0	0	0
RP-1447_ASCProject_0357_T1_v2_Exome_OnPrem	0	0	0	0	0	0	0	0	0	0	0	0	0	0	0	0	0	0	0	0	0	0	0	1	0	0	0	0	0	0	0	0	0	0	2	0	0	0	1	0	0	1	2	1	0	1	0	0	0	0	0	0	0	0	0	0	0	0	0	0	0	0	0	0	0	0	0	0	0	0	0	0	1	0	0	0	0	0	1	0	0	0	0	0	0	0	0	0	0	0	0	0	0	1	0	0
RP-1447_ASCProject_0367_T1_v2_Exome_OnPrem	10	2	1	2	1	1	0	8	4	2	1	1	3	9	4	1	1	0	2	1	2	2	2	3	0	0	0	0	3	4	1	6	2	45	3	12	114	224	42	183	0	49	6	22	167	533	167	178	3	2	1	10	1	1	2	4	2	0	2	3	3	2	3	16	2	0	2	5	3	4	1	16	1	1	3	12	2	4	3	10	2	0	2	0	0	0	9	2	2	0	9	2	2	3	3	7
RP-1447_ASCProject_0375_T1_v2_Exome_OnPrem	4	1	0	1	1	1	1	2	1	0	0	0	4	0	0	1	1	0	1	0	0	0	1	0	0	0	0	1	0	1	0	0	0	1	4	0	9	20	5	11	1	10	2	3	11	43	14	13	2	0	0	0	0	1	0	0	0	0	1	0	0	0	0	2	1	0	0	1	0	1	1	3	2	0	0	0	0	1	0	0	0	0	0	1	0	0	0	2	0	0	0	0	0	1	1	1
RP-1447_ASCProject_0375_T2_v2_Exome_OnPrem	4	2	0	1	2	1	1	2	1	0	0	0	4	0	0	2	2	0	1	0	0	0	1	0	0	0	1	0	0	0	0	0	0	1	7	0	8	26	4	15	1	13	3	3	11	48	12	14	2	0	0	0	0	1	0	0	0	0	1	0	0	0	0	2	1	0	0	0	0	1	2	4	2	0	1	0	0	1	0	0	0	0	0	0	0	0	0	2	0	0	0	0	0	0	1	1
RP-1447_ASCProject_0385_T3_v1_Exome_OnPrem	0	0	1	1	0	0	0	0	2	0	0	0	0	0	0	0	0	0	0	0	0	1	0	1	0	0	0	0	0	0	0	0	1	0	5	0	0	0	5	2	1	4	10	0	1	0	7	0	0	0	0	0	0	1	0	1	0	0	0	0	0	0	0	0	0	0	0	0	0	0	1	3	0	2	0	0	0	0	0	0	0	0	0	0	0	0	0	0	0	0	0	0	0	1	0	0
RP-1447_ASCProject_0387_T1_v1_Exome_OnPrem	1	2	2	1	3	0	1	0	4	1	2	4	4	1	1	1	0	1	0	0	0	0	0	0	0	3	1	1	0	0	0	0	0	0	12	2	2	4	16	4	1	13	33	2	3	12	9	5	0	0	0	0	0	1	0	1	0	0	0	0	0	0	0	0	0	1	0	1	0	5	2	8	0	4	0	0	0	0	1	2	0	1	0	0	0	0	0	2	0	0	0	0	2	0	0	1
RP-1447_ASCProject_0401_T1A_v2_Exome_OnPrem	0	0	0	0	0	0	0	0	1	1	0	0	0	0	0	0	0	0	0	0	0	0	0	0	0	0	1	0	1	0	0	1	0	0	5	0	0	0	1	0	2	1	1	2	1	0	0	0	0	0	0	0	0	0	0	1	0	0	0	0	0	0	0	0	1	0	0	1	0	0	1	0	0	0	0	0	0	0	0	0	0	0	0	0	0	0	0	1	0	0	0	0	0	0	0	0
