"Tumor_Sample_Barcode","sample_alias","sample_type","individual_alias","data_type","tumor_timepoint","sample_alias_cleaned","LC-SET","LC_BATCH","BX_TIME_DAYS","BX_LOCATION","BX_TYPE","BX_VASOFORMATIVE","BX_EPITHELIOID","BX_SPINDLE_CELL","BX_NUCLEAR_GRADE","STUDY ID","Primary Site (Recombined)","Mets Sites Ever (Recombined)","Primary Site (Wagner2024)","Biopsy Location (Wagner2024)","Met Sites at Dx (Wagner2024)","Met Sites Ever (Wagner2024)","Other Cancer","BATCH NUMBER (EHR_EXTRACTED)","AGE AT DX (EHR_EXTRACTED)","SEX (EHR_EXTRACTED)","PRIMARY SITE (EHR_EXTRACTED)","DX BIOPSY LOCATION (EHR_EXTRACTED)","RAAS (EHR_EXTRACTED)","LAAS/STEWART-TREVES (EHR_EXTRACTED)","CUTANEOUS AS (EHR_EXTRACTED)","LOCAL RECURRENCE (EHR_EXTRACTED)","LOCAL RECURRENCE SITE (EHR_EXTRACTED)","LOCAL RECURRENCE DATE 1 (DAYS FROM DX) (EHR_EXTRACTED)","LOCAL RECURRENCE DATE 2 (DAYS FROM DX) (EHR_EXTRACTED)","LOCAL RECURRENCE DATE 3 (DAYS FROM DX) (EHR_EXTRACTED)","LOCAL RECURRENCE DATE 4 (DAYS FROM DX) (EHR_EXTRACTED)","LOCAL RECURRENCE DATE 5 (DAYS FROM DX) (EHR_EXTRACTED)","LOCAL RECURRENCE DATE 6 (DAYS FROM DX) (EHR_EXTRACTED)","DATE METS DX (DAYS FROM DX) (EHR_EXTRACTED)","METS SITES AT METS DX (EHR_EXTRACTED)","METS SITES EVER (EHR_EXTRACTED)","FINAL DATE MEDR (DAYS FROM DX) (EHR_EXTRACTED)","PRIMARY SITE STANDARDIZED (EHR_EXTRACTED)","LAAS (EHR_EXTRACTED)","HAS METS AT DX (EHR_EXTRACTED)","legacy_shortid (PRD)","PREQUAL_SELF_DESCRIBE (PRD)","AGE OF DIAGNOSIS (PRD)","DIAGNOSIS_LOC (PRD)","EVER_LOCATION (PRD)","CURRENT_LOCATION (PRD)","SURGERY (PRD)","SURGERY_CLEAN_MARGINS (PRD)","RADIATION (PRD)","RADIATION_SURGERY (PRD)","CURRENTLY_TREATED (PRD)","OTHER_CANCER (PRD)","OTHER_CANCER_RADIATION (PRD)","HISPANIC (PRD)","RACE (PRD)","DIAGNOSIS_PRIMARY_LOC (PRD)","DIAGNOSIS_SPREAD (PRD)","DIAGNOSIS_SPREAD_LOC (PRD)","POST_DIAGNOSIS_SPREAD (PRD)","POST_DIAGNOSIS_SPREAD_LOC (PRD)","LOCAL_RECURRENCE (PRD)","DISEASE_FREE_NOW (PRD)","SUPPORT_MEMBERSHIP (PRD)","EHR_EXTRACTED","Age (Combined)","PRIMARY SITE (Combined)","RAAS_LAAS_Class","NUM MET SITES EVER (EHR_EXTRACTED)","Total_Mutations","TMB_all_mutations","Total_Nonsyn_Mutations","TMB_nonsyn","SBS1","SBS2","SBS3","SBS4","SBS5","SBS6","SBS7a","SBS7b","SBS7c","SBS7d","SBS8","SBS9","SBS10a","SBS10b","SBS10c","SBS10d","SBS11","SBS12","SBS13","SBS14","SBS15","SBS16","SBS17a","SBS17b","SBS18","SBS19","SBS20","SBS21","SBS22","SBS23","SBS24","SBS25","SBS26","SBS28","SBS29","SBS30","SBS31","SBS32","SBS33","SBS34","SBS35","SBS36","SBS37","SBS38","SBS39","SBS40","SBS41","SBS42","SBS44","SBS84","SBS85","SBS86","SBS87","SBS88","SBS89","SBS90","SBS91","SBS92","SBS93","SBS94","SBS7"
"RP-1447_ASCProject_0005_T2_v1_Exome_OnPrem","ASCProject_0005_T2","Tumor","ASCProject_0005","DNA","T2","ASCProject_0005_T2","","",3615,"BACK","","","","","","ASCProject_0005","Breast (Parenchymal)","Trunk, Breast, Extremities, Bone","Breast (Parenchymal)","Breast","Trunk","Trunk, Breast, Extremities, Bone",NA,5,"31","F","BREAST (PARENCHYMAL)","LEFT BREAST",0,"NO",0,0,"","","","","","","","3615","TRUNK ","TRUNK, OTHER (RIGHT BREAST), EXTREMITY, BONE","4374","BREAST (PARENCHYMAL)",0,1,"5","DIAGNOSED",31.0739726,"BREAST","BREAST,OTHER","BREAST,OTHER","YES","YES","YES","BEFORE","YES","NO","NO","NO","WHITE","BREAST","NO","","YES","BREAST,OTHER","NO","NO","YES","True",31,"BREAST (PARENCHYMAL)","Non-RAAS/LAAS",4,48,1.6,31,1.03333333333333,0.297076077716585,0,0,0,0,0,0,0,0,0,0,0,0,0,0,0,0,0,0,0,0,0,0,0,0,0.306493528569993,0,0,0,0,0,0,0,0,0,0,0,0,0,0,0,0,0,0,0.396430393713422,0,0,0,0,0,0,0,0,0,0,0,0,0,0,0,0
"RP-1447_ASCProject_0005_T3_v2_Exome_OnPrem","ASCProject_0005_T3","Tumor","ASCProject_0005","DNA","T3","ASCProject_0005_T3","","",3848,"BACK","RESECTION","YES","NO","NO","LOW","ASCProject_0005","Breast (Parenchymal)","Trunk, Breast, Extremities, Bone","Breast (Parenchymal)","Breast","Trunk","Trunk, Breast, Extremities, Bone",NA,5,"31","F","BREAST (PARENCHYMAL)","LEFT BREAST",0,"NO",0,0,"","","","","","","","3615","TRUNK ","TRUNK, OTHER (RIGHT BREAST), EXTREMITY, BONE","4374","BREAST (PARENCHYMAL)",0,1,"5","DIAGNOSED",31.0739726,"BREAST","BREAST,OTHER","BREAST,OTHER","YES","YES","YES","BEFORE","YES","NO","NO","NO","WHITE","BREAST","NO","","YES","BREAST,OTHER","NO","NO","YES","True",31,"BREAST (PARENCHYMAL)","Non-RAAS/LAAS",4,33,1.1,19,0.633333333333333,0,0,0,0,0,0,0,0,0,0,0,0,0,0,0,0,0,0,0,0,1,0,0,0,0,0,0,0,0,0,0,0,0,0,0,0,0,0,0,0,0,0,0,0,0,0,0,0,0,0,0,0,0,0,0,0,0,0,0,0,0
"RP-1447_ASCProject_0006_BLOOD_v1_Exome_OnPrem","ASCProject_0006_BLOOD","Tumor","ASCProject_0006","DNA","BLOOD","ASCProject_0006_BLOOD","","",313,"BLOOD BIOPSY","BLOOD BIOPSY","","","","","ASCProject_0006","Heart","Lung, Brain, Visceral Organ","Heart","Lung","Lung","Lung, Brain, Visceral Organ",NA,5,"29","F","CARDIAC","RIGHT LUNG",0,"NO",0,0,"","","","","","","","0","LUNG","LUNG, BRAIN, VISCERAL ORGAN","397","CARDIAC",0,1,"6","DIAGNOSED",29.88219178,"HEART,LUNG","HEART,LUNG","LUNG","NO","","NO","","YES","NO","NO","NO","WHITE","HEART","YES","LUNG","DK","","DK","NO","NO","True",29,"HEART","Non-RAAS/LAAS",3,44,1.46666666666667,30,1,0,0,0,0,0,1,0,0,0,0,0,0,0,0,0,0,0,0,0,0,0,0,0,0,0,0,0,0,0,0,0,0,0,0,0,0,0,0,0,0,0,0,0,0,0,0,0,0,0,0,0,0,0,0,0,0,0,0,0,0,0
"RP-1447_ASCProject_0006_T1_v2_Exome_OnPrem","ASCProject_0006_T1","Tumor","ASCProject_0006","DNA","T1","ASCProject_0006_T1","","",0,"LUNG","","","","","","ASCProject_0006","Heart","Lung, Brain, Visceral Organ","Heart","Lung","Lung","Lung, Brain, Visceral Organ",NA,5,"29","F","CARDIAC","RIGHT LUNG",0,"NO",0,0,"","","","","","","","0","LUNG","LUNG, BRAIN, VISCERAL ORGAN","397","CARDIAC",0,1,"6","DIAGNOSED",29.88219178,"HEART,LUNG","HEART,LUNG","LUNG","NO","","NO","","YES","NO","NO","NO","WHITE","HEART","YES","LUNG","DK","","DK","NO","NO","True",29,"HEART","Non-RAAS/LAAS",3,8,0.266666666666667,5,0.166666666666667,0,0,0,0,0,1,0,0,0,0,0,0,0,0,0,0,0,0,0,0,0,0,0,0,0,0,0,0,0,0,0,0,0,0,0,0,0,0,0,0,0,0,0,0,0,0,0,0,0,0,0,0,0,0,0,0,0,0,0,0,0
"RP-1447_ASCProject_0006_T2_v2_Exome_OnPrem","ASCProject_0006_T2","Tumor","ASCProject_0006","DNA","T2","ASCProject_0006_T2","","",387,"OVARY","BILATERAL SALPINGO-OOPHORECTOMY","YES","NO","YES","LOW","ASCProject_0006","Heart","Lung, Brain, Visceral Organ","Heart","Lung","Lung","Lung, Brain, Visceral Organ",NA,5,"29","F","CARDIAC","RIGHT LUNG",0,"NO",0,0,"","","","","","","","0","LUNG","LUNG, BRAIN, VISCERAL ORGAN","397","CARDIAC",0,1,"6","DIAGNOSED",29.88219178,"HEART,LUNG","HEART,LUNG","LUNG","NO","","NO","","YES","NO","NO","NO","WHITE","HEART","YES","LUNG","DK","","DK","NO","NO","True",29,"HEART","Non-RAAS/LAAS",3,39,1.3,30,1,0,0,0,0,0,0,0,0,0,0,0,0,0,0,0,0,0,0,0,0,0,0,0,0,0,0,0,0,0,0,0,0,0,0,0,0,0,0,0,0,0,0,0,0,0,0,0,0,0,0,0,0,1,0,0,0,0,0,0,0,0
"RP-1447_ASCProject_0007_T1_v2_Exome_OnPrem","ASCProject_0007_T1","Tumor","ASCProject_0007","DNA","T1","ASCProject_0007_T1","","",181,"BLADDER WALL","RESECTION","YES","YES","YES","HIGH","ASCProject_0007","Other Visceral Organs","No Mets","Urinary","Bladder","No Mets","No Mets",NA,5,"41","M","VISCERAL ORGAN","BLADDER",0,"NO",0,1,"VISCERAL ORGAN","552","","","","","","","NO METS","NO METS","582","VISCERAL ORGAN",0,0,"7","DIAGNOSED",41.86849315,"OTHER","LIVER,SPLEEN,LUNG,LYMPH,BONELIMB,ABDOMINAL","LIVER,SPLEEN,LUNG,LYMPH,BONELIMB,ABDOMINAL","YES","YES","YES","AFTER","NO","YES","YES","NO","BLACK","OTHER","NO","","NO","","YES","YES","YES","True",41,"VISCERAL ORGAN","Non-RAAS/LAAS",0,55,1.83333333333333,42,1.4,0,0,0,0,0,0,0,0,0,0,0,0,0,0,0,0,0,0,0,0,0.484564528359435,0,0,0,0,0,0,0,0,0,0,0,0,0,0,0,0,0,0,0,0,0,0,0,0,0,0,0,0,0,0,0,0,0,0,0,0,0,0,0.515435471640565,0
"RP-1447_ASCProject_0011_T1_v1_Exome_OnPrem","ASCProject_0011_T1","Tumor","ASCProject_0011","DNA","T1","ASCProject_0011_T1","","",0,"BREAST","BIOPSY","YES","NO","YES","HIGH","ASCProject_0011","Breast (Parenchymal)","No Mets","Breast (Parenchymal)","Breast","No Mets","No Mets",NA,5,"33","F","BREAST (PARENCHYMAL)","RIGHT BREAST",0,"NO",0,0,"","","","","","","","","NO METS","NO METS","2909","BREAST (PARENCHYMAL)",0,0,"11","DIAGNOSED",33.95342466,"BREAST","BREAST","NED","YES","YES","YES","BEFORE","NO","NO","NO","NO","WHITE","BREAST","NO","","NO","","NO","YES","YES","True",33,"BREAST (PARENCHYMAL)","Non-RAAS/LAAS",0,11,0.366666666666667,6,0.2,1,0,0,0,0,0,0,0,0,0,0,0,0,0,0,0,0,0,0,0,0,0,0,0,0,0,0,0,0,0,0,0,0,0,0,0,0,0,0,0,0,0,0,0,0,0,0,0,0,0,0,0,0,0,0,0,0,0,0,0,0
"RP-1447_ASCProject_0013_T1_v3_Exome_OnPrem","ASCProject_0013_T1","Tumor","ASCProject_0013","DNA","T1","ASCProject_0013_T1","","",-623,"BREAST","BIOPSY ","YES","NO","YES","LOW","ASCProject_0013","Breast (Parenchymal)","No Mets","Breast (Parenchymal)","Breast","No Mets","No Mets",NA,4,"26","F","BREAST (PARENCHYMAL)","LEFT BREAST",0,"NO",0,0,"","","","","","","","","NO METS","NO METS","1241","BREAST (PARENCHYMAL)",0,0,"13","DIAGNOSED",26.22465753,"","","","","","NO","","","NO","NO","","","BREAST","NO","","NO","","NO","YES","YES","True",26,"BREAST (PARENCHYMAL)","Non-RAAS/LAAS",0,5,0.166666666666667,4,0.133333333333333,0,0,0,0,0,0,0,0,0,0,0,0,0,0,0,0,0,0,0,0,0,0,0,0,0,0,0,0,0,0,1,0,0,0,0,0,0,0,0,0,0,0,0,0,0,0,0,0,0,0,0,0,0,0,0,0,0,0,0,0,0
"RP-1447_ASCProject_0017_BLOOD_v1_Exome_OnPrem","ASCProject_0017_BLOOD","Tumor","ASCProject_0017","DNA","BLOOD","ASCProject_0017_BLOOD","","",504,"BLOOD BIOPSY","BLOOD BIOPSY","","","","","ASCProject_0017","HNFS","Liver, Bone, Distant Lymph Node","HNFS","Scalp","Liver, Bone, Distant Lymph Node","Liver, Bone, Distant Lymph Node",NA,4,"67","F","HNFS","SKIN, RIGHT FRONTAL SCALP ",0,"NO",1,1,"HNFS, HNFS","231","583","","","","","386","LIVER, BONE, DISTANT LYMPH NODE","LIVER, BONE, DISTANT LYMPH NODE","814","HNFS",0,1,"17","DIAGNOSED",67.65205479,"SCALP","SCALP,LIVER,LYMPH,BONELIMB","SCALP,LIVER,LYMPH,BONELIMB","YES","NO","YES","AFTER","YES","NO","NO","NO","WHITE","SCALP","NO","","YES","LIVER,LYMPH,BONELIMB,OTHER","YES","NO","YES","True",67,"HNFS","Non-RAAS/LAAS",3,7,0.233333333333333,4,0.133333333333333,0,0.466551585997091,0,0,0,0,0,0,0,0,0,0,0,0,0,0,0,0,0,0,0,0,0,0,0,0,0,0,0,0,0,0,0,0,0,0,0,0,0,0,0,0,0,0,0,0,0,0,0,0,0,0,0.533448414002909,0,0,0,0,0,0,0,0
"RP-1447_ASCProject_0017_T1_v1_Exome_OnPrem","ASCProject_0017_T1","Tumor","ASCProject_0017","DNA","T1","ASCProject_0017_T1","","",0,"HEADFACENECKSCALP","BIOPSY ","YES","YES","NO","HIGH","ASCProject_0017","HNFS","Liver, Bone, Distant Lymph Node","HNFS","Scalp","Liver, Bone, Distant Lymph Node","Liver, Bone, Distant Lymph Node",NA,4,"67","F","HNFS","SKIN, RIGHT FRONTAL SCALP ",0,"NO",1,1,"HNFS, HNFS","231","583","","","","","386","LIVER, BONE, DISTANT LYMPH NODE","LIVER, BONE, DISTANT LYMPH NODE","814","HNFS",0,1,"17","DIAGNOSED",67.65205479,"SCALP","SCALP,LIVER,LYMPH,BONELIMB","SCALP,LIVER,LYMPH,BONELIMB","YES","NO","YES","AFTER","YES","NO","NO","NO","WHITE","SCALP","NO","","YES","LIVER,LYMPH,BONELIMB,OTHER","YES","NO","YES","True",67,"HNFS","Non-RAAS/LAAS",3,186,6.2,105,3.5,0,0,0,0,0,0,0,1,0,0,0,0,0,0,0,0,0,0,0,0,0,0,0,0,0,0,0,0,0,0,0,0,0,0,0,0,0,0,0,0,0,0,0,0,0,0,0,0,0,0,0,0,0,0,0,0,0,0,0,0,1
"RP-1447_ASCProject_0017_T2_v2_Exome_OnPrem","ASCProject_0017_T2","Tumor","ASCProject_0017","DNA","T2","ASCProject_0017_T2","","",144,"HEADFACENECKSCALP","RESECTION","YES","YES","NO","HIGH","ASCProject_0017","HNFS","Liver, Bone, Distant Lymph Node","HNFS","Scalp","Liver, Bone, Distant Lymph Node","Liver, Bone, Distant Lymph Node",NA,4,"67","F","HNFS","SKIN, RIGHT FRONTAL SCALP ",0,"NO",1,1,"HNFS, HNFS","231","583","","","","","386","LIVER, BONE, DISTANT LYMPH NODE","LIVER, BONE, DISTANT LYMPH NODE","814","HNFS",0,1,"17","DIAGNOSED",67.65205479,"SCALP","SCALP,LIVER,LYMPH,BONELIMB","SCALP,LIVER,LYMPH,BONELIMB","YES","NO","YES","AFTER","YES","NO","NO","NO","WHITE","SCALP","NO","","YES","LIVER,LYMPH,BONELIMB,OTHER","YES","NO","YES","True",67,"HNFS","Non-RAAS/LAAS",3,209,6.96666666666667,118,3.93333333333333,0,0,0,0,0,0,0,1,0,0,0,0,0,0,0,0,0,0,0,0,0,0,0,0,0,0,0,0,0,0,0,0,0,0,0,0,0,0,0,0,0,0,0,0,0,0,0,0,0,0,0,0,0,0,0,0,0,0,0,0,1
"RP-1447_ASCProject_0020_T1_v2_Exome_OnPrem","ASCProject_0020_T1","Tumor","ASCProject_0020","DNA","T1","ASCProject_0020_T1","","",21,"BONELIMB","Resection","YES (FOCAL)","YES","YES","HIGH","ASCProject_0020","Breast (Cutaneous)","No Mets","Breast (Cutaneous)","Thorax and trunk","No Mets","No Mets",NA,3,"53","F","SKIN-CUTANEOUS (ASSOCIATED WITH PRIOR RT)","RIGHT ANTERIOR CHEST WALL LESION",1,"NO",1,0,"","","","","","","","","NO METS","NO METS","1809","BREAST (CUTANEOUS)",0,0,"20","DIAGNOSED",53.07945205,"OTHER","OTHER","NED","YES","YES","YES","AFTER","NO","YES","YES","NO","WHITE","","","","","","","","","True",53,"BREAST (CUTANEOUS)","RAAS",0,71,2.36666666666667,48,1.6,0,0,0,0,0,0,0,0,0,0,0,0,0,0,0,0,0,0,0,0,0,0,0,0,0,0,0,0,0,0,0,0,0,0,0,0,0,0,0,0,0,0,0,0,0,0,0,0,0,0,0,0,1,0,0,0,0,0,0,0,0
"RP-1447_ASCProject_0026_BLOOD_v1_Exome_OnPrem","ASCProject_0026_BLOOD","Tumor","ASCProject_0026","DNA","BLOOD","ASCProject_0026_BLOOD","","",NA,"","","","","","","ASCProject_0026","Breast (Parenchymal)","Liver","Breast (Parenchymal)","Breast","Liver","Liver",NA,5,"56","F","BREAST (PARENCHYMAL)","RIGHT BREAST",0,"NO",0,0,"","","","","","","","1248","LIVER","LIVER","1679","BREAST (PARENCHYMAL)",0,1,"26","DIAGNOSED",56.51506849,"BREAST","BREAST,LIVER","LIVER","YES","YES","NO","","YES","NO","NO","NO","WHITE","","","","","","","","","True",56,"BREAST (PARENCHYMAL)","Non-RAAS/LAAS",1,43,1.43333333333333,27,0.9,0.37433901937056,0,0,0,0,0,0,0,0,0,0,0,0,0,0,0,0,0,0,0,0,0,0,0,0,0,0,0,0,0,0,0,0,0,0,0,0,0,0,0,0,0,0,0,0,0,0,0,0,0,0,0,0,0,0.62566098062944,0,0,0,0,0,0
"RP-1447_ASCProject_0038_T1_v3_Exome_OnPrem","ASCProject_0038_T1","Tumor","ASCProject_0038","DNA","T1","ASCProject_0038_T1","","",0,"HEADFACENECKSCALP","EXCISION","YES","NO","NO","LOW","ASCProject_0038","HNFS","Bone","HNFS","Scalp","Bone","Bone",NA,5,"63","M","HNFS","ANTERIOR SCALP",0,"NO",1,1,"HNFS,HNFS","128","269","","","","","577","BONE","BONE","758","HNFS",0,1,"38","DIAGNOSED",63.07671233,"HEADFACENECK","HEADFACENECK","HEADFACENECK","YES","YES","NO","","YES","NO","NO","NO","WHITE","","","","","","","","","True",63,"HNFS","Non-RAAS/LAAS",1,133,4.43333333333333,75,2.5,0,0,0,0,0,0,0,1,0,0,0,0,0,0,0,0,0,0,0,0,0,0,0,0,0,0,0,0,0,0,0,0,0,0,0,0,0,0,0,0,0,0,0,0,0,0,0,0,0,0,0,0,0,0,0,0,0,0,0,0,1
"RP-1447_ASCProject_0045_T1_v3_Exome_OnPrem","ASCProject_0045_T1","Tumor","ASCProject_0045","DNA","T1","ASCProject_0045_T1","","",14,"BREAST","MASTECTOMY","YES","NO","YES","HIGH","ASCProject_0045","Breast (Parenchymal)","No Mets","Breast (Parenchymal)","Breast","No Mets","No Mets",NA,5,"31","F","BREAST (PARENCHYMAL)","LEFT BREAST",0,"NO",0,0,"","","","","","","","","NO METS","NO METS","652","BREAST (PARENCHYMAL)",0,0,"45","DIAGNOSED",31.81917808,"BREAST","BREAST","NED","YES","YES","YES","AFTER","NO","NO","NO","NO","WHITE","","","","","","","","","True",31,"BREAST (PARENCHYMAL)","Non-RAAS/LAAS",0,34,1.13333333333333,22,0.733333333333333,0,0,0,0,0,0,0,0,0,0,0,0,0,0,0,0,0,0,0,0,1,0,0,0,0,0,0,0,0,0,0,0,0,0,0,0,0,0,0,0,0,0,0,0,0,0,0,0,0,0,0,0,0,0,0,0,0,0,0,0,0
"RP-1447_ASCProject_0052_T1_v1_Exome_OnPrem","ASCProject_0052_T1","Tumor","ASCProject_0052","DNA","T1","ASCProject_0052_T1","","",25,"BONELIMB","","","","","","ASCProject_0052","Extremities","Lung","Lower Extremity","Hip","Lung","Lung",NA,12,"27","M","EXTREMITY","LEFT FEMUR/LEFT HIP MASS",0,"NO",0,0,"","","","","","","","5","LUNG","LUNG, EXTREMITY","1394","EXTREMITY",0,1,"52","DIAGNOSED",27.57808219,"BONELIMB","LUNG,OTHER","NED","YES","YES","NO","","NO","NO","NO","YES","WHITE","","","","","","","","","True",27,"BONELIMB","Non-RAAS/LAAS",2,25,0.833333333333333,17,0.566666666666667,0,0,0,0,0,0,1,0,0,0,0,0,0,0,0,0,0,0,0,0,0,0,0,0,0,0,0,0,0,0,0,0,0,0,0,0,0,0,0,0,0,0,0,0,0,0,0,0,0,0,0,0,0,0,0,0,0,0,0,0,1
"RP-1447_ASCProject_0055_BLOOD_v1_Exome_OnPrem","ASCProject_0055_BLOOD","Tumor","ASCProject_0055","DNA","BLOOD","ASCProject_0055_BLOOD","","",1351,"BLOOD BIOPSY","BLOOD BIOPSY","","","","","ASCProject_0055","Breast (Parenchymal)","Lung, Liver, Brain,  Other Soft Tissues","Breast (Parenchymal)","Breast","Lung, Liver","Lung, Liver, Brain, Mediastinum",NA,5,"37","F","BREAST (PARENCHYMAL)","LEFT BREAST",0,"NO",0,1,"TRUNK, REGIONAL LYMPH NODE","482","517","","","","","685","LUNG, LIVER","LUNG, LIVER, BRAIN, OTHER (SOFT TISSUE), OTHER (MEDIASTINUM)","1532","BREAST (PARENCHYMAL)",0,1,"55","DIAGNOSED",37.85479452,"BREAST","BREAST,LIVER,LUNG,BRAIN","LIVER,LUNG","YES","YES","YES","AFTER","YES","NO","NO","NO","WHITE","","","","","","","","","True",37,"BREAST (PARENCHYMAL)","Non-RAAS/LAAS",5,10,0.333333333333333,6,0.2,0,0,0,0,0,0,0,0,0,0,0,0,0,0,0,0,0,0,0,0,1,0,0,0,0,0,0,0,0,0,0,0,0,0,0,0,0,0,0,0,0,0,0,0,0,0,0,0,0,0,0,0,0,0,0,0,0,0,0,0,0
"RP-1447_ASCProject_0055_T1_v2_Exome_OnPrem","ASCProject_0055_T1","Tumor","ASCProject_0055","DNA","T1","ASCProject_0055_T1","","",18,"BREAST","MASTECTOMY","YES","YES","NO","HIGH","ASCProject_0055","Breast (Parenchymal)","Lung, Liver, Brain,  Other Soft Tissues","Breast (Parenchymal)","Breast","Lung, Liver","Lung, Liver, Brain, Mediastinum",NA,5,"37","F","BREAST (PARENCHYMAL)","LEFT BREAST",0,"NO",0,1,"TRUNK, REGIONAL LYMPH NODE","482","517","","","","","685","LUNG, LIVER","LUNG, LIVER, BRAIN, OTHER (SOFT TISSUE), OTHER (MEDIASTINUM)","1532","BREAST (PARENCHYMAL)",0,1,"55","DIAGNOSED",37.85479452,"BREAST","BREAST,LIVER,LUNG,BRAIN","LIVER,LUNG","YES","YES","YES","AFTER","YES","NO","NO","NO","WHITE","","","","","","","","","True",37,"BREAST (PARENCHYMAL)","Non-RAAS/LAAS",5,61,2.03333333333333,37,1.23333333333333,0,0,0,0,0,0,0,0,0,0,1,0,0,0,0,0,0,0,0,0,0,0,0,0,0,0,0,0,0,0,0,0,0,0,0,0,0,0,0,0,0,0,0,0,0,0,0,0,0,0,0,0,0,0,0,0,0,0,0,0,0
"RP-1447_ASCProject_0055_T2_v2_Exome_OnPrem","ASCProject_0055_T2","Tumor","ASCProject_0055","DNA","T2","ASCProject_0055_T2","","",511,"PECTORALIS MINOR","RESECTION","YES","NO","YES","HIGH","ASCProject_0055","Breast (Parenchymal)","Lung, Liver, Brain,  Other Soft Tissues","Breast (Parenchymal)","Breast","Lung, Liver","Lung, Liver, Brain, Mediastinum",NA,5,"37","F","BREAST (PARENCHYMAL)","LEFT BREAST",0,"NO",0,1,"TRUNK, REGIONAL LYMPH NODE","482","517","","","","","685","LUNG, LIVER","LUNG, LIVER, BRAIN, OTHER (SOFT TISSUE), OTHER (MEDIASTINUM)","1532","BREAST (PARENCHYMAL)",0,1,"55","DIAGNOSED",37.85479452,"BREAST","BREAST,LIVER,LUNG,BRAIN","LIVER,LUNG","YES","YES","YES","AFTER","YES","NO","NO","NO","WHITE","","","","","","","","","True",37,"BREAST (PARENCHYMAL)","Non-RAAS/LAAS",5,51,1.7,30,1,0.492056257299884,0,0,0,0,0,0,0,0,0,0,0,0,0,0,0,0,0,0,0,0,0,0,0,0,0,0,0,0,0,0,0,0,0,0,0,0,0,0,0,0,0,0,0,0,0,0,0.507943742700116,0,0,0,0,0,0,0,0,0,0,0,0,0
"RP-1447_ASCProject_0059_T1_v1_Exome_OnPrem","ASCProject_0059_T1","Tumor","ASCProject_0059","DNA","T1","ASCProject_0059_T1","","",12,"BREAST","MASTECTOMY","NO","YES","NO","HIGH","ASCProject_0059","Breast (Cutaneous)","No Mets","Breast (Cutaneous)","Breast","No Mets","No Mets",NA,5,"52","F","BREAST (CUTANEOUS)","LEFT BREAST",1,"NO",1,0,"","","","","","","","","NO METS","NO METS","945","BREAST (CUTANEOUS)",0,0,"59","DIAGNOSED",52.87123288,"BREAST","BREAST","NED","YES","YES","NO","","NO","YES","YES","NO","AMERICAN_INDIAN,WHITE","","","","","","","","","True",52,"BREAST (CUTANEOUS)","RAAS",0,71,2.36666666666667,40,1.33333333333333,0,0,0,0,0,0,0.432569576822858,0,0,0,0,0,0,0,0,0,0,0,0,0,0,0,0,0,0,0,0,0,0,0,0,0,0,0,0,0,0,0,0,0,0,0,0,0,0,0,0,0,0,0,0,0,0.567430423177142,0,0,0,0,0,0,0,0.432569576822858
"RP-1447_ASCProject_0063_T2_v1_Exome_OnPrem","ASCProject_0063_T2","Tumor","ASCProject_0063","DNA","T2","ASCProject_0063_T2","","",108,"HEADFACENECKSCALP","RESECTION","YES","NO","YES","HIGH","ASCProject_0063","HNFS","Distant Lymph Node, Bone, Other Soft Tissues","HNFS","Scalp","Distant Lymph Node, Bone, Neck, Head","Distant Lymph Node, Bone, Neck, Head",NA,5,"74","M","HNFS","RIGHT SCALP",0,"NO",1,1,"HNFS","705","","","","","","705","DISTANT LYMPH NODE, BONE, OTHER (NECK MUSCLE), OTHER(PARATOID GLAND)","DISTANT LYMPH NODE, BONE, OTHER (NECK MUSCLE), OTHER(PARATOID GLAND)","852","HNFS",0,1,"63","DIAGNOSED",75.46575342,"SCALP","SCALP","NED","YES","YES","YES","AFTER","YES","YES","YES","NO","WHITE","","","","","","","","","True",74,"HNFS","Non-RAAS/LAAS",4,962,32.0666666666667,481,16.0333333333333,0,0,0,0,0,0,0,1,0,0,0,0,0,0,0,0,0,0,0,0,0,0,0,0,0,0,0,0,0,0,0,0,0,0,0,0,0,0,0,0,0,0,0,0,0,0,0,0,0,0,0,0,0,0,0,0,0,0,0,0,1
"RP-1447_ASCProject_0063_T3_v1_Exome_OnPrem","ASCProject_0063_T3","Tumor","ASCProject_0063","DNA","T3","ASCProject_0063_T3","","",-114,"HEADFACENECKSCALP","Resection","YES","NO","NO","HIGH","ASCProject_0063","HNFS","Distant Lymph Node, Bone, Other Soft Tissues","HNFS","Scalp","Distant Lymph Node, Bone, Neck, Head","Distant Lymph Node, Bone, Neck, Head",NA,5,"74","M","HNFS","RIGHT SCALP",0,"NO",1,1,"HNFS","705","","","","","","705","DISTANT LYMPH NODE, BONE, OTHER (NECK MUSCLE), OTHER(PARATOID GLAND)","DISTANT LYMPH NODE, BONE, OTHER (NECK MUSCLE), OTHER(PARATOID GLAND)","852","HNFS",0,1,"63","DIAGNOSED",75.46575342,"SCALP","SCALP","NED","YES","YES","YES","AFTER","YES","YES","YES","NO","WHITE","","","","","","","","","True",74,"HNFS","Non-RAAS/LAAS",4,640,21.3333333333333,321,10.7,0,0,0,0,0,0,0,1,0,0,0,0,0,0,0,0,0,0,0,0,0,0,0,0,0,0,0,0,0,0,0,0,0,0,0,0,0,0,0,0,0,0,0,0,0,0,0,0,0,0,0,0,0,0,0,0,0,0,0,0,1
"RP-1447_ASCProject_0064_T2_v3_Exome_OnPrem","ASCProject_0064_T2","Tumor","ASCProject_0064","DNA","T2","ASCProject_0064_T2","","",4380,"LUNG","RESECTION","YES (FOCAL)","YES","NO","HIGH","ASCProject_0064","HNFS","Lung, Bone","HNFS","Forehead","Lung","Lung, Bone",NA,5,"32","F","HNFS","LEFT FOREHEAD",0,"NO",1,0,"","","","","","","","4146","LUNG","LUNG, BONE","5124","HNFS",0,1,"64","DIAGNOSED",32.65753425,"SCALP","SCALP,LUNG","LUNG","YES","YES","YES","AFTER","YES","NO","NO","NO","WHITE","","","","","","","","","True",32,"HNFS","Non-RAAS/LAAS",2,14,0.466666666666667,11,0.366666666666667,0,0,0,0,0,0,0,0,0,0,0,0,0,0,0,0,0,0,0,0,1,0,0,0,0,0,0,0,0,0,0,0,0,0,0,0,0,0,0,0,0,0,0,0,0,0,0,0,0,0,0,0,0,0,0,0,0,0,0,0,0
"RP-1447_ASCProject_0066_T1_v1_Exome_OnPrem","ASCProject_0066_T1","Tumor","ASCProject_0066","DNA","T1","ASCProject_0066_T1","","",94,"BONELIMB","","","","","","ASCProject_0066","Musculoskeletal","No Mets","Bone","Spine","No Mets","No Mets",NA,1,"57","M","OTHER (BONE)","SPINE L1",1,"NO",0,0,"","","","","","","","","NO METS","NO METS","493","BONE",0,0,"66","DIAGNOSED",57.82465753,"OTHER","OTHER","NED","YES","YES","YES","AFTER","NO","YES","YES","NO","WHITE","","","","","","","","","True",57,"BONELIMB","RAAS",0,24,0.8,10,0.333333333333333,0,0,0,0,0,0,0,0,0,0,0,0,0,0,0,0,0,0,0,0,0,0,0,0,0,0,0,0,0,0,0,0,0,0,0,0,0,0,0,0,0,0,0,0,0,0,0,0,0,0,0,0,1,0,0,0,0,0,0,0,0
"RP-1447_ASCProject_0067_T1_v2_Exome_OnPrem","ASCProject_0067_T1","Tumor","ASCProject_0067","DNA","T1","ASCProject_0067_T1","","",0,"BONELIMB","","","","","","ASCProject_0067","Extremities","No Mets","Lower Extremity","Thigh","No Mets","No Mets",NA,1,"40","F","EXTREMITY","LEFT POSTERIOR THIGH",0,"NO",0,0,"","","","","","","","","NO METS","NO METS","1425","EXTREMITY",0,0,"67","DIAGNOSED",40.22465753,"OTHER","OTHER","NED","YES","YES","YES","BOTH","NO","NO","NO","NO","WHITE","","","","","","","","","True",40,"BONELIMB","Non-RAAS/LAAS",0,62,2.06666666666667,41,1.36666666666667,0,0,0,0,0,0,0,0,0,0,0,0,0,0,0,0,0,0,0,0,0,0,0,0,0,0,0,0,0,0,0,0,0,0,0,0,0,0,0,0,0,0,0,0,0,0,0,0,0,0,0,0,1,0,0,0,0,0,0,0,0
"RP-1447_ASCProject_0073_T1_v3_Exome_OnPrem","ASCProject_0073_T1","Tumor","ASCProject_0073","DNA","T1","ASCProject_0073_T1","","",0,"BREAST","LUMPECTOMY","YES","NO","YES","LOW","ASCProject_0073","Breast (Parenchymal)","No Mets","Breast (Parenchymal)","Breast","No Mets","No Mets",NA,5,"50","F","BREAST (PARENCHYMAL)","LEFT BREAST",0,"NO",0,0,"","","","","","","","","NO METS","NO METS","357","BREAST (PARENCHYMAL)",0,0,"73","DIAGNOSED",50.09863014,"BREAST","BREAST","NED","YES","YES","NO","","NO","YES","NO","NO","WHITE","","","","","","","","","True",50,"BREAST (PARENCHYMAL)","Non-RAAS/LAAS",0,40,1.33333333333333,22,0.733333333333333,0,0,0,0,0,0,0,0,0,0,0,0,0,0,0,0,0,0,0,0,0,0,0,0,0,0,0,0,0,0,0,0,0,0,0,0,0,0,0,0,0,0,0,0,0,0,0,0,0,0,0,0,1,0,0,0,0,0,0,0,0
"RP-1447_ASCProject_0076_T1_v3_Exome_OnPrem","ASCProject_0076_T1","Tumor","ASCProject_0076","DNA","T1","ASCProject_0076_T1","","",42,"BREAST","MASTECTOMY","YES","NO","NO","LOW","ASCProject_0076","Breast (Parenchymal)","No Mets","Breast (Parenchymal)","Breast","No Mets","No Mets",NA,5,"51","F","BREAST (PARENCHYMAL)","RIGHT BREAST",0,"NO",0,0,"","","","","","","","","NO METS","NO METS","709","BREAST (PARENCHYMAL)",0,0,"76","DIAGNOSED",51.70136986,"BREAST","BREAST","NED","YES","YES","YES","AFTER","NO","NO","NO","NO","WHITE","","","","","","","","","True",51,"BREAST (PARENCHYMAL)","Non-RAAS/LAAS",0,40,1.33333333333333,21,0.7,0,0,0,0,0,0,0,0,0,0,0,0,0,0,0,0,0,0,0,0,0,0,0,0,0,0,0,0,0,0,0,0,0,0,0,0,0,0,0,0,0,0,0,0,0,0,0,0,0,0,0,0,1,0,0,0,0,0,0,0,0
"RP-1447_ASCProject_0082_T1_v2_Exome_OnPrem","ASCProject_0082_T1","Tumor","ASCProject_0082","DNA","T1","ASCProject_0082_T1","","",0,"HEADFACENECKSCALP","","","","","","ASCProject_0082","HNFS","No Mets","HNFS","Temple","No Mets","No Mets",NA,2,"60","M","HNFS","LEFT TEMPLE",0,"NO",1,0,"","","","","","","","","NO METS","NO METS","794","HNFS",0,0,"82","DIAGNOSED",60.89863014,"HEADFACENECK","HEADFACENECK","NED","YES","YES","NO","","NO","NO","NO","NO","WHITE","","","","","","","","","True",60,"HNFS","Non-RAAS/LAAS",0,27,0.9,10,0.333333333333333,0,0,0,0,0,0,1,0,0,0,0,0,0,0,0,0,0,0,0,0,0,0,0,0,0,0,0,0,0,0,0,0,0,0,0,0,0,0,0,0,0,0,0,0,0,0,0,0,0,0,0,0,0,0,0,0,0,0,0,0,1
"RP-1447_ASCProject_0088_BLOOD_2_P_v1_Exome_OnPrem","ASCProject_0088_BLOOD_2_P","Tumor","ASCProject_0088","DNA","BLOOD","ASCProject_0088_BLOOD_2_P","","",NA,"","","","","","","ASCProject_0088","Breast (Cutaneous)","No Mets","Breast (Cutaneous)","Breast Skin","No Mets","No Mets",NA,2,"47","F","BREAST (CUTANEOUS)","RIGHT BREAST SKIN",1,"NO",1,1,"RIGHT CHEST WALL SKIN","782","","","","","","","NO METS","NO METS","1288","BREAST (CUTANEOUS)",0,0,"88","DIAGNOSED",47.13424658,"BREAST","BREAST","BREAST","YES","YES","YES","BOTH","YES","YES","YES","NO","WHITE","","","","","","","","","True",47,"BREAST (CUTANEOUS)","RAAS",0,32,1.06666666666667,20,0.666666666666667,0.427328099095106,0,0,0,0,0,0,0,0,0,0,0,0,0,0,0,0,0,0,0,0,0,0,0,0,0,0,0,0,0,0,0,0,0,0,0,0,0,0,0,0,0,0,0,0,0,0,0,0,0,0,0,0,0,0.572671900904894,0,0,0,0,0,0
"RP-1447_ASCProject_0088_T3_v2_Exome_OnPrem","ASCProject_0088_T3","Tumor","ASCProject_0088","DNA","T3","ASCProject_0088_T3","","",782,"CHEST","","","","","","ASCProject_0088","Breast (Cutaneous)","No Mets","Breast (Cutaneous)","Breast Skin","No Mets","No Mets",NA,2,"47","F","BREAST (CUTANEOUS)","RIGHT BREAST SKIN",1,"NO",1,1,"RIGHT CHEST WALL SKIN","782","","","","","","","NO METS","NO METS","1288","BREAST (CUTANEOUS)",0,0,"88","DIAGNOSED",47.13424658,"BREAST","BREAST","BREAST","YES","YES","YES","BOTH","YES","YES","YES","NO","WHITE","","","","","","","","","True",47,"BREAST (CUTANEOUS)","RAAS",0,69,2.3,45,1.5,0,0,0,0,0,1,0,0,0,0,0,0,0,0,0,0,0,0,0,0,0,0,0,0,0,0,0,0,0,0,0,0,0,0,0,0,0,0,0,0,0,0,0,0,0,0,0,0,0,0,0,0,0,0,0,0,0,0,0,0,0
"RP-1447_ASCProject_0089_T1_v3_Exome_OnPrem","ASCProject_0089_T1","Tumor","ASCProject_0089","DNA","T1","ASCProject_0089_T1","","",0,"BREAST","EXCISION","YES","NO","YES","HIGH","ASCProject_0089","Breast (Parenchymal)","No Mets","Breast (Parenchymal)","Breast","No Mets","No Mets",NA,5,"34","F","BREAST (PARENCHYMAL)","RIGHT BREAST",0,"NO",0,0,"","","","","","","","","NO METS","NO METS","1525","BREAST (PARENCHYMAL)",0,0,"89","DIAGNOSED",34.39452055,"BREAST","BREAST","NED","YES","YES","NO","","NO","NO","NO","NO","WHITE","","","","","","","","","True",34,"BREAST (PARENCHYMAL)","Non-RAAS/LAAS",0,47,1.56666666666667,35,1.16666666666667,0,0,0,0,0,0,0,0,0,0,0,0,0,0,0,0,0,0,0,0,0,0,0,0,0,0,0,0,0,0,0,0,0,0,0,0,0,0,0,0,0,0,0,0,0,0,0,0,0,0,0,0,1,0,0,0,0,0,0,0,0
"RP-1447_ASCProject_0094_T1_v2_Exome_OnPrem","ASCProject_0094_T1","Tumor","ASCProject_0094","DNA","T1","ASCProject_0094_T1","","",77,"BREAST","MASTECTOMY","YES","NO","YES","HIGH","ASCProject_0094","Breast (Parenchymal)","Breast, Bone, Lung, Other Soft Tissues","Breast (Parenchymal)","Breast","Breast","Breast, Bone, Lung, HNFS",NA,2,"56","F","BREAST (PARENCHYMAL)","LEFT BREAST",0,"NO",0,0,"","","","","","","","548","OTHER [RIGHT BREAST]","OTHER [RIGHT BREAST], BONE, LUNG, HNFS","1061","BREAST (PARENCHYMAL)",0,1,"","",NA,"","","","","","","","","","","","","","","","","","","","","True",56,"BREAST (PARENCHYMAL)","Non-RAAS/LAAS",4,34,1.13333333333333,25,0.833333333333333,0,0,0,0,0,0,0,0,0,0,0,0,0,0,0,0,0,0,0,0,0,0,0,0,0,0,0,0,0,0,0,0,0,0,0,0,0,0,0,0,0,0,0,0,0,0,0,0,0,0,0,0,0,0,0,0,0,1,0,0,0
"RP-1447_ASCProject_0094_T2_v2_Exome_OnPrem","ASCProject_0094_T2","Tumor","ASCProject_0094","DNA","T2","ASCProject_0094_T2","","",556,"BREAST","MASTECTOMY","YES","NO","YES","HIGH","ASCProject_0094","Breast (Parenchymal)","Breast, Bone, Lung, Other Soft Tissues","Breast (Parenchymal)","Breast","Breast","Breast, Bone, Lung, HNFS",NA,2,"56","F","BREAST (PARENCHYMAL)","LEFT BREAST",0,"NO",0,0,"","","","","","","","548","OTHER [RIGHT BREAST]","OTHER [RIGHT BREAST], BONE, LUNG, HNFS","1061","BREAST (PARENCHYMAL)",0,1,"","",NA,"","","","","","","","","","","","","","","","","","","","","True",56,"BREAST (PARENCHYMAL)","Non-RAAS/LAAS",4,44,1.46666666666667,27,0.9,0.350885124094549,0,0,0,0.649114875905451,0,0,0,0,0,0,0,0,0,0,0,0,0,0,0,0,0,0,0,0,0,0,0,0,0,0,0,0,0,0,0,0,0,0,0,0,0,0,0,0,0,0,0,0,0,0,0,0,0,0,0,0,0,0,0,0
"RP-1447_ASCProject_0098_T1_v2_Exome_OnPrem","ASCProject_0098_T1","Tumor","ASCProject_0098","DNA","T1","ASCProject_0098_T1","","",0,"HEADFACENECKSCALP","EXCISION","YES (FOCAL)","YES","NO","HIGH","ASCProject_0098","HNFS","Lung, Distant Lymph Node","HNFS","Face","Lung","Lung, Distant Lymph Node",NA,5,"79","M","HNFS","RIGHT EYEBROW",0,"NO",1,1,"HNFS","284","","","","","","488","LUNG","LUNG, DISTANT LYMPH NODE","1006","HNFS",0,1,"98","DIAGNOSED",78.99726027,"HEADFACENECK","HEADFACENECK,SCALP","SCALP","YES","NO","YES","AFTER","YES","YES","NO","NO","WHITE","","","","","","","","","True",79,"HNFS","Non-RAAS/LAAS",2,952,31.7333333333333,486,16.2,0,0,0,0,0,0,1,0,0,0,0,0,0,0,0,0,0,0,0,0,0,0,0,0,0,0,0,0,0,0,0,0,0,0,0,0,0,0,0,0,0,0,0,0,0,0,0,0,0,0,0,0,0,0,0,0,0,0,0,0,1
"RP-1447_ASCProject_0101_T1_v1_Exome_OnPrem","ASCProject_0101_T1","Tumor","ASCProject_0101","DNA","T1","ASCProject_0101_T1","","",0,"BONELIMB","","","","","","ASCProject_0101","Extremities","Lung","Upper Extremity","Shoulder","Lung","Lung",NA,2,"37","M","EXTREMITY","RIGHT SHOULDER",0,"NO",0,0,"","","","","","","","407","LUNG","LUNG","538","EXTREMITY",0,1,"","",NA,"","","","","","","","","","","","","","","","","","","","","True",37,"BONELIMB","Non-RAAS/LAAS",1,44,1.46666666666667,22,0.733333333333333,0.385267019105125,0,0,0,0,0,0,0,0,0,0,0,0,0,0,0,0,0,0,0,0,0,0,0,0,0,0,0,0,0,0,0,0,0,0,0,0,0,0,0,0,0,0,0,0.614732980894875,0,0,0,0,0,0,0,0,0,0,0,0,0,0,0,0
"RP-1447_ASCProject_0102_T1_v1_Exome_OnPrem","ASCProject_0102_T1","Tumor","ASCProject_0102","DNA","T1","ASCProject_0102_T1","","",0,"BREAST","BIOPSY","YES","NO","YES","LOW","ASCProject_0102","Breast (Parenchymal)","No Mets","Breast (Parenchymal)","Breast","No Mets","No Mets",NA,5,"31","F","BREAST (PARENCHYMAL)","LEFT BREAST",0,"NO",0,0,"","","","","","","","","NO METS","NO METS","1285","BREAST (PARENCHYMAL)",0,0,"102","DIAGNOSED",31.84931507,"BREAST","BREAST","NED","YES","YES","NO","","NO","NO","NO","NO","WHITE","","","","","","","","","True",31,"BREAST (PARENCHYMAL)","Non-RAAS/LAAS",0,26,0.866666666666667,15,0.5,0,0,0,0,0,0,0,0,0,0,0,0,0,0,0,0,0,0,0,0,0,0,0,0,0,0,0,0,0,0,0,0,0,0,0,0,0,0,0,0,0,0,0,0,0,0,0,0,0,0,0,0,1,0,0,0,0,0,0,0,0
"RP-1447_ASCProject_0102_T2_v1_Exome_OnPrem","ASCProject_0102_T2","Tumor","ASCProject_0102","DNA","T2","ASCProject_0102_T2","","",187,"BREAST","MASTECTOMY","YES","NO","YES","LOW","ASCProject_0102","Breast (Parenchymal)","No Mets","Breast (Parenchymal)","Breast","No Mets","No Mets",NA,5,"31","F","BREAST (PARENCHYMAL)","LEFT BREAST",0,"NO",0,0,"","","","","","","","","NO METS","NO METS","1285","BREAST (PARENCHYMAL)",0,0,"102","DIAGNOSED",31.84931507,"BREAST","BREAST","NED","YES","YES","NO","","NO","NO","NO","NO","WHITE","","","","","","","","","True",31,"BREAST (PARENCHYMAL)","Non-RAAS/LAAS",0,37,1.23333333333333,19,0.633333333333333,0,0,0,0,0,0,0,0,0,0,0,0,0,0,0,0,0,0,0,0,0,0,0,0,0,0,0,0,0,0,0,0,0,0,0,0,0,0,0,0,0,0,0,0,0,0,0,0,0,0,0,0,1,0,0,0,0,0,0,0,0
"RP-1447_ASCProject_0113_T1_v1_Exome_OnPrem","ASCProject_0113_T1","Tumor","ASCProject_0113","DNA","T1","ASCProject_0113_T1","","",4,"HEADFACENECKSCALP","EXCISION","YES","NO","NO","LOW","ASCProject_0113","HNFS","No Mets","HNFS","Forehead","No Mets","No Mets",NA,5,"35","F","HNFS","RIGHT FOREHEAD",0,"NO",1,0,"","","","","","","","","NO METS","NO METS","2001","HNFS",0,0,"113","DIAGNOSED",35.85479452,"SCALP","SCALP","NED","YES","NO","YES","AFTER","NO","NO","NO","NO","WHITE","","","","","","","","","True",35,"HNFS","Non-RAAS/LAAS",0,341,11.3666666666667,188,6.26666666666667,0,0,0,0,0,0,0,1,0,0,0,0,0,0,0,0,0,0,0,0,0,0,0,0,0,0,0,0,0,0,0,0,0,0,0,0,0,0,0,0,0,0,0,0,0,0,0,0,0,0,0,0,0,0,0,0,0,0,0,0,1
"RP-1447_ASCProject_0121_T2A_v4_Exome_OnPrem","ASCProject_0121_T2A","Tumor","ASCProject_0121","DNA","T2A","ASCProject_0121_T2A","","",0,"BREAST","CORE BIOPSY ","YES","NO","YES","HIGH","ASCProject_0121","Breast (Parenchymal)","Liver","Breast (Parenchymal)","Breast","Liver","Liver",NA,4,"64","F","BREAST (PARENCHYMAL)","LEFT BREAST",0,"NO",0,0,"","","","","","","","595","LIVER","LIVER","3605","BREAST (PARENCHYMAL)",0,1,"121","DIAGNOSED",64.59452055,"BREAST","BREAST,LIVER","NED","YES","YES","NO","","NO","YES","NO","NO","WHITE","","","","","","","","","True",64,"BREAST (PARENCHYMAL)","Non-RAAS/LAAS",1,67,2.23333333333333,40,1.33333333333333,1,0,0,0,0,0,0,0,0,0,0,0,0,0,0,0,0,0,0,0,0,0,0,0,0,0,0,0,0,0,0,0,0,0,0,0,0,0,0,0,0,0,0,0,0,0,0,0,0,0,0,0,0,0,0,0,0,0,0,0,0
"RP-1447_ASCProject_0134_T2_v2_Exome_OnPrem","ASCProject_0134_T2","Tumor","ASCProject_0134","DNA","T2","ASCProject_0134_T2","","",233,"HEADFACENECKSCALP","PUNCH BIOPSY","YES","NO","NO","HIGH","ASCProject_0134","HNFS","No Mets","HNFS","Scalp","No Mets","No Mets",NA,5,"62","F","HNFS","SCALP",0,"NO",1,1,"HNFS","863","","","","","","","NO METS","NO METS","1821","HNFS",0,0,"134","DIAGNOSED",62.79452055,"SCALP","HEADFACENECK,SCALP","HEADFACENECK,SCALP","YES","YES","NO","","YES","YES","NO","NO","WHITE","","","","","","","","","True",62,"HNFS","Non-RAAS/LAAS",0,253,8.43333333333333,157,5.23333333333333,0,0,0,0,0,0,0,1,0,0,0,0,0,0,0,0,0,0,0,0,0,0,0,0,0,0,0,0,0,0,0,0,0,0,0,0,0,0,0,0,0,0,0,0,0,0,0,0,0,0,0,0,0,0,0,0,0,0,0,0,1
"RP-1447_ASCProject_0135_T2_v3_Exome_OnPrem","ASCProject_0135_T2","Tumor","ASCProject_0135","DNA","T2","ASCProject_0135_T2","","",37,"BREAST","MASTECTOMY","NO","YES","NO","HIGH","ASCProject_0135","Breast (Cutaneous)","Distant Lymph Node","Breast (Cutaneous)","Breast","Distant Lymph Node","Distant Lymph Node",NA,4,"66","F","BREAST (CUTANEOUS)","RIGHT BREAST ",1,"NO",1,1,"REGIONAL LYMPH NODE","119","","","","","","119","DISTANT LYMPH NODE","DISTANT LYMPH NODE","1027","BREAST (CUTANEOUS)",0,1,"135","DIAGNOSED",66.71780822,"BREAST","BREAST","NED","YES","YES","NO","","NO","YES","YES","NO","WHITE","","","","","","","","","True",66,"BREAST (CUTANEOUS)","RAAS",1,116,3.86666666666667,71,2.36666666666667,0.439902481745187,0,0,0,0,0,0,0,0,0,0,0,0,0,0,0,0,0,0,0,0,0,0,0,0,0,0,0,0,0,0,0,0,0,0,0,0,0,0,0,0,0,0,0,0.560097518254813,0,0,0,0,0,0,0,0,0,0,0,0,0,0,0,0
"RP-1447_ASCProject_0145_BLOOD_v1_Exome_OnPrem","ASCProject_0145_BLOOD","Tumor","ASCProject_0145","DNA","BLOOD","ASCProject_0145_BLOOD","","",NA,"","","","","","","ASCProject_0145","Breast (Parenchymal)","Bone, Liver","Breast (Parenchymal)","Breast","Bone, Liver","Bone, Liver",NA,5,"27","F","BREAST (PARENCHYMAL)","RIGHT BREAST",0,"NO",0,0,"","","","","","","","318","BONE, LIVER","BONE, LIVER","867","BREAST (PARENCHYMAL)",0,1,"145","DIAGNOSED",28.9369863,"BREAST","BREAST,LIVER,LUNG,OTHER","LIVER,LUNG,OTHER","YES","YES","NO","","YES","NO","NO","NO","WHITE","","","","","","","","","True",27,"BREAST (PARENCHYMAL)","Non-RAAS/LAAS",2,27,0.9,19,0.633333333333333,1,0,0,0,0,0,0,0,0,0,0,0,0,0,0,0,0,0,0,0,0,0,0,0,0,0,0,0,0,0,0,0,0,0,0,0,0,0,0,0,0,0,0,0,0,0,0,0,0,0,0,0,0,0,0,0,0,0,0,0,0
"RP-1447_ASCProject_0145_T2_v2_Exome_OnPrem","ASCProject_0145_T2","Tumor","ASCProject_0145","DNA","T2","ASCProject_0145_T2","","",11,"BREAST","EXCISION","YES","NO","YES","HIGH","ASCProject_0145","Breast (Parenchymal)","Bone, Liver","Breast (Parenchymal)","Breast","Bone, Liver","Bone, Liver",NA,5,"27","F","BREAST (PARENCHYMAL)","RIGHT BREAST",0,"NO",0,0,"","","","","","","","318","BONE, LIVER","BONE, LIVER","867","BREAST (PARENCHYMAL)",0,1,"145","DIAGNOSED",28.9369863,"BREAST","BREAST,LIVER,LUNG,OTHER","LIVER,LUNG,OTHER","YES","YES","NO","","YES","NO","NO","NO","WHITE","","","","","","","","","True",27,"BREAST (PARENCHYMAL)","Non-RAAS/LAAS",2,34,1.13333333333333,26,0.866666666666667,0,0,0,0,0,0,0,0,0,0,0,0,0,0,0,0,0,0,0,0,0,0,0,0,0,0,0,0,0,0,0,0,0,0,0,0,0,0,0,0,0,0,0,0,0,0,0,0,0,0,0,0,1,0,0,0,0,0,0,0,0
"RP-1447_ASCProject_0153_T2_v3_Exome_OnPrem","ASCProject_0153_T2","Tumor","ASCProject_0153","DNA","T2","ASCProject_0153_T2","","",377,"BONELIMB","BIOPSY ","YES","NO","YES","HIGH","ASCProject_0153","Hepatobiliary","Liver, Other Soft Tissues, Bone","Spleen","Liver","Liver, Hepatobiliary","Liver, Hepatobiliary, Bone Marrow, Bone",NA,4,"59","M","SPLEEN","LIVER",0,"NO",0,0,"","","","","","","","0","LIVER, OTHER [CELIAC AXIS]","LIVER, OTHER [CELIAC AXIS], OTHER [BONE MARROW], BONE","594","SPLEEN",0,1,"153","DIAGNOSED",59.90136986,"LIVER,SPLEEN","LIVER,SPLEEN","LIVER,SPLEEN","NO","","NO","","YES","NO","NO","NO","WHITE","","","","","","","","","True",59,"SPLEEN","Non-RAAS/LAAS",4,25,0.833333333333333,15,0.5,0,0,0,1,0,0,0,0,0,0,0,0,0,0,0,0,0,0,0,0,0,0,0,0,0,0,0,0,0,0,0,0,0,0,0,0,0,0,0,0,0,0,0,0,0,0,0,0,0,0,0,0,0,0,0,0,0,0,0,0,0
"RP-1447_ASCProject_0159_T1_v4_Exome_OnPrem","ASCProject_0159_T1","Tumor","ASCProject_0159","DNA","T1","ASCProject_0159_T1","","",45,"BREAST","MASTECTOMY","YES","NO","YES","HIGH","ASCProject_0159","Breast (Cutaneous)","Lung","Breast (Cutaneous)","Thorax and trunk","Lung","Lung",NA,4,"60","F","BREAST (CUTANEOUS)","LEFT CHEST WALL SKIN",1,"NO",1,0,"","","","","","","","273","LUNG","LUNG","2718","BREAST (CUTANEOUS)",0,1,"159","DIAGNOSED",61.11232877,"BREAST","OTHER","OTHER","YES","DK","YES","AFTER","NO","YES","YES","NO","WHITE","","","","","","","","","True",60,"BREAST (CUTANEOUS)","RAAS",1,83,2.76666666666667,50,1.66666666666667,0,0,0,0,0,0,0,1,0,0,0,0,0,0,0,0,0,0,0,0,0,0,0,0,0,0,0,0,0,0,0,0,0,0,0,0,0,0,0,0,0,0,0,0,0,0,0,0,0,0,0,0,0,0,0,0,0,0,0,0,1
"RP-1447_ASCProject_0164_T1_v1_Exome_OnPrem","ASCProject_0164_T1","Tumor","ASCProject_0164","DNA","T1","ASCProject_0164_T1","","",99,"BREAST","","","","","","ASCProject_0164","Breast (Cutaneous)","No Mets","Breast (Cutaneous)","Breast Skin","No Mets","No Mets",NA,1,"57","F","BREAST (CUTANEOUS)","LEFT BREAST SKIN",1,"NO",1,0,"","","","","","","","","NO METS","NO METS","974","BREAST (CUTANEOUS)",0,0,"164","DIAGNOSED",57.53424658,"BREAST","BREAST","NED","YES","YES","YES","AFTER","NO","YES","YES","NO","WHITE","","","","","","","","","True",57,"BREAST (CUTANEOUS)","RAAS",0,52,1.73333333333333,34,1.13333333333333,1,0,0,0,0,0,0,0,0,0,0,0,0,0,0,0,0,0,0,0,0,0,0,0,0,0,0,0,0,0,0,0,0,0,0,0,0,0,0,0,0,0,0,0,0,0,0,0,0,0,0,0,0,0,0,0,0,0,0,0,0
"RP-1447_ASCProject_0165_T2_v3_Exome_OnPrem","ASCProject_0165_T2","Tumor","ASCProject_0165","DNA","T2","ASCProject_0165_T2","","",450,"HEADFACENECKSCALP","EXCISION","YES","YES","YES","HIGH","ASCProject_0165","HNFS","No Mets","HNFS","Scalp","No Mets","No Mets",NA,5,"62","M","HNFS","LEFT SIDE SCALP",0,"NO",1,1,"HNFS, REGIONAL LYMPH NODE","574","574","","","","","","NO METS","NO METS","1846","HNFS",0,0,"165","DIAGNOSED",62.54520548,"SCALP","HEADFACENECK,SCALP,LIVER,LUNG,LYMPH","NED","YES","YES","YES","AFTER","NO","YES","NO","NO","AMERICAN_INDIAN,WHITE","","","","","","","","","True",62,"HNFS","Non-RAAS/LAAS",0,1433,47.7666666666667,787,26.2333333333333,0,0,0,0,0,0,1,0,0,0,0,0,0,0,0,0,0,0,0,0,0,0,0,0,0,0,0,0,0,0,0,0,0,0,0,0,0,0,0,0,0,0,0,0,0,0,0,0,0,0,0,0,0,0,0,0,0,0,0,0,1
"RP-1447_ASCProject_0167_T3_v1_Exome_OnPrem","ASCProject_0167_T3","Tumor","ASCProject_0167","DNA","T3","ASCProject_0167_T3","","",438,"CHEST","EXCISION","YES","YES","YES","HIGH","ASCProject_0167","Breast (Cutaneous)","","Breast (Cutaneous)","Breast","","",NA,5,"65","F","BREAST (CUTANEOUS)","LEFT BREAST ",1,"NO",1,1,"LEFT CHEST WALL SKIN, LEFT CHEST WALL","438","1071","","","","","NOT FOUND IN RECORD","NOT FOUND IN RECORD","NOT FOUND IN RECORD","3353","BREAST (CUTANEOUS)",0,NA,"167","DIAGNOSED",65.37808219,"BREAST","BREAST","NED","YES","YES","YES","BOTH","NO","YES","YES","NO","WHITE","","","","","","","","","True",65,"BREAST (CUTANEOUS)","RAAS",NA,33,1.1,22,0.733333333333333,0,0,0,0,0,0,0,0,0,0,0,0,0,0.414998530270003,0,0,0,0,0,0,0,0,0,0,0,0,0,0,0,0,0.585001469729997,0,0,0,0,0,0,0,0,0,0,0,0,0,0,0,0,0,0,0,0,0,0,0,0,0,0,0,0,0,0
"RP-1447_ASCProject_0172_T1_v3_Exome_OnPrem","ASCProject_0172_T1","Tumor","ASCProject_0172","DNA","T1","ASCProject_0172_T1","","",57,"BREAST","MASTECTOMY","YES","NO","NO","LOW","ASCProject_0172","Breast (Parenchymal)","","Breast (Parenchymal)","Breast","","",NA,4,"49","F","BREAST (PARENCHYMAL)","LEFT BREAST",0,"NO",0,NA,"NOT FOUND IN RECORD","NOT FOUND IN RECORD","NOT FOUND IN RECORD","NOT FOUND IN RECORD","NOT FOUND IN RECORD","NOT FOUND IN RECORD","NOT FOUND IN RECORD","NOT FOUND IN RECORD","NOT FOUND IN RECORD","NOT FOUND IN RECORD","2565","BREAST (PARENCHYMAL)",0,NA,"172","DIAGNOSED",49.47123288,"BREAST","BREAST","NED","YES","YES","NO","","NO","NO","NO","NO","WHITE","","","","","","","","","True",49,"BREAST (PARENCHYMAL)","Non-RAAS/LAAS",NA,44,1.46666666666667,24,0.8,1,0,0,0,0,0,0,0,0,0,0,0,0,0,0,0,0,0,0,0,0,0,0,0,0,0,0,0,0,0,0,0,0,0,0,0,0,0,0,0,0,0,0,0,0,0,0,0,0,0,0,0,0,0,0,0,0,0,0,0,0
"RP-1447_ASCProject_0182_T1_v3_Exome_OnPrem","ASCProject_0182_T1","Tumor","ASCProject_0182","DNA","T1","ASCProject_0182_T1","","",42,"BREAST","MASTECTOMY","YES","NO","NO","HIGH","ASCProject_0182","Breast (Parenchymal)","","Breast (Parenchymal)","Breast","","",NA,4,"NOT FOUND IN RECORD","F","BREAST (PARENCHYMAL)","RIGHT BREAST",0,"NOT FOUND IN RECORD",NA,NA,"NOT FOUND IN RECORD","NOT FOUND IN RECORD","NOT FOUND IN RECORD","NOT FOUND IN RECORD","NOT FOUND IN RECORD","NOT FOUND IN RECORD","NOT FOUND IN RECORD","NOT FOUND IN RECORD","NOT FOUND IN RECORD","NOT FOUND IN RECORD","NOT FOUND IN RECORD","BREAST (PARENCHYMAL)",NA,NA,"182","DIAGNOSED",56.33150685,"BREAST","BREAST","DK","YES","YES","NO","","NO","NO","NO","NO","WHITE","","","","","","","","","True",NA,"BREAST (PARENCHYMAL)","Non-RAAS/LAAS",NA,45,1.5,27,0.9,1,0,0,0,0,0,0,0,0,0,0,0,0,0,0,0,0,0,0,0,0,0,0,0,0,0,0,0,0,0,0,0,0,0,0,0,0,0,0,0,0,0,0,0,0,0,0,0,0,0,0,0,0,0,0,0,0,0,0,0,0
"RP-1447_ASCProject_0194_T1_v3_Exome_OnPrem","ASCProject_0194_T1","Tumor","ASCProject_0194","DNA","T1","ASCProject_0194_T1","","",NA,"","","","","","","ASCProject_0194","Heart","Bone, Brain","Heart","Pericardium","Bone","Bone, Brain",NA,5,"32","M","CARDIAC","PERICARDIUM",0,"NO",0,0,"","","","","","","","420","BONE","BONE, BRAIN","896","CARDIAC",0,1,"194","DIAGNOSED",32.29589041,"HEART","OTHER","HEART,OTHER","YES","NO","NO","","YES","NO","NO","NO","WHITE","","","","","","","","","True",32,"HEART","Non-RAAS/LAAS",2,15,0.5,9,0.3,1,0,0,0,0,0,0,0,0,0,0,0,0,0,0,0,0,0,0,0,0,0,0,0,0,0,0,0,0,0,0,0,0,0,0,0,0,0,0,0,0,0,0,0,0,0,0,0,0,0,0,0,0,0,0,0,0,0,0,0,0
"RP-1447_ASCProject_0194_T2_v3_Exome_OnPrem","ASCProject_0194_T2","Tumor","ASCProject_0194","DNA","T2","ASCProject_0194_T2","","",304,"HEART","RESECTION","YES","YES","YES","HIGH","ASCProject_0194","Heart","Bone, Brain","Heart","Pericardium","Bone","Bone, Brain",NA,5,"32","M","CARDIAC","PERICARDIUM",0,"NO",0,0,"","","","","","","","420","BONE","BONE, BRAIN","896","CARDIAC",0,1,"194","DIAGNOSED",32.29589041,"HEART","OTHER","HEART,OTHER","YES","NO","NO","","YES","NO","NO","NO","WHITE","","","","","","","","","True",32,"HEART","Non-RAAS/LAAS",2,76,2.53333333333333,42,1.4,1,0,0,0,0,0,0,0,0,0,0,0,0,0,0,0,0,0,0,0,0,0,0,0,0,0,0,0,0,0,0,0,0,0,0,0,0,0,0,0,0,0,0,0,0,0,0,0,0,0,0,0,0,0,0,0,0,0,0,0,0
"RP-1447_ASCProject_0197_T1A_v4_Exome_OnPrem","ASCProject_0197_T1A","Tumor","ASCProject_0197","DNA","T1A","ASCProject_0197_T1A","","",60,"SKIN","EXCISION","YES (FOCAL)","YES","NO","HIGH","ASCProject_0197","Extremities","Breast","Upper Extremity","Arm","Breast","Breast",NA,4,"62","F","SKIN-CUTANEOUS (ASSOCIATED WITH LYMPHEDEMA)","RIGHT UPPER ARM",0,"YES",1,0,"","","","","","","","317","OTHER (RIGHT BREAST SKIN)","OTHER (RIGHT BREAST SKIN)","556","EXTREMITY",1,1,"197","DIAGNOSED",63.08493151,"BONELIMB,OTHER","BONELIMB,OTHER","BONELIMB,OTHER","YES","NO","NO","","YES","YES","YES","NO","WHITE","","","","","","","","","True",62,"BONELIMB","LAAS",1,51,1.7,33,1.1,0,0,0,0,0,0,0,0,0,0,0,0,0,0,0,0,0,0,0,0,0,0,0,0,0,0,0,0,0,0,0,0,0,0,0,0,0,0,0,0,0,0,0,0,0,0,0,0,0,0,0,0,1,0,0,0,0,0,0,0,0
"RP-1447_ASCProject_0197_T1B_v4_Exome_OnPrem","ASCProject_0197_T1B","Tumor","ASCProject_0197","DNA","T1B","ASCProject_0197_T1B","","",60,"SKIN","EXCISION","YES (FOCAL)","YES","NO","HIGH","ASCProject_0197","Extremities","Breast","Upper Extremity","Arm","Breast","Breast",NA,4,"62","F","SKIN-CUTANEOUS (ASSOCIATED WITH LYMPHEDEMA)","RIGHT UPPER ARM",0,"YES",1,0,"","","","","","","","317","OTHER (RIGHT BREAST SKIN)","OTHER (RIGHT BREAST SKIN)","556","EXTREMITY",1,1,"197","DIAGNOSED",63.08493151,"BONELIMB,OTHER","BONELIMB,OTHER","BONELIMB,OTHER","YES","NO","NO","","YES","YES","YES","NO","WHITE","","","","","","","","","True",62,"BONELIMB","LAAS",1,58,1.93333333333333,36,1.2,0,0,0,0,0,0,0,0,0,0,0,0,0,0,0,0,0,0,0,0,0,0,0,0,0,0,0,0,0,0,0,0,0,0,0,0,0,0,0,0,0,0,0,0,0,0,0,0,0,0,0,0,1,0,0,0,0,0,0,0,0
"RP-1447_ASCProject_0202_T1_v3_Exome_OnPrem","ASCProject_0202_T1","Tumor","ASCProject_0202","DNA","T1","ASCProject_0202_T1","","",0,"BREAST","EXCISION","YES","NO","YES","HIGH","ASCProject_0202","Breast (Cutaneous)","No Mets","Breast (Cutaneous)","Breast Skin","No Mets","No Mets",NA,5,"51","F","BREAST (CUTANEOUS)","LEFT BREAST SKIN",1,"NO",1,0,"","","","","","","","","NO METS","NO METS","1463","BREAST (CUTANEOUS)",0,0,"202","DIAGNOSED",51.87671233,"BREAST","BREAST","NED","YES","YES","NO","","NO","YES","YES","NO","WHITE","","","","","","","","","True",51,"BREAST (CUTANEOUS)","RAAS",0,92,3.06666666666667,56,1.86666666666667,1,0,0,0,0,0,0,0,0,0,0,0,0,0,0,0,0,0,0,0,0,0,0,0,0,0,0,0,0,0,0,0,0,0,0,0,0,0,0,0,0,0,0,0,0,0,0,0,0,0,0,0,0,0,0,0,0,0,0,0,0
"RP-1447_ASCProject_0212_T1_v3_Exome_OnPrem","ASCProject_0212_T1","Tumor","ASCProject_0212","DNA","T1","ASCProject_0212_T1","","",0,"HEART","","","","","","ASCProject_0212","Heart","Lung, Liver, Spleen, Visceral Organ,  Other Soft Tissues, Bone","Heart","Atrium","Lung","Lung, Liver, Spleen, Visceral Organ, Mediastinum, Bone, Bone Marrow",NA,2,"37","M","CARDIAC","RIGHT ATRIUM",0,"NO",0,1,"CARDIAC","679","","","","","","602","LUNG","LUNG, LIVER, SPLEEN,VISCERAL ORGAN, OTHER (MEDIASTINUM), BONE,OTHER( BONE MARROW)","1155","CARDIAC",0,1,"212","DIAGNOSED",37.34520548,"HEART","HEART,LIVER,SPLEEN,LUNG","HEART,LIVER,SPLEEN,LUNG","YES","NO","NO","","YES","NO","NO","NO","WHITE","","","","","","","","","True",37,"HEART","Non-RAAS/LAAS",7,36,1.2,25,0.833333333333333,0,0,0,0,0,0,0,0,0,0,0,0,0,0,0,0,0,0,0,0,1,0,0,0,0,0,0,0,0,0,0,0,0,0,0,0,0,0,0,0,0,0,0,0,0,0,0,0,0,0,0,0,0,0,0,0,0,0,0,0,0
"RP-1447_ASCProject_0219_T1_v2_Exome_OnPrem","ASCProject_0219_T1","Tumor","ASCProject_0219","DNA","T1","ASCProject_0219_T1","","",29,"HEADFACENECKSCALP","EXCISION","YES","NO","YES","HIGH","ASCProject_0219","HNFS","Distant Lymph Node","HNFS","Forehead","Distant Lymph Node","Distant Lymph Node",NA,3,"69","F","HNFS","LEFT FOREHEAD",0,"NO",1,0,"","","","","","","","309","DISTANT LYMPH NODE","DISTANT LYMPH NODE","404","HNFS",0,1,"219","DIAGNOSED",69.86575342,"SCALP","SCALP","SCALP","NO","","NO","","YES","NO","NO","NO","WHITE","","","","","","","","","True",69,"HNFS","Non-RAAS/LAAS",1,671,22.3666666666667,368,12.2666666666667,0,0,0,0,0,0,0,1,0,0,0,0,0,0,0,0,0,0,0,0,0,0,0,0,0,0,0,0,0,0,0,0,0,0,0,0,0,0,0,0,0,0,0,0,0,0,0,0,0,0,0,0,0,0,0,0,0,0,0,0,1
"RP-1447_ASCProject_0219_T3_v2_Exome_OnPrem","ASCProject_0219_T3","Tumor","ASCProject_0219","DNA","T3","ASCProject_0219_T3","","",309,"OTHER","OTHER","NO","NO","YES","HIGH","ASCProject_0219","HNFS","Distant Lymph Node","HNFS","Forehead","Distant Lymph Node","Distant Lymph Node",NA,3,"69","F","HNFS","LEFT FOREHEAD",0,"NO",1,0,"","","","","","","","309","DISTANT LYMPH NODE","DISTANT LYMPH NODE","404","HNFS",0,1,"219","DIAGNOSED",69.86575342,"SCALP","SCALP","SCALP","NO","","NO","","YES","NO","NO","NO","WHITE","","","","","","","","","True",69,"HNFS","Non-RAAS/LAAS",1,4860,162,832,27.7333333333333,0,0,0,0,1,0,0,0,0,0,0,0,0,0,0,0,0,0,0,0,0,0,0,0,0,0,0,0,0,0,0,0,0,0,0,0,0,0,0,0,0,0,0,0,0,0,0,0,0,0,0,0,0,0,0,0,0,0,0,0,0
"RP-1447_ASCProject_0220_T1_v1_Exome_OnPrem","ASCProject_0220_T1","Tumor","ASCProject_0220","DNA","T1","ASCProject_0220_T1","","",0,"HEADFACENECKSCALP","EXCISION","YES","NO","NO","LOW","ASCProject_0220","HNFS","No Mets","HNFS","Temple","No Mets","No Mets",NA,5,"67","F","HNFS","LEFT TEMPORAL REGION",0,"NO",1,1,"HNFS, HNFS, HNFS, HNFS, HNFS","999","1322","1658","1792","2038","","","NO METS","NO METS","3343","HNFS",0,0,"220","DIAGNOSED",67.06027397,"HEADFACENECK","HEADFACENECK","NED","YES","NO","YES","AFTER","YES","NO","NO","NO","WHITE","","","","","","","","","True",67,"HNFS","Non-RAAS/LAAS",0,659,21.9666666666667,342,11.4,0,0,0,0,0,0,1,0,0,0,0,0,0,0,0,0,0,0,0,0,0,0,0,0,0,0,0,0,0,0,0,0,0,0,0,0,0,0,0,0,0,0,0,0,0,0,0,0,0,0,0,0,0,0,0,0,0,0,0,0,1
"RP-1447_ASCProject_0220_T3_v1_Exome_OnPrem","ASCProject_0220_T3","Tumor","ASCProject_0220","DNA","T3","ASCProject_0220_T3","","",1322,"HEADFACENECKSCALP","EXCISION","YES (FOCAL)","YES","YES","HIGH","ASCProject_0220","HNFS","No Mets","HNFS","Temple","No Mets","No Mets",NA,5,"67","F","HNFS","LEFT TEMPORAL REGION",0,"NO",1,1,"HNFS, HNFS, HNFS, HNFS, HNFS","999","1322","1658","1792","2038","","","NO METS","NO METS","3343","HNFS",0,0,"220","DIAGNOSED",67.06027397,"HEADFACENECK","HEADFACENECK","NED","YES","NO","YES","AFTER","YES","NO","NO","NO","WHITE","","","","","","","","","True",67,"HNFS","Non-RAAS/LAAS",0,1257,41.9,692,23.0666666666667,0,0,0,0,0,0,1,0,0,0,0,0,0,0,0,0,0,0,0,0,0,0,0,0,0,0,0,0,0,0,0,0,0,0,0,0,0,0,0,0,0,0,0,0,0,0,0,0,0,0,0,0,0,0,0,0,0,0,0,0,1
"RP-1447_ASCProject_0221_T1_v3_Exome_OnPrem","ASCProject_0221_T1","Tumor","ASCProject_0221","DNA","T1","ASCProject_0221_T1","","",0,"BREAST","BIOPSY","YES","NO","YES (FOCAL)","LOW","ASCProject_0221","Breast (Parenchymal)","No Mets","Breast (Parenchymal)","Breast","No Mets","No Mets",NA,5,"27","F","BREAST (PARENCHYMAL)","LEFT BREAST",0,"NO",0,0,"","","","","","","","","NO METS","NO METS","1087","BREAST (PARENCHYMAL)",0,0,"221","DIAGNOSED",27.11232877,"BREAST","BREAST","NED","YES","NO","YES","AFTER","NO","NO","NO","NO","WHITE","","","","","","","","","True",27,"BREAST (PARENCHYMAL)","Non-RAAS/LAAS",0,42,1.4,31,1.03333333333333,0,0,0,0,0,0,0,0,0,0,0,0,0,0,0,0,0,0,0,0,0,0,0,0,0,0,0,0,0,0,0,0,0,0,0,0,0,0,0,0,0,0,0,0,0,0,0,0,0,0,0,0,1,0,0,0,0,0,0,0,0
"RP-1447_ASCProject_0221_T2_v3_Exome_OnPrem","ASCProject_0221_T2","Tumor","ASCProject_0221","DNA","T2","ASCProject_0221_T2","","",191,"BREAST","MASTECTOMY","YES","NO","YES (FOCAL)","LOW","ASCProject_0221","Breast (Parenchymal)","No Mets","Breast (Parenchymal)","Breast","No Mets","No Mets",NA,5,"27","F","BREAST (PARENCHYMAL)","LEFT BREAST",0,"NO",0,0,"","","","","","","","","NO METS","NO METS","1087","BREAST (PARENCHYMAL)",0,0,"221","DIAGNOSED",27.11232877,"BREAST","BREAST","NED","YES","NO","YES","AFTER","NO","NO","NO","NO","WHITE","","","","","","","","","True",27,"BREAST (PARENCHYMAL)","Non-RAAS/LAAS",0,64,2.13333333333333,42,1.4,1,0,0,0,0,0,0,0,0,0,0,0,0,0,0,0,0,0,0,0,0,0,0,0,0,0,0,0,0,0,0,0,0,0,0,0,0,0,0,0,0,0,0,0,0,0,0,0,0,0,0,0,0,0,0,0,0,0,0,0,0
"RP-1447_ASCProject_0258_T1_v1_Exome_OnPrem","ASCProject_0258_T1","Tumor","ASCProject_0258","DNA","T1","ASCProject_0258_T1","","",17,"BREAST","Excision","YES","YES","YES","HIGH","ASCProject_0258","Breast (Parenchymal)","No Mets","Breast (Parenchymal)","Breast","No Mets","No Mets",NA,3,"48","F","BREAST (PARENCHYMAL)","RIGHT BREAST",0,"NO",0,0,"","","","","","","","","NO METS","NO METS","681","BREAST (PARENCHYMAL)",0,0,"258","DIAGNOSED",48.81643836,"BREAST","BREAST","OTHER","YES","YES","NO","","YES","NO","NO","NO","WHITE","","","","","","","","","True",48,"BREAST (PARENCHYMAL)","Non-RAAS/LAAS",0,60,2,36,1.2,0,0,0,0,0,0,0,0,0,0,0,0,0,0,0,0,0,0,0,0,0,0,0,0,0,0,0,0,0,0,0,0,0,0,0,0,0,0,0,0,0,0,0,0,0,0,0,0,0,0,0,0,1,0,0,0,0,0,0,0,0
"RP-1447_ASCProject_0261_T1_v1_Exome_OnPrem","ASCProject_0261_T1","Tumor","ASCProject_0261","DNA","T1","ASCProject_0261_T1","","",0,"SPLEEN","SPLENECTOMY","NO","YES","NO","HIGH","ASCProject_0261","Hepatobiliary","Bone, Liver, Lung","Spleen","Spleen","Bone, Liver","Bone, Liver, Lung",NA,5,"62","M","SPLEEN","SPLEEN",0,"NO",0,1,"OTHER (LUQ ABDOMEN) , SPLEEN","83","727","","","","","0","BONE, LIVER","BONE, LIVER, OTHER(DIAPHRAGM)","729","SPLEEN",0,1,"261","DIAGNOSED",62.86575342,"SPLEEN","SPLEEN,ABDOMINAL","ABDOMINAL","YES","YES","NO","","YES","YES","NO","NO","WHITE","","","","","","","","","True",62,"SPLEEN","Non-RAAS/LAAS",3,108,3.6,65,2.16666666666667,0.399244580609081,0,0,0,0,0,0,0,0,0,0,0,0,0,0,0,0,0,0,0,0,0,0,0,0,0,0,0,0,0,0,0,0,0,0,0,0,0,0,0,0,0,0,0,0,0,0,0.600755419390919,0,0,0,0,0,0,0,0,0,0,0,0,0
"RP-1447_ASCProject_0277_T2_v2_Exome_OnPrem","ASCProject_0277_T2","Tumor","ASCProject_0277","DNA","T2","ASCProject_0277_T2","","",21,"HEADFACENECKSCALP","PUNCH BIOPSY ","YES","YES (FOCAL)","NO","HIGH","ASCProject_0277","HNFS","No Mets","HNFS","Face","No Mets","No Mets",NA,2,"58","M","HNFS","LEFT CHEEK",0,"NO",1,0,"","","","","","","","","NO METS","NO METS","2147","HNFS",0,0,"277","DIAGNOSED",58.88493151,"HEADFACENECK","HEADFACENECK","NED","YES","YES","YES","AFTER","NO","NO","NO","NO","WHITE","","","","","","","","","True",58,"HNFS","Non-RAAS/LAAS",0,249,8.3,128,4.26666666666667,0,0,0,0,0,0,1,0,0,0,0,0,0,0,0,0,0,0,0,0,0,0,0,0,0,0,0,0,0,0,0,0,0,0,0,0,0,0,0,0,0,0,0,0,0,0,0,0,0,0,0,0,0,0,0,0,0,0,0,0,1
"RP-1447_ASCProject_0289_T3_v3_Exome_OnPrem","ASCProject_0289_T3","Tumor","ASCProject_0289","DNA","T3","ASCProject_0289_T3","","",2154,"CHEST","RESECTION","YES","YES","NO","HIGH","ASCProject_0289","Breast (Cutaneous)","Trunk, Distant Lymph Node, Lung","Breast (Cutaneous)","Breast","Trunk","Trunk, Distant Lymph Node, Lung",NA,5,"62","F","BREAST (CUTANEOUS)","RIGHT BREAST ",1,"NO",1,1,"RIGHT CHEST WALL, RIGHT CHEST WALL, RIGHT CHEST WALL, RIGHT CHEST WALL","1838","1917","1982","2127","","","2154","TRUNK","TRUNK, DISTANT LYMPH NODE, LUNG ","2575","BREAST (CUTANEOUS)",0,1,"289","DIAGNOSED",60.61917808,"BREAST","BREAST,LYMPH","BREAST,LUNG,NED","YES","NO","NO","","YES","YES","NO","NO","AMERICAN_INDIAN,BLACK,WHITE,OTHER","","","","","","","","","True",62,"BREAST (CUTANEOUS)","RAAS",3,103,3.43333333333333,63,2.1,1,0,0,0,0,0,0,0,0,0,0,0,0,0,0,0,0,0,0,0,0,0,0,0,0,0,0,0,0,0,0,0,0,0,0,0,0,0,0,0,0,0,0,0,0,0,0,0,0,0,0,0,0,0,0,0,0,0,0,0,0
"RP-1447_ASCProject_0290_T1_v4_Exome_OnPrem","ASCProject_0290_T1","Tumor","ASCProject_0290","DNA","T1","ASCProject_0290_T1","","",0,"SPLEEN","SPLENECTOMY","YES (FOCAL)","NO","YES","HIGH","ASCProject_0290","Hepatobiliary","Liver","Spleen","Spleen","Liver","Liver",NA,4,"37","F","SPLEEN","SPLEEN",0,"NO",0,0,"","","","","","","","392","LIVER","LIVER","1311","SPLEEN",0,1,"290","DIAGNOSED",37.44657534,"SPLEEN","LIVER,SPLEEN","LIVER","YES","YES","YES","AFTER","NO","NO","NO","NO","WHITE","","","","","","","","","True",37,"SPLEEN","Non-RAAS/LAAS",1,70,2.33333333333333,34,1.13333333333333,0,0,0,0,0,0.473009700685554,0,0,0,0,0,0,0,0,0,0,0,0,0,0,0,0,0,0,0,0,0,0,0,0,0,0,0,0,0,0,0,0,0,0,0,0,0,0,0.526990299314446,0,0,0,0,0,0,0,0,0,0,0,0,0,0,0,0
"RP-1447_ASCProject_0293_BLOOD_P_v1_Exome_OnPrem","ASCProject_0293_BLOOD_P","Tumor","ASCProject_0293","DNA","BLOOD","ASCProject_0293_BLOOD_P","","",163,"BLOOD BIOPSY","BLOOD BIOPSY","","","","","ASCProject_0293","Hepatobiliary","Lung","Liver","Liver","Lung","Lung",NA,7,"3","F","VISCERAL ORGAN","LIVER",0,"NO",0,1,"VISCERAL ORGAN","197","","","","","","197","LUNG","LUNG","374","LIVER",0,1,"293","DIAGNOSED",2.539726027,"LIVER","LIVER","LIVER","NO","","NO","","YES","NO","NO","NO","WHITE","","","","","","","","","True",3,"LIVER","Non-RAAS/LAAS",1,8,0.266666666666667,5,0.166666666666667,0,0,0,0,0,0,0,0,0,0,0,0,0,0,0,0,0,0,0,0,1,0,0,0,0,0,0,0,0,0,0,0,0,0,0,0,0,0,0,0,0,0,0,0,0,0,0,0,0,0,0,0,0,0,0,0,0,0,0,0,0
"RP-1447_ASCProject_0321_BLOOD_P_v1_Exome_OnPrem","ASCProject_0321_BLOOD_P","Tumor","ASCProject_0321","DNA","BLOOD","ASCProject_0321_BLOOD_P","","",309,"BLOOD BIOPSY","BLOOD BIOPSY","","","","","ASCProject_0321","Extremities","","Lower Extremity","Leg","","",NA,7,"67","F","SKIN-CUTANEOUS (ASSOCIATED WITH LYMPHEDEMA)","RIGHT FORELEG",0,"YES",1,NA,"NOT FOUND IN RECORD","NOT FOUND IN RECORD","NOT FOUND IN RECORD","NOT FOUND IN RECORD","NOT FOUND IN RECORD","NOT FOUND IN RECORD","NOT FOUND IN RECORD","NOT FOUND IN RECORD","NOT FOUND IN RECORD","NOT FOUND IN RECORD","39","EXTREMITY",1,NA,"321","DIAGNOSED",67.16986301,"OTHER","OTHER","OTHER","YES","NO","NO","","YES","NO","NO","NO","WHITE","","","","","","","","","True",67,"BONELIMB","LAAS",NA,113,3.76666666666667,66,2.2,0,0,0,0,0,0,0,1,0,0,0,0,0,0,0,0,0,0,0,0,0,0,0,0,0,0,0,0,0,0,0,0,0,0,0,0,0,0,0,0,0,0,0,0,0,0,0,0,0,0,0,0,0,0,0,0,0,0,0,0,1
"RP-1447_ASCProject_0325_T1_v4_Exome_OnPrem","ASCProject_0325_T1","Tumor","ASCProject_0325","DNA","T1","ASCProject_0325_T1","","",64,"SKIN","EXCISION","YES","NO","NO","LOW","ASCProject_0325","Extremities","Trunk","Upper Extremity","Arm","Trunk","Trunk",NA,4,"70","F","SKIN-CUTANEOUS (ASSOCIATED WITH LYMPHEDEMA)","LEFT ARM SKIN",1,"YES",1,1,"OTHER (LEFT AXILLA)","1187","","","","","","911","TRUNK ","TRUNK ","1331","EXTREMITY",1,1,"325","DIAGNOSED",70.59726027,"OTHER","LUNG,OTHER","LUNG,OTHER","YES","NO","YES","AFTER","NO","YES","YES","NO","WHITE","","","","","","","","","True",70,"BONELIMB","RAAS & LAAS",1,88,2.93333333333333,57,1.9,1,0,0,0,0,0,0,0,0,0,0,0,0,0,0,0,0,0,0,0,0,0,0,0,0,0,0,0,0,0,0,0,0,0,0,0,0,0,0,0,0,0,0,0,0,0,0,0,0,0,0,0,0,0,0,0,0,0,0,0,0
"RP-1447_ASCProject_0335_BLOOD_P_v1_Exome_OnPrem","ASCProject_0335_BLOOD_P","Tumor","ASCProject_0335","DNA","BLOOD","ASCProject_0335_BLOOD_P","","",199,"BLOOD BIOPSY","BLOOD BIOPSY","","","","","ASCProject_0335","HNFS","Lung","HNFS","Temple","Lung","Lung",NA,3,"35","F","HNFS","RIGHT TEMPLE",0,"NO",1,0,"","","","","","","","89","LUNG ","LUNG","314","HNFS",0,1,"335","DIAGNOSED",35.41643836,"HEADFACENECK","HEADFACENECK,LUNG","LUNG","YES","YES","NO","","NO","NO","NO","NO","CHINESE","","","","","","","","","True",35,"HNFS","Non-RAAS/LAAS",1,10,0.333333333333333,4,0.133333333333333,0,0,0,0,0,0,0,0,0,0,0,0,0,0,0,0,0,0,0,0,0,0,1,0,0,0,0,0,0,0,0,0,0,0,0,0,0,0,0,0,0,0,0,0,0,0,0,0,0,0,0,0,0,0,0,0,0,0,0,0,0
"RP-1447_ASCProject_0340_T1_v2_Exome_OnPrem","ASCProject_0340_T1","Tumor","ASCProject_0340","DNA","T1","ASCProject_0340_T1","","",42,"HEADFACENECKSCALP","REEXCISION","YES","NO","YES","HIGH","ASCProject_0340","HNFS","No Mets","HNFS","Scalp","No Mets","No Mets",NA,3,"87","M","HNFS","SCALP",0,"NO",1,1,"HNFS","87","","","","","","","NO METS","NO METS","1065","HNFS",0,0,"340","DIAGNOSED",87.17260274,"SCALP","SCALP","NED","YES","YES","YES","AFTER","NO","NO","NO","NO","WHITE","","","","","","","","","True",87,"HNFS","Non-RAAS/LAAS",0,269,8.96666666666667,149,4.96666666666667,0,0,0,0,0,0,0,1,0,0,0,0,0,0,0,0,0,0,0,0,0,0,0,0,0,0,0,0,0,0,0,0,0,0,0,0,0,0,0,0,0,0,0,0,0,0,0,0,0,0,0,0,0,0,0,0,0,0,0,0,1
"RP-1447_ASCProject_0342_T1_v1_Exome_OnPrem","ASCProject_0342_T1","Tumor","ASCProject_0342","DNA","T1","ASCProject_0342_T1","","",41,"BREAST","mastectomy","YES (FOCAL)","NO","YES","HIGH","ASCProject_0342","Breast (Parenchymal)","Lung, Liver","Breast (Parenchymal)","Breast","Lung","Lung, Liver",NA,3,"41","F","BREAST (PARENCHYMAL)","RIGHT BREAST",0,"NO",0,0,"","","","","","","","373","LUNG","LUNG, LIVER","1229","BREAST (PARENCHYMAL)",0,1,"342","DIAGNOSED",41.0630137,"BREAST","BREAST","NED","YES","YES","YES","AFTER","YES","NO","NO","NO","OTHER_EAST_ASIAN,WHITE","","","","","","","","","True",41,"BREAST (PARENCHYMAL)","Non-RAAS/LAAS",2,52,1.73333333333333,38,1.26666666666667,0,0,0,0,0,0,0,0,0,0,0,0,0,0,0,0,0,0,0,0,0,0,0,0,1,0,0,0,0,0,0,0,0,0,0,0,0,0,0,0,0,0,0,0,0,0,0,0,0,0,0,0,0,0,0,0,0,0,0,0,0
"RP-1447_ASCProject_0343_BLOOD_P_v1_Exome_OnPrem","ASCProject_0343_BLOOD_P","Tumor","ASCProject_0343","DNA","BLOOD","ASCProject_0343_BLOOD_P","","",155,"BLOOD BIOPSY","BLOOD BIOPSY","","","","","ASCProject_0343","Heart","Lung, Bone, Liver, Visceral Organ","Heart","Lung","Lung","Lung, Bone, Liver, Visceral Organ",NA,3,"34","F","CARDIAC","RIGHT LUNG",0,"NO",0,0,"","","","","","","","0","LUNG","LUNG, BONE, LIVER, VISCERAL ORGAN","339","CARDIAC",0,1,"343","DIAGNOSED",34.9260274,"HEART,LUNG","HEART,LUNG","HEART,LUNG","NO","","NO","","YES","NO","NO","NO","WHITE","","","","","","","","","True",34,"HEART","Non-RAAS/LAAS",4,69,2.3,51,1.7,0.480933862139437,0,0,0,0,0,0,0,0,0,0,0,0,0,0,0,0,0,0,0,0,0,0,0,0,0,0,0,0,0,0,0,0,0,0,0,0,0,0,0,0,0,0,0,0,0,0,0.519066137860563,0,0,0,0,0,0,0,0,0,0,0,0,0
"RP-1447_ASCProject_0351_BLOOD_P_v1_Exome_OnPrem","ASCProject_0351_BLOOD_P","Tumor","ASCProject_0351","DNA","BLOOD","ASCProject_0351_BLOOD_P","","",88,"BLOOD BIOPSY","BLOOD BIOPSY","","","","","ASCProject_0351","HNFS","No Mets","HNFS","Nose","No Mets","No Mets",NA,3,"61","M","HNFS","NOSE",0,"NO",1,0,"","","","","","","","","NO METS","NO METS","87","HNFS",0,0,"351","DIAGNOSED",61.49041096,"HEADFACENECK","HEADFACENECK","HEADFACENECK","YES","YES","NO","","YES","YES","NO","NO","WHITE","","","","","","","","","True",61,"HNFS","Non-RAAS/LAAS",0,10,0.333333333333333,4,0.133333333333333,0,0,0,0,0,0,0,0,0,0,0,0,0,0,0,0,0,0,0,0,1,0,0,0,0,0,0,0,0,0,0,0,0,0,0,0,0,0,0,0,0,0,0,0,0,0,0,0,0,0,0,0,0,0,0,0,0,0,0,0,0
"RP-1447_ASCProject_0353_BLOOD_P_v1_Exome_OnPrem","ASCProject_0353_BLOOD_P","Tumor","ASCProject_0353","DNA","BLOOD","ASCProject_0353_BLOOD_P","","",203,"BLOOD BIOPSY","BLOOD BIOPSY","","","","","ASCProject_0353","Other Rare Sites","No Mets","Brain","Brain","No Mets","No Mets",NA,12,"68","F","OTHER[BRAIN]","BRAIN",0,"NO",0,1,"OTHER[BRAIN]","0","","","","","","","NOT METS","NO METS","721","OTHER",0,0,"353","DIAGNOSED",68.7890411,"BRAIN","BRAIN","BRAIN","YES","YES","YES","AFTER","NO","YES","","NO","WHITE","","","","","","","","","True",68,"OTHER","Non-RAAS/LAAS",0,6,0.2,4,0.133333333333333,0,0,0,0,0,0,0,0,0,0,0,0,0,0,0,0,0,0,0,0,1,0,0,0,0,0,0,0,0,0,0,0,0,0,0,0,0,0,0,0,0,0,0,0,0,0,0,0,0,0,0,0,0,0,0,0,0,0,0,0,0
"RP-1447_ASCProject_0367_T1_v2_Exome_OnPrem","ASCProject_0367_T1","Tumor","ASCProject_0367","DNA","T1","ASCProject_0367_T1","","",65,"HEADFACENECKSCALP","RESECTION","YES (FOCAL)","YES","NO","HIGH","ASCProject_0367","HNFS","Lung","HNFS","Scalp","Lung","Lung",NA,3,"68","M","HNFS","FRONTAL SCALP",0,"NO",1,0,"","","","","","","","308","LUNG","LUNG","354","HNFS",0,1,"367","DIAGNOSED",68.69315068,"SCALP","SCALP","NED","YES","YES","YES","AFTER","NO","NO","NO","NO","WHITE","","","","","","","","","True",68,"HNFS","Non-RAAS/LAAS",1,2216,73.8666666666667,1206,40.2,0,0,0,0,0,0,0,1,0,0,0,0,0,0,0,0,0,0,0,0,0,0,0,0,0,0,0,0,0,0,0,0,0,0,0,0,0,0,0,0,0,0,0,0,0,0,0,0,0,0,0,0,0,0,0,0,0,0,0,0,1
"RP-1447_ASCProject_0375_T1_v2_Exome_OnPrem","ASCProject_0375_T1","Tumor","ASCProject_0375","DNA","T1","ASCProject_0375_T1","","",58,"HEADFACENECKSCALP","OTHER","YES","NO","YES","HIGH","ASCProject_0375","HNFS","No Mets","HNFS","Nose","No Mets","No Mets",NA,3,"54","M","HNFS","LEFT NOSTRIL",0,"NO",1,1,"HNFS","210","","","","","","","NO METS","NO METS","498","HNFS",0,0,"375","DIAGNOSED",54.62191781,"HEADFACENECK","HEADFACENECK","NED","YES","NO","YES","AFTER","YES","NO","NO","NO","WHITE","","","","","","","","","True",54,"HNFS","Non-RAAS/LAAS",0,205,6.83333333333333,113,3.76666666666667,0,0,0,0,0,0,0,1,0,0,0,0,0,0,0,0,0,0,0,0,0,0,0,0,0,0,0,0,0,0,0,0,0,0,0,0,0,0,0,0,0,0,0,0,0,0,0,0,0,0,0,0,0,0,0,0,0,0,0,0,1
"RP-1447_ASCProject_0375_T2_v2_Exome_OnPrem","ASCProject_0375_T2","Tumor","ASCProject_0375","DNA","T2","ASCProject_0375_T2","","",210,"HEADFACENECKSCALP","RESECTION","YES","NO","YES","HIGH","ASCProject_0375","HNFS","No Mets","HNFS","Nose","No Mets","No Mets",NA,3,"54","M","HNFS","LEFT NOSTRIL",0,"NO",1,1,"HNFS","210","","","","","","","NO METS","NO METS","498","HNFS",0,0,"375","DIAGNOSED",54.62191781,"HEADFACENECK","HEADFACENECK","NED","YES","NO","YES","AFTER","YES","NO","NO","NO","WHITE","","","","","","","","","True",54,"HNFS","Non-RAAS/LAAS",0,228,7.6,121,4.03333333333333,0,0,0,0,0,0,0,1,0,0,0,0,0,0,0,0,0,0,0,0,0,0,0,0,0,0,0,0,0,0,0,0,0,0,0,0,0,0,0,0,0,0,0,0,0,0,0,0,0,0,0,0,0,0,0,0,0,0,0,0,1
"RP-1447_ASCProject_0385_T3_v1_Exome_OnPrem","ASCProject_0385_T3","Tumor","ASCProject_0385","DNA","T3","ASCProject_0385_T3","","",336,"CHEST","resection","YES","YES","NO","HIGH","ASCProject_0385","Breast (Cutaneous)","No Mets","Breast (Cutaneous)","Breast","No Mets","No Mets",NA,3,"65","F","BREAST (CUTANEOUS)","LEFT BREAST",1,"NO",1,1,"LEFT CHEST WALL","321","","","","","","","NO METS","NO METS","673","BREAST (CUTANEOUS)",0,0,"385","DIAGNOSED",65.18630137,"BREAST","BREAST","BREAST","YES","NO","NO","","YES","YES","YES","NO","WHITE","","","","","","","","","True",65,"BREAST (CUTANEOUS)","RAAS",0,53,1.76666666666667,36,1.2,0,0,0,0,0,0,0,0,0,0,0,0,0,0,0,0,0,0,0,0,1,0,0,0,0,0,0,0,0,0,0,0,0,0,0,0,0,0,0,0,0,0,0,0,0,0,0,0,0,0,0,0,0,0,0,0,0,0,0,0,0
"RP-1447_ASCProject_0387_T1_v1_Exome_OnPrem","ASCProject_0387_T1","Tumor","ASCProject_0387","DNA","T1","ASCProject_0387_T1","","",15,"BREAST","Biopsy","YES (FOCAL)","YES","YES","HIGH","ASCProject_0387","Breast (Cutaneous)","No Mets","Breast (Cutaneous)","Breast","No Mets","No Mets",NA,3,"66","F","BREAST (CUTANEOUS)","LEFT BREAST",1,"NO",1,0,"","","","","","","","","NO METS","NO METS","249","BREAST (CUTANEOUS)",0,0,"387","DIAGNOSED",66.1260274,"BREAST","BREAST","NED","YES","YES","","","NO","YES","YES","NO","NATIVE_HAWAIIAN,WHITE","","","","","","","","","True",66,"BREAST (CUTANEOUS)","RAAS",0,225,7.5,155,5.16666666666667,0,0,0,0,0,0,0,0,0,0,0,0,0,0,0,0,0,0,0,0,1,0,0,0,0,0,0,0,0,0,0,0,0,0,0,0,0,0,0,0,0,0,0,0,0,0,0,0,0,0,0,0,0,0,0,0,0,0,0,0,0
